Date,price_24k,price_22k,price_18k
2004-01-05,620.37,568.26,465.28
2004-01-06,619.16,567.15,464.37
2004-01-07,615.65,563.93,461.74
2004-01-08,619.82,567.75,464.86
2004-01-09,621.72,569.5,466.29
2004-01-12,621.48,569.27,466.11
2004-01-13,617.27,565.42,462.95
2004-01-14,614.56,562.93,460.92
2004-01-15,595.45,545.43,446.59
2004-01-16,592.66,542.87,444.49
2004-01-20,601.44,550.92,451.08
2004-01-21,598.83,548.53,449.12
2004-01-22,597.41,547.23,448.06
2004-01-23,593.34,543.5,445.01
2004-01-26,591.23,541.57,443.42
2004-01-27,596.75,546.63,447.56
2004-01-28,603.06,552.41,452.3
2004-01-29,580.01,531.29,435.01
2004-01-30,581.95,533.06,436.46
2004-02-02,579.08,530.43,434.31
2004-02-03,580.23,531.49,435.17
2004-02-04,582.85,533.89,437.14
2004-02-05,578.6,530.0,433.95
2004-02-06,586.1,536.87,439.58
2004-02-09,591.06,541.41,443.3
2004-02-10,590.38,540.78,442.78
2004-02-11,595.95,545.89,446.96
2004-02-12,601.19,550.69,450.9
2004-02-13,598.39,548.13,448.79
2004-02-17,604.54,553.76,453.4
2004-02-18,598.76,548.47,449.07
2004-02-19,595.45,545.43,446.59
2004-02-20,577.28,528.79,432.96
2004-02-23,579.47,530.8,434.6
2004-02-24,587.98,538.59,440.99
2004-02-25,575.0,526.7,431.25
2004-02-26,574.77,526.49,431.08
2004-02-27,576.0,527.62,432.0
2004-03-01,579.92,531.21,434.94
2004-03-02,571.57,523.56,428.68
2004-03-03,569.61,521.76,427.21
2004-03-04,571.33,523.34,428.5
2004-03-05,583.05,534.07,437.28
2004-03-08,581.9,533.02,436.42
2004-03-09,586.47,537.2,439.85
2004-03-10,580.11,531.39,435.09
2004-03-11,582.1,533.2,436.57
2004-03-12,574.09,525.86,430.56
2004-03-15,580.03,531.31,435.02
2004-03-16,584.11,535.05,438.08
2004-03-17,590.93,541.29,443.2
2004-03-18,596.75,546.63,447.57
2004-03-19,597.99,547.76,448.49
2004-03-22,604.85,554.05,453.64
2004-03-23,604.79,553.99,453.6
2004-03-24,598.98,548.67,449.24
2004-03-25,598.31,548.05,448.73
2004-03-26,603.87,553.15,452.91
2004-03-29,589.77,540.23,442.33
2004-03-30,594.01,544.12,445.51
2004-03-31,595.32,545.32,446.49
2004-04-01,596.56,546.44,447.42
2004-04-02,592.34,542.59,444.26
2004-04-05,581.87,532.99,436.4
2004-04-06,587.58,538.22,440.68
2004-04-07,589.69,540.16,442.27
2004-04-08,587.59,538.23,440.69
2004-04-12,587.87,538.49,440.9
2004-04-13,570.98,523.02,428.23
2004-04-14,561.3,514.15,420.98
2004-04-15,560.14,513.09,420.11
2004-04-16,563.77,516.42,422.83
2004-04-19,564.0,516.62,423.0
2004-04-20,560.91,513.79,420.68
2004-04-21,552.61,506.19,414.46
2004-04-22,555.6,508.93,416.7
2004-04-23,560.31,513.24,420.23
2004-04-26,560.31,513.24,420.23
2004-04-27,564.79,517.35,423.6
2004-04-28,546.51,500.61,409.88
2004-04-29,550.86,504.59,413.15
2004-04-30,551.0,504.71,413.25
2004-05-03,551.1,504.8,413.32
2004-05-04,563.36,516.04,422.52
2004-05-05,563.62,516.28,422.72
2004-05-06,556.24,509.51,417.18
2004-05-07,542.19,496.64,406.64
2004-05-10,546.98,501.03,410.23
2004-05-11,547.35,501.37,410.51
2004-05-12,549.8,503.62,412.35
2004-05-13,544.18,498.47,408.14
2004-05-14,550.04,503.84,412.53
2004-05-17,554.31,507.75,415.73
2004-05-18,547.91,501.88,410.93
2004-05-19,554.93,508.32,416.2
2004-05-20,548.85,502.75,411.64
2004-05-21,559.08,512.12,419.31
2004-05-24,560.15,513.1,420.11
2004-05-25,565.18,517.71,423.89
2004-05-26,565.11,517.64,423.83
2004-05-27,575.04,526.74,431.28
2004-05-28,573.72,525.53,430.29
2004-06-01,575.61,527.26,431.71
2004-06-02,569.64,521.79,427.23
2004-06-03,562.81,515.53,422.1
2004-06-04,566.19,518.63,424.64
2004-06-07,568.89,521.11,426.67
2004-06-08,564.76,517.32,423.57
2004-06-09,554.15,507.6,415.61
2004-06-10,558.18,511.29,418.63
2004-06-14,558.08,511.2,418.56
2004-06-15,564.8,517.36,423.6
2004-06-16,560.46,513.38,420.35
2004-06-17,568.01,520.29,426.0
2004-06-18,578.08,529.52,433.56
2004-06-21,579.76,531.06,434.82
2004-06-22,585.03,535.89,438.77
2004-06-23,578.37,529.79,433.78
2004-06-24,592.92,543.11,444.69
2004-06-25,591.77,542.06,443.83
2004-06-28,589.73,540.19,442.29
2004-06-29,579.32,530.66,434.49
2004-06-30,579.22,530.56,434.41
2004-07-01,582.93,533.97,437.2
2004-07-02,583.82,534.78,437.87
2004-07-06,579.24,530.58,434.43
2004-07-07,591.46,541.77,443.59
2004-07-08,598.55,548.27,448.91
2004-07-09,597.53,547.34,448.15
2004-07-12,598.13,547.89,448.6
2004-07-13,591.34,541.67,443.5
2004-07-14,597.85,547.63,448.39
2004-07-15,598.17,547.93,448.63
2004-07-16,602.48,551.88,451.86
2004-07-19,599.74,549.36,449.8
2004-07-20,593.22,543.39,444.92
2004-07-21,587.37,538.03,440.53
2004-07-22,585.83,536.62,439.38
2004-07-23,578.99,530.36,434.24
2004-07-26,579.62,530.94,434.72
2004-07-27,573.73,525.54,430.3
2004-07-28,578.64,530.04,433.98
2004-07-29,576.22,527.81,432.16
2004-07-30,581.42,532.58,436.06
2004-08-02,582.18,533.28,436.64
2004-08-03,585.37,536.2,439.03
2004-08-04,583.88,534.84,437.91
2004-08-05,583.59,534.57,437.69
2004-08-06,593.71,543.84,445.28
2004-08-09,596.47,546.37,447.36
2004-08-10,594.56,544.61,445.92
2004-08-11,587.6,538.24,440.7
2004-08-12,585.55,536.37,439.16
2004-08-13,592.88,543.08,444.66
2004-08-16,598.87,548.56,449.15
2004-08-17,601.2,550.7,450.9
2004-08-18,601.27,550.77,450.95
2004-08-19,605.61,554.74,454.21
2004-08-20,613.87,562.31,460.4
2004-08-23,609.08,557.92,456.81
2004-08-24,598.67,548.38,449.0
2004-08-25,606.47,555.53,454.85
2004-08-26,606.09,555.18,454.57
2004-08-27,599.42,549.07,449.57
2004-08-30,606.11,555.2,454.58
2004-08-31,610.57,559.28,457.93
2004-09-01,607.82,556.76,455.87
2004-09-02,603.7,552.99,452.77
2004-09-03,595.27,545.27,446.46
2004-09-07,591.38,541.71,443.54
2004-09-08,593.82,543.94,445.36
2004-09-09,592.25,542.5,444.19
2004-09-10,596.02,545.96,447.02
2004-09-13,599.31,548.97,449.48
2004-09-14,596.94,546.8,447.7
2004-09-15,595.73,545.68,446.79
2004-09-16,596.82,546.69,447.61
2004-09-17,597.39,547.2,448.04
2004-09-20,597.46,547.27,448.09
2004-09-21,600.84,550.37,450.63
2004-09-22,598.43,548.16,448.82
2004-09-23,604.36,553.6,453.27
2004-09-24,601.57,551.04,451.18
2004-09-27,602.43,551.82,451.82
2004-09-28,609.28,558.1,456.96
2004-09-29,608.77,557.63,456.58
2004-09-30,616.66,564.86,462.49
2004-10-01,619.85,567.78,464.88
2004-10-04,608.95,557.8,456.71
2004-10-05,615.34,563.65,461.51
2004-10-06,615.4,563.7,461.55
2004-10-07,614.81,563.16,461.11
2004-10-08,620.92,568.76,465.69
2004-10-11,619.29,567.27,464.47
2004-10-12,610.88,559.56,458.16
2004-10-13,608.0,556.93,456.0
2004-10-14,615.63,563.91,461.72
2004-10-15,615.89,564.16,461.92
2004-10-18,612.19,560.76,459.14
2004-10-19,617.24,565.4,462.93
2004-10-20,622.07,569.81,466.55
2004-10-21,622.9,570.57,467.17
2004-10-22,622.63,570.33,466.97
2004-10-25,627.4,574.7,470.55
2004-10-26,625.32,572.79,468.99
2004-10-27,622.26,569.99,466.69
2004-10-28,622.69,570.39,467.02
2004-10-29,624.22,571.78,468.16
2004-11-01,622.65,570.35,466.99
2004-11-02,612.93,561.44,459.7
2004-11-03,617.48,565.62,463.11
2004-11-04,623.27,570.92,467.45
2004-11-05,626.61,573.98,469.96
2004-11-08,627.43,574.72,470.57
2004-11-09,631.44,578.4,473.58
2004-11-10,628.71,575.9,471.53
2004-11-11,630.24,577.3,472.68
2004-11-12,633.97,580.72,475.48
2004-11-15,631.85,578.78,473.89
2004-11-16,636.73,583.25,477.55
2004-11-17,641.47,587.59,481.1
2004-11-18,639.63,585.91,479.73
2004-11-19,645.56,591.33,484.17
2004-11-22,648.18,593.73,486.13
2004-11-23,647.24,592.87,485.43
2004-11-24,649.5,594.95,487.13
2004-11-29,652.25,597.46,489.19
2004-11-30,644.72,590.56,483.54
2004-12-01,645.6,591.37,484.2
2004-12-02,636.41,582.95,477.31
2004-12-03,644.94,590.77,483.71
2004-12-06,636.83,583.34,477.62
2004-12-07,633.47,580.26,475.1
2004-12-08,615.17,563.5,461.38
2004-12-09,617.23,565.38,462.92
2004-12-10,621.75,569.52,466.31
2004-12-13,621.33,569.14,466.0
2004-12-14,616.51,564.72,462.38
2004-12-15,622.59,570.29,466.94
2004-12-16,613.66,562.11,460.24
2004-12-17,623.28,570.93,467.46
2004-12-20,622.58,570.28,466.93
2004-12-21,620.01,567.93,465.01
2004-12-22,619.61,567.56,464.7
2004-12-23,619.31,567.29,464.49
2004-12-27,624.25,571.82,468.19
2004-12-28,623.24,570.88,467.43
2004-12-29,610.19,558.94,457.64
2004-12-30,614.08,562.49,460.56
2005-01-03,598.4,548.14,448.8
2005-01-04,599.16,548.83,449.37
2005-01-05,597.84,547.63,448.38
2005-01-06,593.23,543.4,444.92
2005-01-07,590.33,540.74,442.74
2005-01-10,590.08,540.52,442.56
2005-01-11,590.44,540.85,442.83
2005-01-12,596.35,546.26,447.26
2005-01-13,594.68,544.73,446.01
2005-01-14,591.32,541.65,443.49
2005-01-18,594.32,544.4,445.74
2005-01-19,591.86,542.15,443.9
2005-01-20,593.19,543.37,444.9
2005-01-21,596.78,546.65,447.58
2005-01-24,598.14,547.9,448.61
2005-01-25,592.36,542.6,444.27
2005-01-26,599.24,548.9,449.43
2005-01-27,598.67,548.38,449.0
2005-01-28,596.92,546.77,447.69
2005-01-31,592.08,542.35,444.06
2005-02-01,589.87,540.32,442.4
2005-02-02,585.41,536.24,439.06
2005-02-03,579.96,531.24,434.97
2005-02-04,576.19,527.79,432.15
2005-02-07,576.58,528.15,432.44
2005-02-08,578.64,530.03,433.98
2005-02-09,579.32,530.66,434.49
2005-02-10,585.36,536.19,439.02
2005-02-11,590.53,540.92,442.89
2005-02-14,598.24,547.99,448.68
2005-02-15,598.93,548.62,449.2
2005-02-16,597.0,546.85,447.75
2005-02-17,599.25,548.91,449.44
2005-02-18,599.38,549.04,449.54
2005-02-22,608.79,557.65,456.59
2005-02-23,610.47,559.19,457.85
2005-02-24,609.07,557.91,456.8
2005-02-25,609.48,558.28,457.11
2005-02-28,611.31,559.96,458.48
2005-03-01,607.38,556.36,455.54
2005-03-02,607.24,556.23,455.43
2005-03-03,602.35,551.75,451.76
2005-03-04,608.19,557.1,456.14
2005-03-07,609.56,558.36,457.17
2005-03-08,616.63,564.84,462.48
2005-03-09,619.44,567.41,464.58
2005-03-10,619.28,567.26,464.46
2005-03-11,622.73,570.42,467.05
2005-03-14,616.34,564.56,462.25
2005-03-15,616.34,564.57,462.26
2005-03-16,621.25,569.07,465.94
2005-03-17,614.25,562.65,460.69
2005-03-18,615.09,563.42,461.32
2005-03-21,603.61,552.91,452.71
2005-03-22,605.28,554.43,453.96
2005-03-23,596.85,546.72,447.64
2005-03-24,595.88,545.82,446.91
2005-03-28,597.7,547.49,448.27
2005-03-29,597.84,547.62,448.38
2005-03-31,601.08,550.59,450.81
2005-04-01,595.51,545.49,446.63
2005-04-04,594.89,544.92,446.17
2005-04-05,595.73,545.69,446.8
2005-04-06,599.8,549.41,449.85
2005-04-07,598.13,547.89,448.6
2005-04-08,599.12,548.79,449.34
2005-04-11,601.38,550.86,451.03
2005-04-12,599.67,549.3,449.75
2005-04-13,602.88,552.24,452.16
2005-04-14,594.35,544.43,445.76
2005-04-15,596.95,546.81,447.71
2005-04-18,599.53,549.17,449.65
2005-04-19,607.94,556.87,455.96
2005-04-20,609.91,558.68,457.43
2005-04-21,608.08,557.0,456.06
2005-04-22,608.93,557.78,456.7
2005-04-25,609.63,558.42,457.22
2005-04-26,614.12,562.53,460.59
2005-04-27,606.69,555.73,455.02
2005-04-29,606.69,555.73,455.02
2005-05-02,600.68,550.22,450.51
2005-05-03,597.04,546.89,447.78
2005-05-04,599.43,549.08,449.57
2005-05-05,599.03,548.71,449.27
2005-05-06,594.97,544.99,446.22
2005-05-09,595.24,545.24,446.43
2005-05-10,595.54,545.52,446.66
2005-05-11,593.62,543.75,445.21
2005-05-12,586.11,536.87,439.58
2005-05-13,586.32,537.07,439.74
2005-05-16,584.51,535.41,438.38
2005-05-17,585.48,536.3,439.11
2005-05-18,587.87,538.48,440.9
2005-05-19,586.47,537.21,439.85
2005-05-20,581.42,532.58,436.07
2005-05-23,581.57,532.72,436.18
2005-05-24,583.63,534.6,437.72
2005-05-25,585.18,536.02,438.88
2005-05-26,584.6,535.49,438.45
2005-05-27,587.11,537.8,440.34
2005-05-31,583.83,534.78,437.87
2005-06-01,583.76,534.72,437.82
2005-06-02,593.89,544.0,445.42
2005-06-03,593.39,543.54,445.04
2005-06-06,596.76,546.63,447.57
2005-06-07,593.83,543.95,445.38
2005-06-08,592.87,543.07,444.66
2005-06-09,592.72,542.93,444.54
2005-06-10,597.33,547.16,448.0
2005-06-13,600.95,550.47,450.71
2005-06-14,598.98,548.67,449.24
2005-06-15,600.12,549.71,450.09
2005-06-16,609.77,558.55,457.33
2005-06-17,612.85,561.37,459.63
2005-06-20,612.85,561.37,459.63
2005-06-21,613.54,562.01,460.16
2005-06-22,611.58,560.21,458.69
2005-06-23,617.46,565.59,463.09
2005-06-24,615.92,564.19,461.94
2005-06-27,614.65,563.02,460.99
2005-06-28,610.05,558.81,457.54
2005-06-30,609.07,557.91,456.8
2005-07-01,598.3,548.05,448.73
2005-07-05,591.45,541.77,443.59
2005-07-06,592.29,542.54,444.22
2005-07-07,592.83,543.03,444.62
2005-07-08,591.99,542.27,444.0
2005-07-11,594.54,544.6,445.9
2005-07-12,595.66,545.62,446.74
2005-07-13,591.65,541.95,443.74
2005-07-14,585.76,536.55,439.32
2005-07-15,587.97,538.58,440.98
2005-07-18,587.47,538.12,440.6
2005-07-19,587.24,537.92,440.43
2005-07-20,589.09,539.61,441.82
2005-07-21,588.11,538.71,441.08
2005-07-22,593.28,543.45,444.96
2005-07-25,594.82,544.85,446.11
2005-07-26,590.92,541.29,443.19
2005-07-27,591.78,542.07,443.84
2005-07-28,595.13,545.14,446.35
2005-07-29,599.17,548.84,449.37
2005-08-01,602.37,551.77,451.78
2005-08-02,602.65,552.03,451.99
2005-08-03,609.2,558.03,456.9
2005-08-04,610.89,559.58,458.17
2005-08-05,610.32,559.06,457.74
2005-08-08,607.25,556.24,455.44
2005-08-09,606.56,555.6,454.92
2005-08-10,609.77,558.55,457.33
2005-08-11,623.06,570.72,467.29
2005-08-12,624.53,572.07,468.4
2005-08-15,617.59,565.71,463.19
2005-08-16,623.18,570.83,467.38
2005-08-17,614.66,563.03,460.99
2005-08-18,614.67,563.03,461.0
2005-08-19,611.73,560.34,458.8
2005-08-22,613.41,561.89,460.06
2005-08-23,615.66,563.94,461.74
2005-08-24,614.4,562.79,460.8
2005-08-25,615.95,564.21,461.96
2005-08-26,613.13,561.63,459.85
2005-08-29,613.42,561.89,460.06
2005-08-30,605.16,554.33,453.87
2005-08-31,613.39,561.86,460.04
2005-09-01,624.27,571.83,468.2
2005-09-02,625.52,572.98,469.14
2005-09-06,625.95,573.37,469.46
2005-09-07,626.79,574.14,470.1
2005-09-08,628.76,575.94,471.57
2005-09-09,631.71,578.64,473.78
2005-09-12,633.12,579.94,474.84
2005-09-13,628.63,575.82,471.47
2005-09-14,633.7,580.47,475.27
2005-09-15,641.44,587.56,481.08
2005-09-16,647.36,592.99,485.52
2005-09-19,657.66,602.41,493.24
2005-09-20,657.1,601.91,492.83
2005-09-21,660.91,605.39,495.68
2005-09-22,657.82,602.56,493.36
2005-09-23,653.45,598.56,490.08
2005-09-26,656.83,601.66,492.62
2005-09-27,652.92,598.08,489.69
2005-09-28,664.45,608.64,498.34
2005-09-29,667.08,611.04,500.31
2005-09-30,662.41,606.76,496.81
2005-10-03,660.26,604.8,495.19
2005-10-04,659.96,604.52,494.97
2005-10-05,662.36,606.72,496.77
2005-10-06,669.69,613.43,502.27
2005-10-07,676.71,619.87,507.54
2005-10-10,683.55,626.13,512.66
2005-10-11,688.11,630.31,516.08
2005-10-12,681.82,624.55,511.37
2005-10-13,679.61,622.52,509.71
2005-10-14,674.61,617.94,505.95
2005-10-17,683.02,625.65,512.27
2005-10-18,683.33,625.93,512.5
2005-10-19,671.92,615.48,503.94
2005-10-20,668.75,612.57,501.56
2005-10-21,675.8,619.03,506.85
2005-10-24,673.5,616.93,505.13
2005-10-25,682.52,625.19,511.89
2005-10-26,680.81,623.63,510.61
2005-10-27,685.33,627.77,514.0
2005-10-28,684.48,626.98,513.36
2005-10-31,673.5,616.92,505.12
2005-11-01,663.78,608.03,497.84
2005-11-02,672.1,615.64,504.08
2005-11-03,668.62,612.46,501.47
2005-11-04,666.62,610.63,499.97
2005-11-07,675.58,618.83,506.69
2005-11-08,677.49,620.58,508.12
2005-11-09,684.83,627.3,513.62
2005-11-10,685.42,627.84,514.06
2005-11-11,684.76,627.24,513.57
2005-11-14,687.17,629.45,515.38
2005-11-15,685.67,628.07,514.25
2005-11-16,702.76,643.73,527.07
2005-11-17,713.43,653.5,535.07
2005-11-18,713.49,653.55,535.11
2005-11-21,717.85,657.55,538.39
2005-11-22,724.4,663.55,543.3
2005-11-23,722.72,662.01,542.04
2005-11-28,734.55,672.85,550.91
2005-11-29,734.93,673.19,551.19
2005-11-30,729.25,668.0,546.94
2005-12-01,741.71,679.41,556.28
2005-12-02,746.13,683.45,559.6
2005-12-05,756.56,693.01,567.42
2005-12-06,756.52,692.97,567.39
2005-12-07,763.26,699.15,572.45
2005-12-08,770.85,706.1,578.14
2005-12-09,781.26,715.64,585.95
2005-12-12,780.79,715.2,585.59
2005-12-13,770.86,706.11,578.14
2005-12-14,742.24,679.89,556.68
2005-12-15,732.6,671.06,549.45
2005-12-16,734.23,672.56,550.68
2005-12-19,733.13,671.55,549.85
2005-12-20,717.8,657.51,538.35
2005-12-21,714.85,654.8,536.14
2005-12-22,730.85,669.46,548.14
2005-12-23,729.35,668.08,547.01
2005-12-27,736.27,674.43,552.2
2005-12-28,744.27,681.75,558.2
2005-12-29,747.93,685.1,560.95
2005-12-30,747.63,684.83,560.72
2006-01-03,765.42,701.12,574.06
2006-01-04,766.94,702.52,575.21
2006-01-05,755.86,692.37,566.89
2006-01-06,768.51,703.95,576.38
2006-01-09,781.36,715.73,586.02
2006-01-10,773.13,708.19,579.85
2006-01-11,774.94,709.84,581.2
2006-01-12,774.58,709.52,580.94
2006-01-13,787.93,721.74,590.95
2006-01-17,786.42,720.36,589.81
2006-01-18,774.2,709.17,580.65
2006-01-19,792.8,726.21,594.6
2006-01-20,785.67,719.67,589.25
2006-01-23,791.05,724.6,593.28
2006-01-24,791.99,725.46,593.99
2006-01-25,795.67,728.83,596.75
2006-01-26,791.59,725.1,593.69
2006-01-27,789.19,722.9,591.89
2006-01-30,800.76,733.5,600.57
2006-01-31,805.64,737.96,604.23
2006-02-01,806.96,739.17,605.22
2006-02-02,812.82,744.54,609.62
2006-02-03,804.12,736.58,603.09
2006-02-06,809.19,741.22,606.89
2006-02-07,783.01,717.23,587.25
2006-02-08,780.31,714.77,585.23
2006-02-09,800.19,732.98,600.14
2006-02-10,778.86,713.44,584.15
2006-02-13,765.09,700.82,573.81
2006-02-14,774.88,709.79,581.16
2006-02-15,766.25,701.89,574.69
2006-02-16,776.6,711.37,582.45
2006-02-17,786.13,720.09,589.6
2006-02-21,789.26,722.97,591.95
2006-02-22,792.11,725.58,594.08
2006-02-23,783.89,718.05,587.92
2006-02-24,795.71,728.87,596.78
2006-02-27,792.01,725.48,594.01
2006-02-28,798.97,731.86,599.23
2006-03-01,802.22,734.83,601.66
2006-03-02,807.08,739.29,605.31
2006-03-03,803.96,736.42,602.97
2006-03-06,789.44,723.13,592.08
2006-03-07,785.42,719.45,589.07
2006-03-08,774.07,709.04,580.55
2006-03-09,779.75,714.25,584.81
2006-03-10,771.62,706.81,578.72
2006-03-13,779.38,713.91,584.53
2006-03-14,786.48,720.42,589.86
2006-03-15,784.21,718.34,588.16
2006-03-16,790.51,724.11,592.88
2006-03-17,787.5,721.35,590.62
2006-03-20,791.83,725.32,593.87
2006-03-21,786.77,720.68,590.08
2006-03-22,786.41,720.35,589.8
2006-03-23,786.54,720.47,589.9
2006-03-24,800.6,733.35,600.45
2006-03-27,812.83,744.56,609.63
2006-03-28,812.31,744.08,609.24
2006-03-29,821.27,752.28,615.95
2006-03-30,838.64,768.2,628.98
2006-03-31,832.91,762.94,624.68
2006-04-03,843.85,772.96,632.88
2006-04-04,840.28,769.7,630.21
2006-04-05,842.25,771.5,631.69
2006-04-06,850.41,778.97,637.81
2006-04-07,842.76,771.96,632.07
2006-04-10,858.06,785.99,643.55
2006-04-11,856.15,784.23,642.11
2006-04-12,865.61,792.89,649.2
2006-04-13,863.77,791.22,647.83
2006-04-17,890.9,816.07,668.18
2006-04-18,897.94,822.51,673.46
2006-04-19,917.27,840.22,687.95
2006-04-20,898.71,823.22,674.03
2006-04-21,914.68,837.84,686.01
2006-04-24,894.42,819.29,670.82
2006-04-25,909.27,832.89,681.95
2006-04-26,924.62,846.95,693.46
2006-04-27,912.18,835.55,684.13
2006-04-28,940.94,861.9,705.7
2006-05-01,946.19,866.71,709.64
2006-05-02,957.4,876.98,718.05
2006-05-03,959.13,878.56,719.35
2006-05-04,973.04,891.3,729.78
2006-05-05,981.95,899.47,736.46
2006-05-08,975.4,893.47,731.55
2006-05-09,1006.73,922.17,755.05
2006-05-10,1013.82,928.66,760.37
2006-05-11,1037.23,950.1,777.92
2006-05-12,1023.65,937.67,767.74
2006-05-15,994.47,910.94,745.85
2006-05-16,1000.34,916.31,750.25
2006-05-17,990.68,907.46,743.01
2006-05-18,991.97,908.65,743.98
2006-05-19,956.33,876.0,717.25
2006-05-22,956.66,876.3,717.5
2006-05-23,981.91,899.43,736.43
2006-05-24,935.53,856.94,701.65
2006-05-25,954.12,873.98,715.59
2006-05-26,957.51,877.08,718.13
2006-05-30,968.76,887.38,726.57
2006-05-31,953.52,873.42,715.14
2006-06-01,930.6,852.43,697.95
2006-06-02,931.57,853.32,698.68
2006-06-05,944.63,865.28,708.47
2006-06-06,927.81,849.87,695.85
2006-06-07,922.44,844.95,691.83
2006-06-08,896.12,820.84,672.09
2006-06-09,896.75,821.42,672.56
2006-06-12,893.91,818.82,670.43
2006-06-13,830.81,761.03,623.11
2006-06-14,828.35,758.77,621.26
2006-06-15,834.36,764.27,625.77
2006-06-16,852.02,780.45,639.01
2006-06-19,837.93,767.54,628.44
2006-06-20,850.6,779.15,637.95
2006-06-21,865.85,793.12,649.39
2006-06-22,859.54,787.34,644.65
2006-06-23,863.85,791.28,647.88
2006-06-26,869.66,796.6,652.24
2006-06-27,865.01,792.35,648.76
2006-06-28,860.84,788.53,645.63
2006-06-29,872.3,799.02,654.22
2006-06-30,903.48,827.59,677.61
2006-07-05,926.73,848.88,695.04
2006-07-06,936.57,857.9,702.43
2006-07-07,931.49,853.25,698.62
2006-07-10,923.0,845.47,692.25
2006-07-11,951.18,871.28,713.38
2006-07-12,960.84,880.13,720.63
2006-07-13,970.21,888.72,727.66
2006-07-14,992.87,909.46,744.65
2006-07-17,974.33,892.48,730.74
2006-07-18,940.53,861.52,705.39
2006-07-19,965.39,884.29,724.04
2006-07-20,949.68,869.9,712.26
2006-07-21,928.0,850.05,696.0
2006-07-24,922.85,845.33,692.14
2006-07-25,927.69,849.76,695.76
2006-07-26,932.89,854.53,699.67
2006-07-27,946.26,866.77,709.69
2006-07-28,948.32,868.66,711.24
2006-07-31,946.5,867.0,709.88
2006-08-01,964.98,883.92,723.73
2006-08-02,974.15,892.32,730.61
2006-08-03,962.64,881.78,721.98
2006-08-04,961.38,880.62,721.03
2006-08-07,968.47,887.12,726.35
2006-08-08,963.25,882.34,722.44
2006-08-09,970.41,888.9,727.81
2006-08-10,945.34,865.93,709.01
2006-08-11,945.56,866.13,709.17
2006-08-14,939.37,860.46,704.53
2006-08-15,929.44,851.37,697.08
2006-08-16,939.27,860.37,704.45
2006-08-17,915.93,838.99,686.95
2006-08-18,912.97,836.28,684.73
2006-08-21,933.19,854.81,699.9
2006-08-22,931.55,853.3,698.66
2006-08-23,930.27,852.13,697.7
2006-08-24,925.12,847.41,693.84
2006-08-25,928.86,850.83,696.64
2006-08-28,919.68,842.43,689.76
2006-08-29,910.92,834.4,683.19
2006-08-30,919.26,842.04,689.44
2006-08-31,935.24,856.68,701.43
2006-09-01,933.64,855.22,700.23
2006-09-04,928.5,850.51,696.38
2006-09-05,947.44,867.85,710.58
2006-09-06,937.9,859.12,703.43
2006-09-07,913.53,836.8,685.15
2006-09-08,904.54,828.56,678.4
2006-09-11,875.47,801.93,656.6
2006-09-12,871.46,798.26,653.59
2006-09-13,871.32,798.12,653.49
2006-09-14,855.14,783.31,641.36
2006-09-15,853.37,781.68,640.02
2006-09-18,867.86,794.96,650.89
2006-09-19,853.6,781.9,640.2
2006-09-20,858.36,786.26,643.77
2006-09-21,857.09,785.09,642.81
2006-09-22,868.29,795.35,651.22
2006-09-25,868.5,795.54,651.37
2006-09-26,872.27,799.0,654.21
2006-09-27,880.12,806.19,660.09
2006-09-28,891.41,816.53,668.56
2006-09-29,879.8,805.9,659.85
2006-10-02,878.46,804.67,658.85
2006-10-03,847.05,775.9,635.29
2006-10-04,824.51,755.25,618.38
2006-10-05,837.02,766.71,627.76
2006-10-06,837.12,766.8,627.84
2006-10-09,848.52,777.24,636.39
2006-10-10,839.73,769.2,629.8
2006-10-11,838.15,767.75,628.61
2006-10-12,843.3,772.47,632.48
2006-10-13,856.5,784.56,642.38
2006-10-16,867.17,794.33,650.38
2006-10-17,855.69,783.81,641.77
2006-10-18,856.01,784.1,642.0
2006-10-19,870.59,797.46,652.94
2006-10-20,862.4,789.96,646.8
2006-10-23,844.83,773.87,633.62
2006-10-24,848.37,777.11,636.28
2006-10-25,855.61,783.74,641.71
2006-10-26,866.7,793.9,650.03
2006-10-27,865.56,792.85,649.17
2006-10-30,871.54,798.34,653.66
2006-10-31,870.8,797.65,653.1
2006-11-01,886.38,811.92,664.78
2006-11-02,901.18,825.48,675.88
2006-11-03,902.98,827.13,677.23
2006-11-06,901.59,825.86,676.2
2006-11-07,900.34,824.71,675.26
2006-11-08,884.15,809.88,663.11
2006-11-09,907.56,831.32,680.67
2006-11-10,901.3,825.59,675.97
2006-11-13,899.11,823.58,674.33
2006-11-14,904.31,828.35,678.23
2006-11-15,904.48,828.51,678.36
2006-11-16,893.28,818.25,669.96
2006-11-17,894.64,819.49,670.98
2006-11-20,897.44,822.06,673.08
2006-11-21,906.81,830.64,680.11
2006-11-22,900.98,825.3,675.74
2006-11-24,900.09,824.48,675.07
2006-11-28,913.67,836.93,685.26
2006-11-29,911.54,834.97,683.66
2006-11-30,926.59,848.75,694.94
2006-12-01,921.03,843.66,690.77
2006-12-04,923.86,846.26,692.89
2006-12-05,918.82,841.64,689.11
2006-12-06,904.39,828.42,678.29
2006-12-07,905.57,829.5,679.18
2006-12-08,895.06,819.88,671.3
2006-12-11,905.25,829.21,678.94
2006-12-12,902.58,826.76,676.93
2006-12-13,903.06,827.21,677.3
2006-12-14,899.95,824.35,674.96
2006-12-15,879.39,805.52,659.54
2006-12-18,882.72,808.57,662.04
2006-12-19,893.14,818.12,669.86
2006-12-20,891.35,816.48,668.51
2006-12-21,885.08,810.73,663.81
2006-12-22,881.87,807.79,661.4
2006-12-26,888.42,813.79,666.32
2006-12-27,892.5,817.53,669.37
2006-12-28,902.67,826.84,677.0
2006-12-29,899.39,823.84,674.54
2007-01-02,901.07,825.38,675.8
2007-01-03,889.35,814.65,667.02
2007-01-04,884.49,810.2,663.37
2007-01-05,858.43,786.33,643.83
2007-01-08,864.37,791.76,648.28
2007-01-09,871.45,798.25,653.59
2007-01-10,872.56,799.27,654.42
2007-01-11,874.69,801.21,656.02
2007-01-12,889.98,815.22,667.49
2007-01-16,886.09,811.66,664.57
2007-01-17,894.7,819.54,671.02
2007-01-18,888.83,814.17,666.62
2007-01-19,900.74,825.07,675.55
2007-01-22,896.8,821.47,672.6
2007-01-23,914.28,837.48,685.71
2007-01-24,917.89,840.78,688.41
2007-01-25,918.17,841.04,688.63
2007-01-26,912.04,835.43,684.03
2007-01-29,911.2,834.66,683.4
2007-01-30,910.79,834.28,683.09
2007-01-31,922.44,844.96,691.83
2007-02-01,928.82,850.8,696.61
2007-02-02,912.78,836.11,684.59
2007-02-05,920.05,842.77,690.04
2007-02-06,925.74,847.98,694.3
2007-02-07,923.06,845.52,692.29
2007-02-08,931.93,853.65,698.95
2007-02-09,941.37,862.29,706.03
2007-02-12,938.91,860.04,704.18
2007-02-13,938.34,859.52,703.76
2007-02-14,941.42,862.34,706.07
2007-02-15,944.31,864.98,708.23
2007-02-16,941.91,862.79,706.43
2007-02-20,932.03,853.74,699.02
2007-02-21,963.94,882.97,722.95
2007-02-22,964.84,883.79,723.63
2007-02-23,966.66,885.46,725.0
2007-02-26,973.31,891.55,729.98
2007-02-27,969.97,888.5,727.48
2007-02-28,947.3,867.73,710.47
2007-03-01,941.08,862.03,705.81
2007-03-02,908.21,831.92,681.16
2007-03-05,911.22,834.68,683.41
2007-03-06,913.06,836.36,684.79
2007-03-07,929.46,851.38,697.09
2007-03-08,926.69,848.85,695.02
2007-03-09,919.72,842.46,689.79
2007-03-12,918.35,841.21,688.76
2007-03-13,916.43,839.45,687.32
2007-03-14,911.42,834.86,683.56
2007-03-15,916.58,839.59,687.44
2007-03-16,920.88,843.53,690.66
2007-03-19,924.32,846.67,693.24
2007-03-20,919.14,841.93,689.35
2007-03-21,920.42,843.1,690.31
2007-03-22,926.39,848.58,694.8
2007-03-23,914.31,837.51,685.74
2007-03-26,920.44,843.13,690.33
2007-03-27,916.47,839.49,687.35
2007-03-28,923.35,845.79,692.51
2007-03-29,926.74,848.89,695.06
2007-03-30,917.54,840.47,688.16
2007-04-02,924.04,846.42,693.03
2007-04-03,918.22,841.09,688.67
2007-04-04,925.02,847.32,693.76
2007-04-05,925.48,847.74,694.11
2007-04-09,926.12,848.33,694.59
2007-04-10,926.42,848.6,694.81
2007-04-11,927.24,849.35,695.43
2007-04-12,923.59,846.01,692.69
2007-04-13,933.56,855.14,700.17
2007-04-16,926.87,849.01,695.15
2007-04-17,926.04,848.26,694.53
2007-04-18,926.86,849.0,695.14
2007-04-19,925.68,847.92,694.26
2007-04-20,923.75,846.15,692.81
2007-04-23,923.21,845.66,692.41
2007-04-24,902.18,826.4,676.64
2007-04-25,898.56,823.08,673.92
2007-04-26,883.76,809.52,662.82
2007-04-27,888.65,814.0,666.49
2007-04-30,896.34,821.05,672.26
2007-05-01,891.45,816.57,668.59
2007-05-02,885.69,811.3,664.27
2007-05-03,897.27,821.9,672.95
2007-05-04,895.14,819.95,671.35
2007-05-07,900.27,824.65,675.2
2007-05-08,896.28,820.99,672.21
2007-05-09,888.31,813.7,666.24
2007-05-10,881.34,807.31,661.01
2007-05-11,876.96,803.3,657.72
2007-05-14,873.79,800.39,655.34
2007-05-15,884.54,810.24,663.4
2007-05-16,865.13,792.45,648.84
2007-05-17,855.07,783.25,641.31
2007-05-18,856.55,784.6,642.41
2007-05-21,863.91,791.34,647.93
2007-05-22,859.11,786.94,644.33
2007-05-23,861.65,789.27,646.24
2007-05-24,850.17,778.75,637.63
2007-05-25,847.01,775.86,635.25
2007-05-29,852.85,781.21,639.63
2007-05-30,851.01,779.53,638.26
2007-05-31,861.67,789.29,646.25
2007-06-01,867.82,794.93,650.87
2007-06-04,865.45,792.75,649.09
2007-06-05,864.57,791.95,648.43
2007-06-06,871.35,798.15,653.51
2007-06-07,858.5,786.39,643.88
2007-06-08,845.9,774.85,634.43
2007-06-11,852.16,780.57,639.12
2007-06-12,845.87,774.82,634.41
2007-06-13,845.11,774.12,633.83
2007-06-14,849.65,778.28,637.23
2007-06-15,851.39,779.87,638.54
2007-06-18,852.59,780.97,639.44
2007-06-19,863.57,791.03,647.68
2007-06-20,853.89,782.16,640.42
2007-06-21,847.86,776.64,635.9
2007-06-22,850.82,779.35,638.12
2007-06-25,851.26,779.76,638.45
2007-06-26,841.3,770.63,630.98
2007-06-27,842.12,771.38,631.59
2007-06-28,847.57,776.37,635.68
2007-06-29,844.52,773.58,633.39
2007-07-02,855.51,783.64,641.63
2007-07-03,847.1,775.94,635.33
2007-07-05,842.1,771.36,631.57
2007-07-06,845.9,774.84,634.42
2007-07-09,854.29,782.53,640.71
2007-07-10,855.72,783.84,641.79
2007-07-11,855.75,783.86,641.81
2007-07-12,867.13,794.29,650.35
2007-07-13,860.52,788.24,645.39
2007-07-16,858.93,786.78,644.2
2007-07-17,861.08,788.75,645.81
2007-07-18,872.18,798.92,654.14
2007-07-19,875.12,801.61,656.34
2007-07-20,882.26,808.15,661.7
2007-07-23,876.64,803.01,657.48
2007-07-24,884.67,810.36,663.51
2007-07-25,870.91,797.75,653.18
2007-07-26,855.74,783.86,641.81
2007-07-27,855.57,783.7,641.68
2007-07-30,863.75,791.19,647.81
2007-07-31,866.19,793.43,649.64
2007-08-01,861.37,789.01,646.03
2007-08-02,857.88,785.82,643.41
2007-08-03,869.07,796.07,651.8
2007-08-06,867.65,794.77,650.74
2007-08-07,869.68,796.62,652.26
2007-08-08,872.46,799.17,654.34
2007-08-09,859.83,787.6,644.87
2007-08-10,870.65,797.51,652.98
2007-08-13,868.79,795.81,651.59
2007-08-14,873.92,800.51,655.44
2007-08-15,879.09,805.24,659.31
2007-08-16,856.51,784.57,642.39
2007-08-17,865.6,792.89,649.2
2007-08-20,866.07,793.32,649.55
2007-08-21,864.8,792.16,648.6
2007-08-22,867.96,795.06,650.97
2007-08-23,863.78,791.22,647.84
2007-08-24,877.11,803.43,657.83
2007-08-27,876.82,803.17,657.61
2007-08-28,873.51,800.14,655.13
2007-08-29,876.08,802.48,657.06
2007-08-30,876.4,802.78,657.3
2007-08-31,877.94,804.19,658.45
2007-09-04,893.4,818.36,670.05
2007-09-05,894.96,819.79,671.22
2007-09-06,907.42,831.2,680.57
2007-09-07,908.91,832.56,681.68
2007-09-10,912.15,835.53,684.11
2007-09-11,924.02,846.4,693.01
2007-09-12,921.75,844.32,691.31
2007-09-13,920.58,843.25,690.44
2007-09-14,919.07,841.87,689.3
2007-09-17,929.22,851.16,696.91
2007-09-18,925.53,847.79,694.15
2007-09-19,929.28,851.22,696.96
2007-09-20,932.82,854.46,699.62
2007-09-21,935.19,856.64,701.39
2007-09-24,928.11,850.15,696.08
2007-09-25,932.86,854.5,699.65
2007-09-26,928.02,850.07,696.02
2007-09-27,934.1,855.63,700.57
2007-09-28,945.11,865.72,708.83
2007-10-01,952.95,872.9,714.71
2007-10-02,928.52,850.53,696.39
2007-10-03,921.96,844.51,691.47
2007-10-04,930.23,852.1,697.68
2007-10-05,939.15,860.26,704.36
2007-10-08,927.14,849.26,695.35
2007-10-09,928.28,850.31,696.21
2007-10-10,932.54,854.2,699.4
2007-10-11,947.74,868.13,710.8
2007-10-12,941.07,862.02,705.8
2007-10-15,955.06,874.83,716.29
2007-10-16,952.96,872.91,714.72
2007-10-17,961.28,880.54,720.96
2007-10-18,971.72,890.1,728.79
2007-10-19,969.02,887.62,726.76
2007-10-22,963.52,882.59,722.64
2007-10-23,961.82,881.03,721.37
2007-10-24,964.14,883.15,723.1
2007-10-25,973.77,891.97,730.33
2007-10-26,988.84,905.78,741.63
2007-10-29,994.89,911.32,746.17
2007-10-30,991.23,907.97,743.43
2007-10-31,997.5,913.71,748.13
2007-11-01,997.95,914.12,748.46
2007-11-02,1015.3,930.02,761.48
2007-11-05,1019.91,934.24,764.93
2007-11-06,1034.86,947.93,776.14
2007-11-07,1045.42,957.6,784.06
2007-11-08,1053.93,965.4,790.44
2007-11-09,1045.06,957.27,783.79
2007-11-12,1017.42,931.96,763.07
2007-11-13,1008.64,923.91,756.48
2007-11-14,1026.2,940.0,769.65
2007-11-15,990.83,907.6,743.12
2007-11-16,989.59,906.47,742.19
2007-11-19,977.88,895.74,733.41
2007-11-20,994.9,911.33,746.18
2007-11-21,1006.63,922.08,754.97
2007-11-23,1049.09,960.97,786.82
2007-11-26,1051.64,963.3,788.73
2007-11-27,1039.01,951.73,779.26
2007-11-28,1019.46,933.83,764.59
2007-11-29,1011.86,926.86,758.9
2007-11-30,992.23,908.88,744.17
2007-12-03,1000.95,916.87,750.71
2007-12-04,1013.8,928.64,760.35
2007-12-05,1010.17,925.32,757.63
2007-12-06,1014.7,929.47,761.03
2007-12-07,1005.28,920.83,753.96
2007-12-10,1021.69,935.87,766.27
2007-12-11,1025.04,938.94,768.78
2007-12-12,1027.72,941.39,770.79
2007-12-13,1009.79,924.96,757.34
2007-12-14,1000.82,916.75,750.62
2007-12-17,1006.11,921.6,754.59
2007-12-18,1016.49,931.11,762.37
2007-12-19,1017.1,931.67,762.83
2007-12-20,1014.66,929.43,761.0
2007-12-21,1023.78,937.78,767.83
2007-12-24,1025.74,939.58,769.3
2007-12-26,1046.06,958.19,784.55
2007-12-27,1044.21,956.5,783.16
2007-12-28,1059.37,970.38,794.53
2007-12-31,1053.44,964.95,790.08
2008-01-02,1084.91,993.77,813.68
2008-01-03,1096.19,1004.11,822.14
2008-01-04,1084.86,993.73,813.64
2008-01-07,1083.72,992.69,812.79
2008-01-08,1106.44,1013.5,829.83
2008-01-09,1108.81,1015.67,831.61
2008-01-10,1124.28,1029.84,843.21
2008-01-11,1126.34,1031.72,844.75
2008-01-14,1136.79,1041.3,852.59
2008-01-15,1135.31,1039.94,851.48
2008-01-16,1109.01,1015.85,831.75
2008-01-17,1108.19,1015.1,831.14
2008-01-18,1112.46,1019.01,834.34
2008-01-22,1124.32,1029.87,843.24
2008-01-23,1119.97,1025.89,839.98
2008-01-24,1146.13,1049.85,859.6
2008-01-25,1149.71,1053.13,862.28
2008-01-28,1171.26,1072.88,878.45
2008-01-29,1166.21,1068.25,874.66
2008-01-30,1164.59,1066.77,873.44
2008-01-31,1166.27,1068.3,874.7
2008-02-01,1147.37,1051.0,860.53
2008-02-04,1142.55,1046.57,856.91
2008-02-05,1123.66,1029.27,842.74
2008-02-06,1144.89,1048.72,858.67
2008-02-07,1149.51,1052.95,862.13
2008-02-08,1167.36,1069.3,875.52
2008-02-11,1172.81,1074.3,879.61
2008-02-12,1154.54,1057.56,865.91
2008-02-13,1155.12,1058.09,866.34
2008-02-14,1154.57,1057.59,865.93
2008-02-15,1148.98,1052.47,861.74
2008-02-19,1182.25,1082.94,886.69
2008-02-20,1205.95,1104.65,904.46
2008-02-21,1214.13,1112.14,910.59
2008-02-22,1214.15,1112.16,910.61
2008-02-25,1203.16,1102.09,902.37
2008-02-26,1211.08,1109.35,908.31
2008-02-27,1222.72,1120.01,917.04
2008-02-28,1234.67,1130.96,926.0
2008-02-29,1247.34,1142.56,935.5
2008-03-03,1270.25,1163.55,952.69
2008-03-04,1246.08,1141.41,934.56
2008-03-05,1273.8,1166.8,955.35
2008-03-06,1255.26,1149.82,941.44
2008-03-07,1257.75,1152.1,943.31
2008-03-10,1257.11,1151.51,942.83
2008-03-11,1258.33,1152.63,943.75
2008-03-12,1258.1,1152.42,943.58
2008-03-13,1280.08,1172.56,960.06
2008-03-14,1286.12,1178.09,964.59
2008-03-17,1299.87,1190.68,974.9
2008-03-18,1295.11,1186.32,971.33
2008-03-19,1218.95,1116.56,914.21
2008-03-20,1190.76,1090.74,893.07
2008-03-24,1186.42,1086.76,889.82
2008-03-25,1203.49,1102.39,902.61
2008-03-26,1222.18,1119.52,916.64
2008-03-27,1218.51,1116.15,913.88
2008-03-28,1185.26,1085.7,888.94
2008-03-31,1174.99,1076.29,881.24
2008-04-01,1132.28,1037.17,849.21
2008-04-02,1148.95,1052.44,861.71
2008-04-03,1160.48,1063.0,870.36
2008-04-04,1163.3,1065.58,872.48
2008-04-07,1182.85,1083.49,887.14
2008-04-08,1170.41,1072.09,877.8
2008-04-09,1195.14,1094.75,896.36
2008-04-10,1190.54,1090.53,892.9
2008-04-11,1181.1,1081.88,885.82
2008-04-14,1186.19,1086.55,889.65
2008-04-15,1190.27,1090.29,892.71
2008-04-16,1210.23,1108.57,907.67
2008-04-17,1204.74,1103.54,903.56
2008-04-18,1162.97,1065.28,872.23
2008-04-21,1170.95,1072.59,878.21
2008-04-22,1181.0,1081.8,885.75
2008-04-23,1161.32,1063.77,870.99
2008-04-24,1141.45,1045.57,856.09
2008-04-25,1142.82,1046.82,857.11
2008-04-28,1149.19,1052.65,861.89
2008-04-29,1132.68,1037.53,849.51
2008-04-30,1120.29,1026.19,840.22
2008-05-01,1102.25,1009.66,826.68
2008-05-02,1114.32,1020.72,835.74
2008-05-05,1136.39,1040.93,852.29
2008-05-06,1145.52,1049.29,859.14
2008-05-07,1155.12,1058.09,866.34
2008-05-08,1180.61,1081.44,885.46
2008-05-09,1177.65,1078.72,883.23
2008-05-12,1188.49,1088.65,891.36
2008-05-13,1172.04,1073.58,879.03
2008-05-14,1178.73,1079.72,884.05
2008-05-15,1197.37,1096.79,898.03
2008-05-16,1224.53,1121.67,918.39
2008-05-19,1232.26,1128.75,924.2
2008-05-20,1259.69,1153.88,944.77
2008-05-21,1271.6,1164.79,953.7
2008-05-22,1271.28,1164.49,953.46
2008-05-23,1268.02,1161.51,951.01
2008-05-27,1249.36,1144.42,937.02
2008-05-28,1238.32,1134.3,928.74
2008-05-29,1203.57,1102.47,902.68
2008-05-30,1213.3,1111.38,909.97
2008-06-02,1211.16,1109.43,908.37
2008-06-03,1197.31,1096.74,897.98
2008-06-04,1202.64,1101.62,901.98
2008-06-05,1199.44,1098.69,899.58
2008-06-06,1229.7,1126.4,922.27
2008-06-09,1231.41,1127.97,923.56
2008-06-10,1195.11,1094.72,896.33
2008-06-11,1204.66,1103.47,903.49
2008-06-12,1194.64,1094.29,895.98
2008-06-13,1198.44,1097.78,898.83
2008-06-16,1216.28,1114.11,912.21
2008-06-17,1214.34,1112.34,910.75
2008-06-18,1227.13,1124.05,920.35
2008-06-19,1242.35,1137.99,931.76
2008-06-20,1240.23,1136.05,930.18
2008-06-23,1220.23,1117.73,915.17
2008-06-24,1224.96,1122.06,918.72
2008-06-25,1207.78,1106.33,905.84
2008-06-26,1252.13,1146.95,939.1
2008-06-27,1276.22,1169.02,957.17
2008-06-30,1276.05,1168.86,957.04
2008-07-01,1298.5,1189.43,973.88
2008-07-02,1309.63,1199.62,982.22
2008-07-03,1294.24,1185.52,970.68
2008-07-07,1286.48,1178.41,964.86
2008-07-08,1283.16,1175.38,962.37
2008-07-09,1284.15,1176.28,963.11
2008-07-10,1303.56,1194.06,977.67
2008-07-11,1321.31,1210.32,990.98
2008-07-14,1334.64,1222.53,1000.98
2008-07-15,1355.14,1241.31,1016.36
2008-07-16,1332.52,1220.58,999.39
2008-07-17,1332.62,1220.68,999.46
2008-07-18,1314.71,1204.27,986.03
2008-07-21,1320.72,1209.78,990.54
2008-07-22,1300.02,1190.81,975.01
2008-07-23,1245.46,1140.84,934.09
2008-07-24,1244.89,1140.32,933.66
2008-07-25,1259.5,1153.7,944.62
2008-07-28,1258.29,1152.6,943.72
2008-07-29,1252.65,1147.42,939.48
2008-07-30,1231.14,1127.73,923.36
2008-07-31,1246.82,1142.09,935.11
2008-08-01,1240.13,1135.96,930.1
2008-08-04,1227.99,1124.84,920.99
2008-08-05,1198.66,1097.97,898.99
2008-08-06,1194.57,1094.22,895.93
2008-08-07,1187.88,1088.1,890.91
2008-08-08,1170.28,1071.98,877.71
2008-08-11,1120.76,1026.62,840.57
2008-08-12,1102.61,1009.99,826.96
2008-08-13,1125.53,1030.99,844.15
2008-08-14,1102.61,1009.99,826.96
2008-08-15,1072.33,982.25,804.25
2008-08-18,1091.02,999.37,818.26
2008-08-19,1106.57,1013.62,829.93
2008-08-20,1105.48,1012.62,829.11
2008-08-21,1136.45,1040.99,852.34
2008-08-22,1128.81,1033.99,846.61
2008-08-25,1118.44,1024.49,838.83
2008-08-26,1154.52,1057.54,865.89
2008-08-27,1162.24,1064.62,871.68
2008-08-28,1166.07,1068.12,874.55
2008-08-29,1163.16,1065.45,872.37
2008-09-02,1145.43,1049.21,859.07
2008-09-03,1132.76,1037.61,849.57
2008-09-04,1138.69,1043.04,854.02
2008-09-05,1143.0,1046.99,857.25
2008-09-08,1132.68,1037.54,849.51
2008-09-09,1133.35,1038.15,850.01
2008-09-10,1097.95,1005.73,823.47
2008-09-11,1081.79,990.92,811.35
2008-09-12,1114.92,1021.27,836.19
2008-09-15,1153.87,1056.95,865.4
2008-09-16,1165.62,1067.71,874.21
2008-09-17,1254.43,1149.06,940.82
2008-09-18,1335.43,1223.25,1001.57
2008-09-19,1264.61,1158.38,948.46
2008-09-22,1314.84,1204.39,986.13
2008-09-23,1303.1,1193.64,977.33
2008-09-24,1311.77,1201.58,983.83
2008-09-25,1302.86,1193.42,977.14
2008-09-26,1319.89,1209.02,989.91
2008-09-29,1327.67,1216.14,995.75
2008-09-30,1309.78,1199.75,982.33
2008-10-01,1318.55,1207.79,988.91
2008-10-02,1251.59,1146.45,938.69
2008-10-03,1251.82,1146.67,938.86
2008-10-06,1319.28,1208.46,989.46
2008-10-07,1347.61,1234.41,1010.71
2008-10-08,1392.24,1275.3,1044.18
2008-10-09,1351.13,1237.64,1013.35
2008-10-10,1331.72,1219.85,998.79
2008-10-13,1298.29,1189.23,973.72
2008-10-14,1290.55,1182.15,967.92
2008-10-15,1300.25,1191.03,975.19
2008-10-16,1253.73,1148.42,940.3
2008-10-17,1232.37,1128.85,924.28
2008-10-20,1233.03,1129.45,924.77
2008-10-21,1204.37,1103.2,903.27
2008-10-22,1160.13,1062.68,870.1
2008-10-23,1137.14,1041.62,852.85
2008-10-24,1166.31,1068.34,874.73
2008-10-27,1185.63,1086.04,889.22
2008-10-28,1168.63,1070.46,876.47
2008-10-29,1197.59,1096.99,898.19
2008-10-30,1170.17,1071.87,877.63
2008-10-31,1138.52,1042.89,853.89
2008-11-03,1128.16,1033.4,846.12
2008-11-04,1158.28,1060.98,868.71
2008-11-05,1125.62,1031.07,844.22
2008-11-06,1116.09,1022.34,837.07
2008-11-07,1121.01,1026.84,840.76
2008-11-10,1133.66,1038.44,850.25
2008-11-11,1127.04,1032.36,845.28
2008-11-12,1137.23,1041.7,852.92
2008-11-13,1110.38,1017.1,832.78
2008-11-14,1164.39,1066.58,873.29
2008-11-17,1163.67,1065.93,872.76
2008-11-18,1167.84,1069.74,875.88
2008-11-19,1174.75,1076.07,881.06
2008-11-20,1213.05,1111.16,909.79
2008-11-21,1261.18,1155.24,945.89
2008-11-24,1311.79,1201.6,983.84
2008-11-25,1304.64,1195.05,978.48
2008-11-26,1281.21,1173.59,960.91
2008-11-28,1308.66,1198.73,981.49
2008-12-01,1249.88,1144.89,937.41
2008-12-02,1258.25,1152.56,943.69
2008-12-03,1232.12,1128.62,924.09
2008-12-04,1217.42,1115.16,913.07
2008-12-05,1195.91,1095.45,896.93
2008-12-08,1219.34,1116.91,914.5
2008-12-09,1214.15,1112.16,910.61
2008-12-10,1270.79,1164.05,953.09
2008-12-11,1283.36,1175.56,962.52
2008-12-12,1269.89,1163.22,952.42
2008-12-15,1275.44,1168.3,956.58
2008-12-16,1292.66,1184.08,969.5
2008-12-17,1326.79,1215.34,995.09
2008-12-18,1289.17,1180.88,966.88
2008-12-19,1264.89,1158.64,948.67
2008-12-22,1304.06,1194.52,978.05
2008-12-23,1308.95,1199.0,981.72
2008-12-24,1309.23,1199.26,981.93
2008-12-26,1362.34,1247.91,1021.76
2008-12-29,1350.19,1236.77,1012.64
2008-12-30,1354.11,1240.37,1015.58
2008-12-31,1365.45,1250.75,1024.09
2009-01-02,1363.12,1248.62,1022.34
2009-01-05,1329.17,1217.52,996.88
2009-01-06,1349.57,1236.2,1012.17
2009-01-07,1312.91,1202.63,984.69
2009-01-08,1327.79,1216.25,995.84
2009-01-09,1331.24,1219.42,998.43
2009-01-12,1278.89,1171.46,959.17
2009-01-13,1288.55,1180.31,966.41
2009-01-14,1264.13,1157.94,948.1
2009-01-15,1262.3,1156.27,946.73
2009-01-16,1312.59,1202.33,984.44
2009-01-20,1343.82,1230.94,1007.87
2009-01-21,1342.08,1229.35,1006.56
2009-01-22,1354.23,1240.48,1015.67
2009-01-23,1410.96,1292.44,1058.22
2009-01-26,1415.73,1296.81,1061.8
2009-01-27,1410.54,1292.06,1057.91
2009-01-28,1393.16,1276.14,1044.87
2009-01-29,1422.19,1302.72,1066.64
2009-01-30,1452.89,1330.85,1089.67
2009-02-02,1426.22,1306.41,1069.66
2009-02-03,1397.67,1280.27,1048.25
2009-02-04,1407.35,1289.13,1055.51
2009-02-05,1430.9,1310.71,1073.18
2009-02-06,1413.01,1294.31,1059.75
2009-02-09,1392.56,1275.59,1044.42
2009-02-10,1427.44,1307.54,1070.58
2009-02-11,1474.95,1351.06,1106.22
2009-02-12,1486.54,1361.67,1114.9
2009-02-13,1475.96,1351.98,1106.97
2009-02-17,1537.39,1408.25,1153.04
2009-02-18,1568.39,1436.64,1176.29
2009-02-19,1556.56,1425.81,1167.42
2009-02-20,1580.41,1447.66,1185.31
2009-02-23,1576.54,1444.11,1182.4
2009-02-24,1550.82,1420.55,1163.12
2009-02-25,1544.7,1414.94,1158.52
2009-02-26,1519.79,1392.13,1139.84
2009-02-27,1533.17,1404.38,1149.88
2009-03-02,1556.15,1425.43,1167.11
2009-03-03,1522.96,1395.03,1142.22
2009-03-04,1498.14,1372.3,1123.6
2009-03-05,1540.64,1411.23,1155.48
2009-03-06,1561.83,1430.64,1171.37
2009-03-09,1527.96,1399.61,1145.97
2009-03-10,1483.59,1358.97,1112.69
2009-03-11,1495.29,1369.68,1121.47
2009-03-12,1533.2,1404.41,1149.9
2009-03-13,1539.2,1409.91,1154.4
2009-03-16,1519.7,1392.04,1139.77
2009-03-17,1511.3,1384.35,1133.48
2009-03-18,1463.76,1340.81,1097.82
2009-03-19,1550.18,1419.96,1162.63
2009-03-20,1554.55,1423.97,1165.91
2009-03-23,1539.84,1410.49,1154.88
2009-03-24,1493.97,1368.48,1120.48
2009-03-25,1515.63,1388.32,1136.72
2009-03-26,1520.89,1393.14,1140.67
2009-03-27,1511.21,1384.26,1133.4
2009-03-30,1500.22,1374.2,1125.17
2009-03-31,1506.37,1379.83,1129.78
2009-04-01,1504.91,1378.49,1128.68
2009-04-02,1465.71,1342.59,1099.28
2009-04-03,1435.33,1314.76,1076.5
2009-04-06,1398.5,1281.03,1048.88
2009-04-07,1413.86,1295.09,1060.39
2009-04-08,1424.91,1305.22,1068.68
2009-04-09,1413.35,1294.63,1060.01
2009-04-13,1430.78,1310.6,1073.09
2009-04-14,1424.51,1304.85,1068.38
2009-04-15,1423.64,1304.05,1067.73
2009-04-16,1406.58,1288.43,1054.94
2009-04-17,1384.11,1267.85,1038.09
2009-04-20,1427.4,1307.49,1070.55
2009-04-21,1425.58,1305.83,1069.18
2009-04-22,1441.92,1320.79,1081.44
2009-04-23,1451.9,1329.94,1088.92
2009-04-24,1457.16,1334.76,1092.87
2009-04-27,1461.19,1338.45,1095.89
2009-04-28,1447.72,1326.11,1085.79
2009-04-29,1442.73,1321.54,1082.05
2009-04-30,1408.58,1290.26,1056.43
2009-05-01,1403.79,1285.87,1052.84
2009-05-04,1438.05,1317.25,1078.54
2009-05-05,1432.71,1312.36,1074.53
2009-05-06,1443.4,1322.16,1082.55
2009-05-07,1447.07,1325.51,1085.3
2009-05-08,1444.94,1323.57,1083.71
2009-05-11,1446.93,1325.39,1085.2
2009-05-12,1462.97,1340.08,1097.23
2009-05-13,1473.82,1350.02,1105.36
2009-05-14,1484.48,1359.79,1113.36
2009-05-15,1478.86,1354.63,1109.14
2009-05-18,1409.58,1291.17,1057.18
2009-05-19,1412.52,1293.87,1059.39
2009-05-20,1422.75,1303.24,1067.07
2009-05-21,1443.8,1322.52,1082.85
2009-05-22,1452.84,1330.8,1089.63
2009-05-26,1456.3,1333.97,1092.23
2009-05-27,1455.96,1333.66,1091.97
2009-05-28,1468.83,1345.45,1101.62
2009-05-29,1478.07,1353.92,1108.56
2009-06-01,1475.63,1351.68,1106.72
2009-06-02,1483.52,1358.9,1112.64
2009-06-03,1454.06,1331.92,1090.55
2009-06-04,1486.78,1361.89,1115.08
2009-06-05,1452.19,1330.21,1089.14
2009-06-08,1447.8,1326.18,1085.85
2009-06-09,1449.33,1327.59,1087.0
2009-06-10,1446.17,1324.7,1084.63
2009-06-11,1463.89,1340.92,1097.91
2009-06-12,1429.91,1309.8,1072.43
2009-06-15,1424.82,1305.14,1068.62
2009-06-16,1428.54,1308.54,1071.41
2009-06-17,1443.39,1322.15,1082.54
2009-06-18,1440.12,1319.15,1080.09
2009-06-19,1447.1,1325.54,1085.32
2009-06-22,1428.63,1308.63,1071.48
2009-06-23,1443.38,1322.14,1082.53
2009-06-24,1452.08,1330.1,1089.06
2009-06-25,1464.68,1341.65,1098.51
2009-06-26,1452.81,1330.77,1089.61
2009-06-29,1452.13,1330.16,1089.1
2009-06-30,1424.8,1305.12,1068.6
2009-07-01,1447.71,1326.1,1085.78
2009-07-02,1432.07,1311.78,1074.05
2009-07-06,1438.99,1318.12,1079.24
2009-07-07,1436.67,1315.99,1077.5
2009-07-08,1427.26,1307.37,1070.45
2009-07-09,1433.86,1313.41,1075.39
2009-07-10,1433.28,1312.89,1074.96
2009-07-13,1462.46,1339.61,1096.84
2009-07-14,1445.82,1324.37,1084.36
2009-07-15,1457.98,1335.51,1093.48
2009-07-16,1457.24,1334.83,1092.93
2009-07-17,1465.48,1342.38,1099.11
2009-07-20,1468.91,1345.52,1101.68
2009-07-21,1471.6,1347.99,1103.7
2009-07-22,1484.34,1359.65,1113.25
2009-07-23,1484.46,1359.77,1113.35
2009-07-24,1474.38,1350.53,1105.78
2009-07-27,1473.99,1350.17,1105.49
2009-07-28,1453.11,1331.05,1089.83
2009-07-29,1442.57,1321.4,1081.93
2009-07-30,1451.04,1329.15,1088.28
2009-07-31,1460.32,1337.65,1095.24
2009-08-03,1464.45,1341.43,1098.34
2009-08-04,1476.59,1352.56,1107.45
2009-08-05,1474.66,1350.79,1105.99
2009-08-06,1470.66,1347.13,1103.0
2009-08-07,1473.31,1349.55,1104.98
2009-08-10,1449.45,1327.7,1087.09
2009-08-11,1456.98,1334.59,1092.73
2009-08-12,1475.93,1351.95,1106.94
2009-08-13,1474.98,1351.09,1106.24
2009-08-14,1467.84,1344.54,1100.88
2009-08-17,1459.0,1336.44,1094.25
2009-08-18,1467.86,1344.56,1100.9
2009-08-19,1476.08,1352.09,1107.06
2009-08-20,1469.73,1346.27,1102.29
2009-08-21,1484.28,1359.6,1113.21
2009-08-24,1466.58,1343.39,1099.94
2009-08-25,1478.02,1353.87,1108.52
2009-08-26,1480.78,1356.39,1110.58
2009-08-27,1486.15,1361.32,1114.61
2009-08-28,1493.12,1367.7,1119.84
2009-08-31,1491.64,1366.35,1118.73
2009-09-01,1498.13,1372.28,1123.6
2009-09-02,1535.13,1406.18,1151.35
2009-09-03,1563.42,1432.09,1172.57
2009-09-04,1561.53,1430.36,1171.15
2009-09-08,1554.43,1423.86,1165.82
2009-09-09,1550.06,1419.86,1162.55
2009-09-10,1554.51,1423.93,1165.88
2009-09-11,1563.53,1432.19,1172.64
2009-09-14,1563.53,1432.19,1172.64
2009-09-15,1566.17,1434.61,1174.63
2009-09-16,1577.18,1444.7,1182.89
2009-09-17,1562.87,1431.59,1172.15
2009-09-18,1558.67,1427.74,1169.0
2009-09-21,1548.62,1418.54,1161.47
2009-09-22,1566.88,1435.26,1175.16
2009-09-23,1561.7,1430.52,1171.28
2009-09-24,1536.43,1407.37,1152.32
2009-09-25,1526.14,1397.94,1144.6
2009-09-28,1523.56,1395.58,1142.67
2009-09-29,1534.76,1405.84,1151.07
2009-09-30,1549.42,1419.27,1162.07
2009-10-01,1534.04,1405.18,1150.53
2009-10-02,1536.17,1407.14,1152.13
2009-10-05,1549.66,1419.48,1162.24
2009-10-06,1562.4,1431.16,1171.8
2009-10-07,1563.03,1431.74,1172.27
2009-10-08,1568.26,1436.53,1176.2
2009-10-09,1565.06,1433.59,1173.79
2009-10-12,1574.27,1442.03,1180.7
2009-10-13,1583.56,1450.54,1187.67
2009-10-14,1574.05,1441.83,1180.54
2009-10-15,1550.9,1420.62,1163.17
2009-10-16,1560.67,1429.57,1170.5
2009-10-19,1561.98,1430.77,1171.48
2009-10-20,1573.19,1441.04,1179.89
2009-10-21,1586.82,1453.53,1190.12
2009-10-22,1583.12,1450.14,1187.34
2009-10-23,1575.69,1443.33,1181.77
2009-10-26,1559.62,1428.62,1169.72
2009-10-27,1561.46,1430.29,1171.09
2009-10-28,1562.16,1430.94,1171.62
2009-10-29,1587.19,1453.86,1190.39
2009-10-30,1568.33,1436.59,1176.25
2009-11-02,1585.0,1451.86,1188.75
2009-11-03,1647.18,1508.82,1235.39
2009-11-04,1635.11,1497.76,1226.33
2009-11-05,1642.95,1504.94,1232.21
2009-11-06,1645.63,1507.4,1234.23
2009-11-09,1641.03,1503.19,1230.78
2009-11-10,1640.9,1503.07,1230.68
2009-11-11,1662.14,1522.52,1246.61
2009-11-12,1659.17,1519.8,1244.38
2009-11-13,1659.9,1520.46,1244.92
2009-11-16,1683.55,1542.13,1262.66
2009-11-17,1692.63,1550.45,1269.47
2009-11-18,1690.69,1548.67,1268.01
2009-11-19,1708.24,1564.75,1281.18
2009-11-20,1715.35,1571.26,1286.51
2009-11-23,1735.4,1589.62,1301.55
2009-11-24,1734.94,1589.2,1301.2
2009-11-25,1755.73,1608.25,1316.8
2009-11-27,1753.55,1606.25,1315.16
2009-11-30,1764.16,1615.97,1323.12
2009-12-01,1782.18,1632.48,1336.63
2009-12-02,1800.26,1649.04,1350.2
2009-12-03,1800.45,1649.22,1350.34
2009-12-04,1733.01,1587.44,1299.76
2009-12-07,1738.1,1592.1,1303.57
2009-12-08,1712.83,1568.95,1284.62
2009-12-09,1676.02,1535.23,1257.01
2009-12-10,1683.58,1542.16,1262.69
2009-12-11,1672.54,1532.05,1254.41
2009-12-14,1685.41,1543.84,1264.06
2009-12-15,1685.86,1544.25,1264.4
2009-12-16,1700.79,1557.93,1275.6
2009-12-17,1667.77,1527.68,1250.83
2009-12-18,1667.91,1527.8,1250.93
2009-12-21,1648.83,1510.33,1236.62
2009-12-22,1633.98,1496.73,1225.49
2009-12-23,1643.28,1505.25,1232.46
2009-12-24,1655.96,1516.86,1241.97
2009-12-28,1653.49,1514.6,1240.12
2009-12-29,1642.14,1504.2,1231.61
2009-12-30,1631.8,1494.73,1223.85
2009-12-31,1633.81,1496.57,1225.36
2010-01-04,1663.35,1523.63,1247.51
2010-01-05,1657.91,1518.64,1243.43
2010-01-06,1669.69,1529.44,1252.27
2010-01-07,1664.41,1524.6,1248.31
2010-01-08,1665.68,1525.77,1249.26
2010-01-11,1678.06,1537.1,1258.54
2010-01-12,1655.7,1516.62,1241.78
2010-01-13,1661.95,1522.35,1246.46
2010-01-14,1673.78,1533.18,1255.33
2010-01-15,1664.18,1524.39,1248.14
2010-01-19,1679.97,1538.85,1259.98
2010-01-20,1649.24,1510.7,1236.93
2010-01-21,1634.65,1497.34,1225.99
2010-01-22,1618.66,1482.7,1214.0
2010-01-25,1622.47,1486.19,1216.86
2010-01-26,1618.36,1482.41,1213.77
2010-01-27,1614.84,1479.2,1211.13
2010-01-28,1614.7,1479.06,1211.02
2010-01-29,1605.1,1470.27,1203.82
2010-02-01,1643.41,1505.36,1232.56
2010-02-02,1656.15,1517.04,1242.11
2010-02-03,1640.11,1502.34,1230.08
2010-02-04,1578.39,1445.81,1183.79
2010-02-05,1577.11,1444.63,1182.83
2010-02-08,1600.43,1465.99,1200.32
2010-02-09,1605.87,1470.97,1204.4
2010-02-10,1604.11,1469.37,1203.08
2010-02-11,1632.32,1495.21,1224.24
2010-02-12,1625.31,1488.78,1218.98
2010-02-16,1654.65,1515.66,1240.99
2010-02-17,1655.95,1516.85,1241.97
2010-02-18,1658.48,1519.17,1243.86
2010-02-19,1664.82,1524.97,1248.61
2010-02-22,1649.04,1510.52,1236.78
2010-02-23,1640.32,1502.53,1230.24
2010-02-24,1631.8,1494.73,1223.85
2010-02-25,1649.05,1510.53,1236.79
2010-02-26,1650.3,1511.67,1237.72
2010-03-01,1653.15,1514.29,1239.86
2010-03-02,1682.42,1541.1,1261.82
2010-03-03,1673.44,1532.88,1255.08
2010-03-04,1663.02,1523.33,1247.27
2010-03-05,1658.23,1518.94,1243.67
2010-03-08,1640.05,1502.29,1230.04
2010-03-09,1643.13,1505.11,1232.35
2010-03-10,1613.79,1478.23,1210.34
2010-03-11,1619.07,1483.06,1214.3
2010-03-12,1611.27,1475.92,1208.45
2010-03-15,1618.66,1482.7,1214.0
2010-03-16,1637.65,1500.09,1228.24
2010-03-17,1636.3,1498.85,1227.23
2010-03-18,1645.24,1507.04,1233.93
2010-03-19,1611.07,1475.74,1208.3
2010-03-22,1607.06,1472.07,1205.29
2010-03-23,1610.72,1475.42,1208.04
2010-03-24,1588.97,1455.49,1191.73
2010-03-25,1598.04,1463.81,1198.53
2010-03-26,1601.44,1466.92,1201.08
2010-03-29,1599.22,1464.89,1199.42
2010-03-30,1595.84,1461.79,1196.88
2010-03-31,1603.54,1468.85,1202.66
2010-04-01,1613.31,1477.79,1209.98
2010-04-05,1615.75,1480.03,1211.81
2010-04-06,1618.16,1482.23,1213.62
2010-04-07,1644.9,1506.73,1233.67
2010-04-08,1642.53,1504.56,1231.9
2010-04-09,1647.01,1508.66,1235.26
2010-04-12,1655.93,1516.84,1241.95
2010-04-13,1652.21,1513.42,1239.16
2010-04-14,1647.38,1509.0,1235.54
2010-04-15,1651.36,1512.65,1238.52
2010-04-16,1619.06,1483.06,1214.3
2010-04-19,1632.46,1495.33,1224.35
2010-04-20,1624.98,1488.48,1218.73
2010-04-21,1639.05,1501.37,1229.28
2010-04-22,1632.09,1495.0,1224.07
2010-04-23,1641.96,1504.04,1231.47
2010-04-26,1641.05,1503.2,1230.79
2010-04-27,1660.18,1520.73,1245.14
2010-04-28,1675.79,1535.02,1256.84
2010-04-29,1669.76,1529.5,1252.32
2010-04-30,1678.89,1537.87,1259.17
2010-05-03,1688.29,1546.48,1266.22
2010-05-04,1673.8,1533.2,1255.35
2010-05-05,1693.73,1551.45,1270.29
2010-05-06,1749.36,1602.41,1312.02
2010-05-07,1766.87,1618.45,1325.15
2010-05-10,1727.57,1582.46,1295.68
2010-05-11,1764.54,1616.32,1323.4
2010-05-12,1795.92,1645.06,1346.94
2010-05-13,1775.44,1626.3,1331.58
2010-05-14,1785.65,1635.65,1339.23
2010-05-17,1797.06,1646.1,1347.79
2010-05-18,1778.69,1629.28,1334.02
2010-05-19,1774.24,1625.21,1330.68
2010-05-20,1784.94,1635.0,1338.7
2010-05-21,1773.48,1624.51,1330.11
2010-05-24,1796.64,1645.72,1347.48
2010-05-25,1828.46,1674.87,1371.35
2010-05-26,1837.3,1682.97,1377.97
2010-05-27,1820.37,1667.46,1365.28
2010-05-28,1804.45,1652.88,1353.34
2010-06-01,1854.04,1698.3,1390.53
2010-06-02,1836.58,1682.31,1377.44
2010-06-03,1806.42,1654.68,1354.81
2010-06-04,1832.31,1678.39,1374.23
2010-06-07,1864.32,1707.72,1398.24
2010-06-08,1872.99,1715.66,1404.74
2010-06-09,1848.86,1693.56,1386.65
2010-06-10,1834.92,1680.79,1376.19
2010-06-11,1847.09,1691.94,1385.32
2010-06-14,1824.91,1671.62,1368.68
2010-06-15,1839.68,1685.15,1379.76
2010-06-16,1834.26,1680.18,1375.69
2010-06-17,1848.58,1693.3,1386.43
2010-06-18,1859.72,1703.5,1394.79
2010-06-21,1819.88,1667.01,1364.91
2010-06-22,1834.53,1680.43,1375.89
2010-06-23,1831.1,1677.29,1373.33
2010-06-24,1852.42,1696.82,1389.32
2010-06-25,1863.3,1706.78,1397.48
2010-06-28,1835.2,1681.04,1376.4
2010-06-29,1853.21,1697.54,1389.91
2010-06-30,1858.03,1701.95,1393.52
2010-07-01,1799.94,1648.74,1349.95
2010-07-02,1807.4,1655.58,1355.55
2010-07-06,1790.08,1639.71,1342.56
2010-07-07,1809.26,1657.28,1356.94
2010-07-08,1793.5,1642.84,1345.12
2010-07-09,1809.14,1657.17,1356.86
2010-07-12,1797.93,1646.91,1348.45
2010-07-13,1810.38,1658.31,1357.79
2010-07-14,1808.06,1656.18,1356.04
2010-07-15,1804.18,1652.63,1353.13
2010-07-16,1783.71,1633.88,1337.78
2010-07-19,1751.07,1603.98,1313.31
2010-07-20,1810.03,1657.99,1357.53
2010-07-21,1803.29,1651.81,1352.47
2010-07-22,1808.04,1656.16,1356.03
2010-07-23,1790.51,1640.11,1342.89
2010-07-26,1789.25,1638.95,1341.94
2010-07-27,1736.73,1590.84,1302.55
2010-07-28,1741.9,1595.58,1306.42
2010-07-29,1745.27,1598.66,1308.95
2010-07-30,1761.33,1613.38,1321.0
2010-08-02,1753.52,1606.22,1315.14
2010-08-03,1757.71,1610.06,1318.28
2010-08-04,1770.31,1621.61,1327.74
2010-08-05,1770.58,1621.85,1327.93
2010-08-06,1781.91,1632.23,1336.44
2010-08-09,1774.13,1625.11,1330.6
2010-08-10,1772.1,1623.24,1329.07
2010-08-11,1782.96,1633.19,1337.22
2010-08-12,1819.65,1666.8,1364.74
2010-08-13,1824.49,1671.23,1368.37
2010-08-16,1835.68,1681.48,1376.76
2010-08-17,1840.99,1686.35,1380.75
2010-08-18,1842.68,1687.9,1382.01
2010-08-19,1846.05,1690.98,1384.54
2010-08-20,1829.07,1675.43,1371.8
2010-08-23,1838.49,1684.05,1378.86
2010-08-24,1844.05,1689.15,1383.03
2010-08-25,1867.33,1710.47,1400.5
2010-08-26,1861.75,1705.36,1396.31
2010-08-27,1859.28,1703.1,1394.46
2010-08-30,1861.53,1705.16,1396.14
2010-08-31,1881.19,1723.17,1410.89
2010-09-01,1884.39,1726.1,1413.29
2010-09-02,1877.04,1719.37,1407.78
2010-09-03,1871.58,1714.37,1403.69
2010-09-07,1880.2,1722.26,1410.15
2010-09-08,1883.59,1725.37,1412.69
2010-09-09,1867.84,1710.94,1400.88
2010-09-10,1852.66,1697.03,1389.49
2010-09-13,1852.75,1697.12,1389.56
2010-09-14,1887.19,1728.67,1415.39
2010-09-15,1879.07,1721.22,1409.3
2010-09-16,1889.23,1730.54,1416.93
2010-09-17,1890.63,1731.82,1417.97
2010-09-20,1886.54,1728.07,1414.9
2010-09-21,1866.25,1709.48,1399.69
2010-09-22,1890.7,1731.88,1418.02
2010-09-23,1895.79,1736.54,1421.84
2010-09-24,1893.78,1734.7,1420.34
2010-09-27,1886.05,1727.62,1414.54
2010-09-28,1887.43,1728.88,1415.57
2010-09-29,1895.22,1736.02,1421.41
2010-09-30,1879.07,1721.23,1409.3
2010-10-01,1885.62,1727.23,1414.21
2010-10-04,1878.27,1720.5,1408.7
2010-10-05,1913.42,1752.69,1435.07
2010-10-06,1921.98,1760.53,1441.48
2010-10-07,1895.13,1735.94,1421.34
2010-10-08,1910.19,1749.74,1432.64
2010-10-11,1932.17,1769.87,1449.13
2010-10-12,1919.25,1758.03,1439.43
2010-10-13,1959.35,1794.77,1469.52
2010-10-14,1962.57,1797.72,1471.93
2010-10-15,1942.6,1779.42,1456.95
2010-10-18,1946.71,1783.19,1460.03
2010-10-19,1895.97,1736.71,1421.98
2010-10-20,1914.53,1753.71,1435.9
2010-10-21,1882.48,1724.35,1411.86
2010-10-22,1882.05,1723.96,1411.54
2010-10-25,1915.92,1754.98,1436.94
2010-10-26,1903.53,1743.64,1427.65
2010-10-27,1887.43,1728.89,1415.57
2010-10-28,1916.7,1755.7,1437.53
2010-10-29,1938.12,1775.32,1453.59
2010-11-01,1929.48,1767.41,1447.11
2010-11-02,1933.63,1771.21,1450.23
2010-11-03,1900.1,1740.49,1425.08
2010-11-04,1967.13,1801.89,1475.34
2010-11-05,1977.25,1811.16,1482.94
2010-11-08,1979.94,1813.62,1484.95
2010-11-09,2007.95,1839.28,1505.96
2010-11-10,1987.76,1820.79,1490.82
2010-11-11,1996.6,1828.88,1497.45
2010-11-12,1942.07,1778.94,1456.56
2010-11-15,1970.01,1804.53,1477.51
2010-11-16,1940.96,1777.92,1455.72
2010-11-17,1942.22,1779.08,1456.67
2010-11-18,1962.05,1797.24,1471.54
2010-11-19,1962.86,1797.98,1472.15
2010-11-22,1975.78,1809.81,1481.83
2010-11-23,2006.23,1837.71,1504.67
2010-11-24,2010.12,1841.27,1507.59
2010-11-26,1995.39,1827.78,1496.54
2010-11-29,2007.49,1838.86,1505.61
2010-11-30,2039.42,1868.11,1529.56
2010-12-01,2041.47,1869.98,1531.1
2010-12-02,2019.12,1849.52,1514.34
2010-12-03,2039.18,1867.89,1529.39
2010-12-06,2043.67,1872.0,1532.75
2010-12-07,2028.9,1858.47,1521.68
2010-12-08,1977.95,1811.8,1483.46
2010-12-09,2014.07,1844.88,1510.55
2010-12-10,2005.01,1836.59,1503.75
2010-12-13,2019.34,1849.72,1514.51
2010-12-14,2026.64,1856.4,1519.98
2010-12-15,2000.51,1832.47,1500.38
2010-12-16,1993.69,1826.22,1495.26
2010-12-17,2005.62,1837.14,1504.21
2010-12-20,2012.0,1842.99,1509.0
2010-12-21,2020.03,1850.35,1515.02
2010-12-22,2014.42,1845.21,1510.82
2010-12-23,1994.34,1826.82,1495.76
2010-12-27,2000.48,1832.44,1500.36
2010-12-28,2037.54,1866.38,1528.15
2010-12-29,2042.18,1870.63,1531.63
2010-12-30,2029.98,1859.46,1522.49
2010-12-31,2047.34,1875.36,1535.51
2011-01-03,2049.87,1877.68,1537.4
2011-01-04,1977.11,1811.03,1482.83
2011-01-05,1982.6,1816.06,1486.95
2011-01-06,1993.38,1825.93,1495.03
2011-01-07,1987.84,1820.86,1490.88
2011-01-10,2003.26,1834.98,1502.44
2011-01-11,2016.14,1846.79,1512.11
2011-01-12,2009.17,1840.4,1506.88
2011-01-13,2002.53,1834.32,1501.9
2011-01-14,1966.45,1801.27,1474.84
2011-01-18,1998.7,1830.81,1499.02
2011-01-19,1996.48,1828.77,1497.36
2011-01-20,1961.08,1796.35,1470.81
2011-01-21,1973.68,1807.89,1480.26
2011-01-24,1970.62,1805.08,1477.96
2011-01-25,1946.82,1783.29,1460.12
2011-01-26,1954.7,1790.51,1466.03
2011-01-27,1926.51,1764.69,1444.88
2011-01-28,1969.36,1803.93,1477.02
2011-01-31,1965.65,1800.54,1474.24
2011-02-01,1972.57,1806.87,1479.42
2011-02-02,1943.94,1780.65,1457.96
2011-02-03,1976.05,1810.06,1482.04
2011-02-04,1974.97,1809.07,1481.23
2011-02-07,1976.03,1810.04,1482.02
2011-02-08,1986.13,1819.3,1489.6
2011-02-09,1981.15,1814.73,1485.86
2011-02-10,1985.7,1818.9,1489.27
2011-02-11,1995.02,1827.44,1496.27
2011-02-14,2000.95,1832.87,1500.72
2011-02-15,2002.76,1834.53,1502.07
2011-02-16,2007.01,1838.42,1505.26
2011-02-17,2017.16,1847.72,1512.87
2011-02-18,2017.8,1848.3,1513.35
2011-02-22,2022.53,1852.63,1516.89
2011-02-23,2051.7,1879.36,1538.77
2011-02-24,2049.91,1877.71,1537.43
2011-02-25,2056.2,1883.48,1542.15
2011-02-28,2050.28,1878.05,1537.71
2011-03-01,2074.51,1900.25,1555.88
2011-03-02,2071.46,1897.46,1553.6
2011-03-03,2039.99,1868.63,1530.0
2011-03-04,2059.41,1886.42,1544.56
2011-03-07,2070.36,1896.45,1552.77
2011-03-08,2063.04,1889.74,1547.28
2011-03-09,2063.29,1889.97,1547.47
2011-03-10,2037.24,1866.12,1527.93
2011-03-11,2061.63,1888.45,1546.22
2011-03-14,2071.99,1897.94,1553.99
2011-03-15,2012.55,1843.5,1509.41
2011-03-16,2026.89,1856.63,1520.17
2011-03-17,2032.19,1861.48,1524.14
2011-03-18,2050.78,1878.51,1538.08
2011-03-21,2063.31,1889.99,1547.48
2011-03-22,2061.15,1888.01,1545.86
2011-03-23,2073.39,1899.23,1555.05
2011-03-24,2064.31,1890.91,1548.23
2011-03-25,2044.92,1873.14,1533.69
2011-03-28,2040.13,1868.76,1530.1
2011-03-29,2034.99,1864.05,1526.24
2011-03-30,2044.37,1872.64,1533.27
2011-03-31,2063.73,1890.38,1547.8
2011-04-01,2040.9,1869.46,1530.67
2011-04-04,2046.66,1874.74,1535.0
2011-04-05,2068.61,1894.84,1551.45
2011-04-06,2076.17,1901.77,1557.13
2011-04-07,2065.59,1892.08,1549.19
2011-04-08,2089.06,1913.57,1566.79
2011-04-11,2078.8,1904.18,1559.1
2011-04-12,2067.46,1893.8,1550.6
2011-04-13,2066.94,1893.32,1550.21
2011-04-14,2101.79,1925.24,1576.34
2011-04-15,2121.21,1943.03,1590.91
2011-04-18,2124.15,1945.72,1593.11
2011-04-19,2131.46,1952.42,1598.6
2011-04-20,2139.29,1959.59,1604.47
2011-04-21,2139.04,1959.36,1604.28
2011-04-25,2147.11,1966.75,1610.33
2011-04-26,2146.0,1965.74,1609.5
2011-04-27,2165.56,1983.66,1624.17
2011-04-28,2181.76,1998.49,1636.32
2011-04-29,2216.17,2030.02,1662.13
2011-05-02,2214.57,2028.55,1660.93
2011-05-03,2189.57,2005.64,1642.18
2011-05-04,2162.99,1981.3,1622.25
2011-05-05,2110.16,1932.91,1582.62
2011-05-06,2143.06,1963.04,1607.29
2011-05-09,2160.99,1979.46,1620.74
2011-05-10,2175.17,1992.46,1631.38
2011-05-11,2152.94,1972.1,1614.71
2011-05-12,2159.38,1977.99,1619.53
2011-05-13,2146.7,1966.38,1610.03
2011-05-16,2149.48,1968.92,1612.11
2011-05-17,2139.05,1959.37,1604.28
2011-05-18,2164.29,1982.49,1623.22
2011-05-19,2156.97,1975.78,1617.73
2011-05-20,2175.63,1992.88,1631.72
2011-05-23,2191.97,2007.84,1643.98
2011-05-24,2211.08,2025.35,1658.31
2011-05-25,2216.51,2030.32,1662.38
2011-05-26,2214.42,2028.41,1660.82
2011-05-27,2232.08,2044.58,1674.06
2011-05-31,2226.21,2039.21,1669.66
2011-06-01,2229.53,2042.25,1672.15
2011-06-02,2204.65,2019.46,1653.49
2011-06-03,2218.61,2032.25,1663.96
2011-06-06,2228.65,2041.44,1671.49
2011-06-07,2216.45,2030.26,1662.33
2011-06-08,2206.01,2020.71,1654.51
2011-06-09,2214.23,2028.23,1660.67
2011-06-10,2191.89,2007.77,1643.92
2011-06-13,2178.38,1995.4,1633.79
2011-06-14,2194.81,2010.45,1646.11
2011-06-15,2194.41,2010.08,1645.81
2011-06-16,2198.31,2013.65,1648.73
2011-06-17,2216.13,2029.97,1662.09
2011-06-20,2218.47,2032.12,1663.85
2011-06-21,2230.26,2042.92,1672.7
2011-06-22,2234.73,2047.01,1676.04
2011-06-23,2187.04,2003.32,1640.28
2011-06-24,2163.66,1981.91,1622.75
2011-06-27,2163.81,1982.05,1622.86
2011-06-28,2167.33,1985.27,1625.5
2011-06-29,2181.58,1998.33,1636.19
2011-06-30,2161.91,1980.31,1621.43
2011-07-01,2125.17,1946.66,1593.88
2011-07-05,2159.77,1978.35,1619.83
2011-07-06,2179.26,1996.2,1634.44
2011-07-07,2180.9,1997.71,1635.68
2011-07-08,2196.58,2012.07,1647.44
2011-07-11,2211.55,2025.78,1658.66
2011-07-12,2227.09,2040.01,1670.32
2011-07-13,2271.01,2080.25,1703.26
2011-07-14,2270.84,2080.09,1703.13
2011-07-15,2269.43,2078.8,1702.07
2011-07-18,2292.55,2099.97,1719.41
2011-07-19,2290.42,2098.02,1717.81
2011-07-20,2277.74,2086.41,1708.3
2011-07-21,2263.61,2073.47,1697.71
2011-07-22,2280.69,2089.12,1710.52
2011-07-25,2298.16,2105.12,1723.62
2011-07-26,2303.01,2109.55,1727.25
2011-07-27,2287.23,2095.1,1715.42
2011-07-28,2283.92,2092.07,1712.94
2011-07-29,2303.97,2110.44,1727.98
2011-08-01,2300.86,2107.58,1725.64
2011-08-02,2326.01,2130.62,1744.51
2011-08-03,2367.16,2168.32,1775.37
2011-08-04,2359.58,2161.38,1769.68
2011-08-05,2362.29,2163.86,1771.72
2011-08-08,2459.61,2253.0,1844.71
2011-08-09,2517.57,2306.09,1888.18
2011-08-10,2588.78,2371.32,1941.58
2011-08-11,2544.08,2330.37,1908.06
2011-08-12,2534.08,2321.22,1900.56
2011-08-15,2562.01,2346.8,1921.51
2011-08-16,2592.1,2374.36,1944.07
2011-08-17,2606.05,2387.14,1954.53
2011-08-18,2649.27,2426.73,1986.95
2011-08-19,2717.16,2488.92,2037.87
2011-08-22,2772.8,2539.88,2079.6
2011-08-23,2725.0,2496.1,2043.75
2011-08-24,2568.25,2352.52,1926.19
2011-08-25,2599.23,2380.9,1949.42
2011-08-26,2653.93,2431.0,1990.45
2011-08-29,2653.72,2430.81,1990.29
2011-08-30,2692.76,2466.57,2019.57
2011-08-31,2700.7,2473.84,2025.53
2011-09-01,2685.27,2459.71,2013.95
2011-09-02,2753.0,2521.75,2064.75
2011-09-06,2764.5,2532.28,2073.37
2011-09-07,2685.41,2459.84,2014.06
2011-09-08,2744.92,2514.35,2058.69
2011-09-09,2753.25,2521.98,2064.94
2011-09-12,2714.14,2486.15,2035.6
2011-09-13,2769.85,2537.18,2077.38
2011-09-14,2782.43,2548.71,2086.82
2011-09-15,2719.48,2491.05,2039.61
2011-09-16,2767.37,2534.91,2075.52
2011-09-19,2694.0,2467.7,2020.5
2011-09-20,2771.92,2539.08,2078.94
2011-09-21,2781.09,2547.47,2085.81
2011-09-22,2695.74,2469.29,2021.8
2011-09-23,2604.6,2385.81,1953.45
2011-09-26,2526.36,2314.15,1894.77
2011-09-27,2621.56,2401.35,1966.17
2011-09-28,2536.42,2323.36,1902.32
2011-09-29,2532.05,2319.36,1899.04
2011-09-30,2545.46,2331.64,1909.1
2011-10-03,2611.5,2392.13,1958.63
2011-10-04,2548.97,2334.85,1911.72
2011-10-05,2600.08,2381.68,1950.06
2011-10-06,2610.35,2391.08,1957.76
2011-10-07,2577.07,2360.6,1932.8
2011-10-10,2624.52,2404.06,1968.39
2011-10-11,2604.69,2385.89,1953.52
2011-10-12,2661.56,2437.99,1996.17
2011-10-13,2621.82,2401.58,1966.36
2011-10-14,2660.3,2436.83,1995.22
2011-10-17,2633.79,2412.56,1975.35
2011-10-18,2596.75,2378.63,1947.57
2011-10-19,2605.79,2386.9,1954.34
2011-10-20,2539.88,2326.53,1904.91
2011-10-21,2621.12,2400.95,1965.84
2011-10-24,2645.45,2423.23,1984.09
2011-10-25,2707.58,2480.14,2030.68
2011-10-26,2736.62,2506.75,2052.47
2011-10-27,2771.94,2539.1,2078.96
2011-10-28,2795.29,2560.49,2096.47
2011-10-31,2695.66,2469.22,2021.74
2011-11-01,2677.5,2452.59,2008.12
2011-11-02,2737.71,2507.74,2053.28
2011-11-03,2786.27,2552.22,2089.7
2011-11-04,2767.98,2535.47,2075.99
2011-11-07,2820.01,2583.13,2115.01
2011-11-08,2827.97,2590.42,2120.98
2011-11-09,2839.21,2600.71,2129.41
2011-11-10,2830.32,2592.58,2122.74
2011-11-11,2871.17,2629.99,2153.38
2011-11-14,2859.76,2619.54,2144.82
2011-11-15,2885.23,2642.87,2163.92
2011-11-16,2886.98,2644.47,2165.23
2011-11-17,2803.51,2568.02,2102.63
2011-11-18,2825.08,2587.78,2118.81
2011-11-21,2764.19,2532.0,2073.14
2011-11-22,2848.98,2609.66,2136.73
2011-11-23,2861.27,2620.92,2145.95
2011-11-25,2821.3,2584.31,2115.97
2011-11-28,2872.72,2631.41,2154.54
2011-11-29,2861.39,2621.03,2146.04
2011-11-30,2912.75,2668.08,2184.56
2011-12-01,2886.08,2643.65,2164.56
2011-12-02,2881.38,2639.35,2161.04
2011-12-05,2843.54,2604.68,2132.65
2011-12-06,2844.33,2605.4,2133.24
2011-12-07,2865.73,2625.0,2149.29
2011-12-08,2836.52,2598.25,2127.39
2011-12-09,2847.0,2607.85,2135.25
2011-12-12,2775.21,2542.09,2081.41
2011-12-13,2809.77,2573.75,2107.33
2011-12-14,2704.72,2477.53,2028.54
2011-12-15,2719.04,2490.64,2039.28
2011-12-16,2729.66,2500.37,2047.24
2011-12-19,2690.85,2464.82,2018.14
2011-12-20,2737.38,2507.44,2053.04
2011-12-21,2731.63,2502.17,2048.72
2011-12-22,2710.15,2482.5,2032.61
2011-12-23,2709.11,2481.54,2031.83
2011-12-27,2701.12,2474.23,2025.84
2011-12-28,2655.63,2432.55,1991.72
2011-12-29,2617.04,2397.21,1962.78
2011-12-30,2668.1,2443.98,2001.08
2012-01-03,2741.2,2510.94,2055.9
2012-01-04,2749.25,2518.31,2061.94
2012-01-05,2751.63,2520.49,2063.72
2012-01-06,2741.35,2511.07,2056.01
2012-01-09,2722.26,2493.59,2041.7
2012-01-10,2746.69,2515.97,2060.02
2012-01-11,2719.4,2490.97,2039.55
2012-01-12,2740.78,2510.55,2055.58
2012-01-13,2696.93,2470.39,2022.7
2012-01-17,2734.23,2504.56,2050.67
2012-01-18,2702.39,2475.39,2026.79
2012-01-19,2678.17,2453.2,2008.63
2012-01-20,2690.67,2464.65,2018.0
2012-01-23,2709.48,2481.88,2032.11
2012-01-24,2666.7,2442.7,2000.03
2012-01-25,2732.49,2502.96,2049.37
2012-01-26,2775.09,2541.98,2081.32
2012-01-27,2922.74,2677.23,2192.05
2012-01-30,2748.59,2517.7,2061.44
2012-01-31,2932.86,2686.5,2199.65
2012-02-01,2780.44,2546.88,2085.33
2012-02-02,2768.2,2535.67,2076.15
2012-02-03,2737.86,2507.88,2053.4
2012-02-06,2694.85,2468.49,2021.14
2012-02-07,2754.23,2522.87,2065.67
2012-02-08,2726.7,2497.66,2045.03
2012-02-09,2747.87,2517.05,2060.9
2012-02-10,2741.9,2511.58,2056.42
2012-02-13,2733.94,2504.29,2050.46
2012-02-14,2713.58,2485.63,2035.18
2012-02-15,2739.46,2509.34,2054.59
2012-02-16,2736.09,2506.26,2052.07
2012-02-17,2732.44,2502.92,2049.33
2012-02-21,2776.47,2543.25,2082.35
2012-02-22,2805.68,2570.0,2104.26
2012-02-23,2824.42,2587.16,2118.31
2012-02-24,2801.77,2566.43,2101.33
2012-02-27,2794.56,2559.82,2095.92
2012-02-28,2825.15,2587.84,2118.86
2012-02-29,2697.49,2470.9,2023.12
2012-03-01,2711.56,2483.79,2033.67
2012-03-02,2702.9,2475.85,2027.17
2012-03-05,2711.24,2483.5,2033.43
2012-03-06,2677.86,2452.92,2008.4
2012-03-07,2725.34,2496.41,2044.01
2012-03-08,2744.93,2514.36,2058.7
2012-03-09,2754.35,2522.98,2065.76
2012-03-12,2718.03,2489.72,2038.52
2012-03-13,2720.94,2492.38,2040.71
2012-03-14,2631.4,2410.36,1973.55
2012-03-15,2662.16,2438.53,1996.62
2012-03-16,2681.4,2456.16,2011.05
2012-03-19,2686.73,2461.04,2015.05
2012-03-20,2659.2,2435.83,1994.4
2012-03-21,2673.02,2448.48,2004.76
2012-03-22,2673.22,2448.67,2004.91
2012-03-23,2732.06,2502.57,2049.05
2012-03-26,2772.8,2539.88,2079.6
2012-03-27,2763.79,2531.63,2072.84
2012-03-28,2701.27,2474.37,2025.96
2012-03-29,2697.03,2470.48,2022.77
2012-03-30,2755.27,2523.83,2066.45
2012-04-02,2743.46,2513.01,2057.59
2012-04-03,2731.19,2501.77,2048.39
2012-04-04,2604.79,2385.99,1953.59
2012-04-05,2675.88,2451.11,2006.91
2012-04-09,2694.93,2468.55,2021.2
2012-04-10,2723.73,2494.93,2042.8
2012-04-11,2745.47,2514.85,2059.1
2012-04-12,2778.58,2545.18,2083.94
2012-04-13,2732.57,2503.03,2049.42
2012-04-16,2732.13,2502.64,2049.1
2012-04-17,2741.42,2511.14,2056.06
2012-04-18,2711.78,2483.99,2033.83
2012-04-19,2731.63,2502.18,2048.73
2012-04-20,2752.61,2521.39,2064.46
2012-04-23,2731.84,2502.37,2048.88
2012-04-24,2773.14,2540.19,2079.85
2012-04-25,2779.67,2546.18,2084.75
2012-04-26,2803.29,2567.81,2102.47
2012-04-27,2803.5,2568.0,2102.62
2012-04-30,2809.71,2573.69,2107.28
2012-05-01,2813.25,2576.93,2109.93
2012-05-02,2792.39,2557.83,2094.29
2012-05-03,2782.45,2548.73,2086.84
2012-05-04,2824.12,2586.9,2118.09
2012-05-07,2816.81,2580.2,2112.61
2012-05-08,2728.19,2499.03,2046.15
2012-05-09,2721.69,2493.07,2041.27
2012-05-10,2759.98,2528.14,2069.99
2012-05-11,2711.32,2483.57,2033.49
2012-05-14,2690.75,2464.73,2018.07
2012-05-15,2700.72,2473.86,2025.54
2012-05-16,2656.59,2433.43,1992.44
2012-05-17,2758.25,2526.56,2068.69
2012-05-18,2787.19,2553.06,2090.39
2012-05-21,2779.03,2545.59,2084.27
2012-05-22,2788.77,2554.52,2091.58
2012-05-23,2756.8,2525.23,2067.6
2012-05-24,2803.48,2567.98,2102.61
2012-05-25,2802.34,2566.94,2101.75
2012-05-29,2756.7,2525.13,2067.52
2012-05-30,2798.12,2563.08,2098.59
2012-05-31,2824.82,2587.54,2118.62
2012-06-01,2921.68,2676.26,2191.26
2012-06-04,2878.72,2636.91,2159.04
2012-06-05,2889.79,2647.05,2167.34
2012-06-06,2920.76,2675.41,2190.57
2012-06-07,2823.83,2586.63,2117.87
2012-06-08,2808.59,2572.67,2106.44
2012-06-11,2842.75,2603.96,2132.06
2012-06-12,2885.84,2643.43,2164.38
2012-06-13,2902.78,2658.95,2177.09
2012-06-14,2897.08,2653.72,2172.81
2012-06-15,2918.75,2673.58,2189.06
2012-06-18,2894.99,2651.81,2171.24
2012-06-19,2915.62,2670.7,2186.71
2012-06-20,2904.65,2660.66,2178.49
2012-06-21,2824.23,2587.0,2118.18
2012-06-22,2834.49,2596.4,2125.87
2012-06-25,2915.26,2670.38,2186.45
2012-06-26,2884.9,2642.57,2163.68
2012-06-27,2891.32,2648.45,2168.49
2012-06-28,2832.49,2594.56,2124.37
2012-06-29,2928.15,2682.18,2196.11
2012-07-02,2850.14,2610.73,2137.61
2012-07-03,2889.24,2646.54,2166.93
2012-07-05,2818.0,2581.29,2113.5
2012-07-06,2787.92,2553.74,2090.94
2012-07-09,2829.69,2591.99,2122.27
2012-07-10,2835.46,2597.28,2126.6
2012-07-11,2805.06,2569.43,2103.79
2012-07-12,2798.29,2563.23,2098.72
2012-07-13,2861.9,2621.5,2146.42
2012-07-16,2820.76,2583.82,2115.57
2012-07-17,2812.44,2576.2,2109.33
2012-07-18,2781.87,2548.19,2086.4
2012-07-19,2809.98,2573.94,2107.48
2012-07-20,2804.32,2568.76,2103.24
2012-07-23,2804.89,2569.28,2103.67
2012-07-24,2835.62,2597.43,2126.71
2012-07-25,2900.69,2657.03,2175.52
2012-07-26,2915.92,2670.98,2186.94
2012-07-27,2887.86,2645.28,2165.9
2012-07-30,2877.01,2635.34,2157.76
2012-07-31,2869.73,2628.68,2152.3
2012-08-01,2869.22,2628.2,2151.91
2012-08-02,2830.87,2593.08,2123.15
2012-08-03,2883.14,2640.96,2162.36
2012-08-06,2890.86,2648.03,2168.15
2012-08-07,2873.22,2631.87,2154.92
2012-08-08,2855.34,2615.49,2141.51
2012-08-09,2881.23,2639.21,2160.93
2012-08-10,2878.05,2636.3,2158.54
2012-08-13,2860.63,2620.33,2145.47
2012-08-14,2845.58,2606.55,2134.19
2012-08-15,2869.22,2628.2,2151.91
2012-08-16,2891.4,2648.52,2168.55
2012-08-17,2890.2,2647.42,2167.65
2012-08-20,2902.73,2658.9,2177.04
2012-08-21,2926.07,2680.28,2194.56
2012-08-22,2914.51,2669.69,2185.88
2012-08-23,2978.8,2728.58,2234.1
2012-08-24,2966.54,2717.35,2224.91
2012-08-27,2984.06,2733.4,2238.05
2012-08-28,2983.72,2733.09,2237.79
2012-08-29,2970.39,2720.87,2227.79
2012-08-30,2956.99,2708.6,2217.74
2012-08-31,3012.87,2759.79,2259.66
2012-09-04,3022.28,2768.4,2266.71
2012-09-05,3025.05,2770.95,2268.79
2012-09-06,3060.12,2803.07,2295.09
2012-09-07,3109.16,2847.99,2331.87
2012-09-10,3076.74,2818.29,2307.55
2012-09-11,3086.71,2827.43,2315.03
2012-09-12,3079.01,2820.37,2309.26
2012-09-13,3140.11,2876.34,2355.08
2012-09-14,3153.3,2888.43,2364.98
2012-09-17,3085.91,2826.69,2314.43
2012-09-18,3070.64,2812.71,2302.98
2012-09-19,3072.25,2814.18,2304.19
2012-09-20,3070.0,2812.12,2302.5
2012-09-21,3097.24,2837.07,2322.93
2012-09-24,3022.88,2768.96,2267.16
2012-09-25,3032.03,2777.34,2274.03
2012-09-26,3003.15,2750.89,2252.36
2012-09-27,3058.04,2801.17,2293.53
2012-09-28,3018.39,2764.84,2263.79
2012-10-01,3025.25,2771.13,2268.94
2012-10-02,2986.35,2735.5,2239.76
2012-10-03,2994.1,2742.59,2245.57
2012-10-04,3008.27,2755.57,2256.2
2012-10-05,2958.55,2710.03,2218.91
2012-10-08,2959.76,2711.14,2219.82
2012-10-09,2983.61,2732.99,2237.71
2012-10-10,2988.49,2737.45,2241.36
2012-10-11,3016.46,2763.08,2262.34
2012-10-12,2976.85,2726.79,2232.63
2012-10-15,2947.13,2699.57,2210.35
2012-10-16,2973.68,2723.89,2230.26
2012-10-17,2977.1,2727.03,2232.83
2012-10-18,2963.16,2714.26,2222.37
2012-10-19,2958.23,2709.74,2218.67
2012-10-22,2986.03,2735.2,2239.52
2012-10-23,2936.63,2689.95,2202.47
2012-10-24,2936.89,2690.19,2202.67
2012-10-25,2957.57,2709.14,2218.18
2012-10-26,2945.5,2698.08,2209.12
2012-10-31,2979.5,2729.22,2234.62
2012-11-01,2969.19,2719.78,2226.89
2012-11-02,2887.79,2645.22,2165.85
2012-11-05,2910.15,2665.7,2182.61
2012-11-06,3008.32,2755.62,2256.24
2012-11-07,2997.38,2745.6,2248.03
2012-11-08,3006.52,2753.97,2254.89
2012-11-09,3023.96,2769.94,2267.97
2012-11-12,3036.75,2781.66,2277.56
2012-11-13,3042.12,2786.58,2281.59
2012-11-14,3051.47,2795.15,2288.6
2012-11-15,3018.76,2765.18,2264.07
2012-11-16,3014.73,2761.5,2261.05
2012-11-19,3075.02,2816.72,2306.27
2012-11-20,3050.33,2794.1,2287.75
2012-11-21,3060.87,2803.76,2295.65
2012-11-23,3108.52,2847.4,2331.39
2012-11-26,3118.54,2856.58,2338.91
2012-11-27,3116.34,2854.57,2337.25
2012-11-28,3059.99,2802.95,2294.99
2012-11-29,3093.23,2833.4,2319.92
2012-11-30,3016.46,2763.07,2262.34
2012-12-03,2999.73,2747.75,2249.8
2012-12-04,2983.55,2732.93,2237.66
2012-12-05,2974.86,2724.97,2231.15
2012-12-06,2981.37,2730.93,2236.03
2012-12-07,2965.67,2716.55,2224.25
2012-12-10,2992.62,2741.24,2244.47
2012-12-11,2992.47,2741.11,2244.36
2012-12-12,2994.5,2742.96,2245.87
2012-12-13,2961.13,2712.4,2220.85
2012-12-14,2969.12,2719.71,2226.84
2012-12-17,2970.13,2720.63,2227.59
2012-12-18,2944.0,2696.7,2208.0
2012-12-19,2938.71,2691.86,2204.03
2012-12-20,2884.76,2642.44,2163.57
2012-12-21,2925.66,2679.91,2194.25
2012-12-24,2935.98,2689.36,2201.98
2012-12-26,2935.43,2688.86,2201.58
2012-12-27,2931.3,2685.07,2198.47
2012-12-28,2923.26,2677.7,2192.44
2012-12-31,2948.23,2700.58,2211.17
2013-01-02,2967.22,2717.98,2225.42
2013-01-03,2924.5,2678.84,2193.38
2013-01-04,2887.72,2645.15,2165.79
2013-01-07,2903.37,2659.49,2177.53
2013-01-08,2949.66,2701.89,2212.24
2013-01-09,2925.53,2679.78,2194.15
2013-01-10,2952.36,2704.36,2214.27
2013-01-11,2911.77,2667.18,2183.83
2013-01-14,2944.02,2696.72,2208.01
2013-01-15,2949.3,2701.56,2211.97
2013-01-16,2954.56,2706.38,2215.92
2013-01-17,2972.16,2722.5,2229.12
2013-01-18,2947.04,2699.49,2210.28
2013-01-22,2926.31,2680.5,2194.73
2013-01-23,2917.24,2672.19,2187.93
2013-01-24,2880.66,2638.69,2160.5
2013-01-25,2858.59,2618.47,2143.94
2013-01-28,2857.8,2617.74,2143.35
2013-01-29,2878.29,2636.52,2158.72
2013-01-30,2903.47,2659.58,2177.6
2013-01-31,2845.82,2606.77,2134.37
2013-02-01,2856.07,2616.16,2142.05
2013-02-04,2863.47,2622.94,2147.6
2013-02-05,2864.97,2624.31,2148.73
2013-02-06,2865.95,2625.21,2149.47
2013-02-07,2854.56,2614.78,2140.92
2013-02-08,2850.52,2611.08,2137.89
2013-02-11,2839.67,2601.14,2129.75
2013-02-12,2860.15,2619.89,2145.11
2013-02-13,2846.52,2607.42,2134.89
2013-02-14,2828.5,2590.91,2121.38
2013-02-15,2788.86,2554.59,2091.64
2013-02-19,2793.25,2558.62,2094.94
2013-02-20,2747.2,2516.44,2060.4
2013-02-21,2743.42,2512.98,2057.57
2013-02-22,2753.56,2522.26,2065.17
2013-02-25,2767.79,2535.29,2075.84
2013-02-26,2797.1,2562.14,2097.82
2013-02-27,2774.0,2540.99,2080.5
2013-02-28,2731.9,2502.42,2048.93
2013-03-01,2747.38,2516.6,2060.54
2013-03-04,2774.77,2541.69,2081.08
2013-03-05,2777.16,2543.88,2082.87
2013-03-06,2780.2,2546.66,2085.15
2013-03-07,2770.17,2537.48,2077.63
2013-03-08,2765.48,2533.18,2074.11
2013-03-11,2756.68,2525.12,2067.51
2013-03-12,2783.94,2550.09,2087.96
2013-03-13,2764.76,2532.52,2073.57
2013-03-14,2780.07,2546.54,2085.05
2013-03-15,2782.88,2549.11,2087.16
2013-03-18,2787.0,2552.89,2090.25
2013-03-19,2801.22,2565.92,2100.92
2013-03-20,2809.86,2573.83,2107.4
2013-03-21,2819.94,2583.07,2114.96
2013-03-22,2802.94,2567.5,2102.21
2013-03-25,2803.5,2568.01,2102.63
2013-03-26,2779.15,2545.7,2084.36
2013-03-27,2807.33,2571.52,2105.5
2013-03-28,2788.69,2554.44,2091.52
2013-04-01,2792.12,2557.58,2094.09
2013-04-02,2747.25,2516.48,2060.44
2013-04-03,2716.99,2488.77,2037.75
2013-04-04,2715.49,2487.39,2036.62
2013-04-05,2779.84,2546.33,2084.88
2013-04-08,2769.79,2537.13,2077.35
2013-04-09,2782.32,2548.61,2086.74
2013-04-10,2734.38,2504.7,2050.79
2013-04-11,2741.64,2511.34,2056.23
2013-04-12,2620.33,2400.22,1965.24
2013-04-15,2384.63,2184.32,1788.47
2013-04-16,2431.89,2227.61,1823.92
2013-04-17,2406.27,2204.14,1804.7
2013-04-18,2426.01,2222.23,1819.51
2013-04-19,2423.47,2219.9,1817.6
2013-04-22,2463.99,2257.02,1847.99
2013-04-23,2451.78,2245.83,1838.83
2013-04-24,2488.52,2279.48,1866.39
2013-04-25,2550.72,2336.46,1913.04
2013-04-26,2533.84,2321.0,1900.38
2013-04-29,2565.21,2349.73,1923.91
2013-04-30,2566.74,2351.13,1925.05
2013-05-01,2501.59,2291.45,1876.19
2013-05-02,2531.99,2319.31,1898.99
2013-05-03,2533.19,2320.4,1899.89
2013-05-06,2538.44,2325.21,1903.83
2013-05-07,2523.72,2311.73,1892.79
2013-05-08,2564.96,2349.5,1923.72
2013-05-09,2557.5,2342.67,1918.13
2013-05-10,2505.94,2295.44,1879.46
2013-05-13,2527.53,2315.21,1895.64
2013-05-14,2511.4,2300.45,1883.55
2013-05-15,2460.35,2253.68,1845.26
2013-05-16,2442.89,2237.69,1832.17
2013-05-17,2403.8,2201.88,1802.85
2013-05-20,2442.86,2237.66,1832.14
2013-05-21,2441.13,2236.08,1830.85
2013-05-22,2436.25,2231.61,1827.19
2013-05-23,2490.68,2281.47,1868.01
2013-05-24,2483.83,2275.19,1862.87
2013-05-28,2463.7,2256.75,1847.77
2013-05-29,2509.78,2298.96,1882.34
2013-05-30,2554.85,2340.24,1916.13
2013-05-31,2524.22,2312.18,1893.16
2013-06-03,2567.69,2352.0,1925.77
2013-06-04,2545.4,2331.59,1909.05
2013-06-05,2537.43,2324.28,1903.07
2013-06-06,2581.79,2364.92,1936.34
2013-06-07,2527.27,2314.98,1895.45
2013-06-10,2533.12,2320.34,1899.84
2013-06-11,2516.31,2304.94,1887.23
2013-06-12,2543.35,2329.71,1907.51
2013-06-13,2561.25,2346.11,1920.94
2013-06-14,2586.87,2369.57,1940.15
2013-06-17,2556.25,2341.52,1917.19
2013-06-18,2552.88,2338.44,1914.66
2013-06-19,2598.42,2380.15,1948.81
2013-06-20,2427.35,2223.45,1820.51
2013-06-21,2473.61,2265.83,1855.21
2013-06-24,2432.95,2228.59,1824.72
2013-06-25,2451.28,2245.37,1838.46
2013-06-26,2358.43,2160.32,1768.82
2013-06-27,2364.61,2165.99,1773.46
2013-06-28,2368.16,2169.23,1776.12
2013-07-01,2403.55,2201.65,1802.66
2013-07-02,2374.09,2174.67,1780.57
2013-07-03,2397.16,2195.8,1797.87
2013-07-05,2346.56,2149.45,1759.92
2013-07-08,2391.03,2190.18,1793.27
2013-07-09,2430.95,2226.75,1823.22
2013-07-10,2410.1,2207.65,1807.57
2013-07-11,2464.76,2257.72,1848.57
2013-07-12,2457.82,2251.37,1843.37
2013-07-15,2471.72,2264.09,1853.79
2013-07-16,2482.04,2273.55,1861.53
2013-07-17,2436.08,2231.45,1827.06
2013-07-18,2450.09,2244.28,1837.57
2013-07-19,2483.94,2275.29,1862.95
2013-07-22,2549.32,2335.17,1911.99
2013-07-23,2563.36,2348.04,1922.52
2013-07-24,2535.49,2322.51,1901.62
2013-07-25,2526.4,2314.18,1894.8
2013-07-26,2505.34,2294.89,1879.0
2013-07-29,2522.39,2310.51,1891.8
2013-07-30,2529.02,2316.59,1896.77
2013-07-31,2565.77,2350.25,1924.33
2013-08-01,2555.53,2340.87,1916.65
2013-08-02,2546.45,2332.55,1909.84
2013-08-05,2558.76,2343.82,1919.07
2013-08-06,2511.53,2300.56,1883.65
2013-08-07,2513.32,2302.2,1884.99
2013-08-08,2579.09,2362.45,1934.32
2013-08-09,2563.2,2347.89,1922.4
2013-08-12,2603.53,2384.83,1952.65
2013-08-13,2606.85,2387.87,1955.13
2013-08-14,2635.53,2414.15,1976.65
2013-08-15,2683.06,2457.68,2012.29
2013-08-16,2701.64,2474.7,2026.23
2013-08-19,2744.83,2514.26,2058.62
2013-08-20,2818.73,2581.96,2114.05
2013-08-21,2792.01,2557.48,2094.01
2013-08-22,2851.86,2612.31,2138.9
2013-08-23,2890.25,2647.47,2167.69
2013-08-26,2869.44,2628.4,2152.08
2013-08-27,2936.47,2689.81,2202.36
2013-08-28,3050.28,2794.06,2287.71
2013-08-29,3059.42,2802.43,2294.57
2013-08-30,3024.84,2770.76,2268.63
2013-09-03,3019.34,2765.72,2264.51
2013-09-04,3065.93,2808.39,2299.44
2013-09-05,2925.57,2679.82,2194.17
2013-09-06,2942.86,2695.66,2207.15
2013-09-09,2908.74,2664.41,2181.56
2013-09-10,2809.47,2573.47,2107.1
2013-09-11,2789.76,2555.42,2092.32
2013-09-12,2701.56,2474.63,2026.17
2013-09-13,2676.24,2451.44,2007.18
2013-09-16,2681.69,2456.43,2011.27
2013-09-17,2664.6,2440.77,1998.45
2013-09-18,2656.51,2433.36,1992.38
2013-09-19,2799.25,2564.11,2099.44
2013-09-20,2664.27,2440.47,1998.2
2013-09-23,2675.69,2450.93,2006.76
2013-09-24,2652.01,2429.24,1989.01
2013-09-25,2693.83,2467.55,2020.38
2013-09-26,2656.69,2433.53,1992.52
2013-09-27,2656.27,2433.15,1992.21
2013-09-30,2682.98,2457.61,2012.24
2013-10-01,2587.42,2370.08,1940.57
2013-10-02,2658.31,2435.01,1993.73
2013-10-03,2629.0,2408.16,1971.75
2013-10-04,2609.0,2389.84,1956.75
2013-10-07,2614.38,2394.77,1960.78
2013-10-08,2613.19,2393.68,1959.89
2013-10-09,2606.36,2387.43,1954.77
2013-10-10,2576.65,2360.21,1932.49
2013-10-11,2511.66,2300.68,1883.75
2013-10-14,2502.86,2292.62,1877.14
2013-10-15,2512.15,2301.13,1884.11
2013-10-16,2548.46,2334.39,1911.35
2013-10-17,2613.21,2393.7,1959.91
2013-10-18,2582.02,2365.13,1936.51
2013-10-21,2590.5,2372.89,1942.87
2013-10-22,2616.5,2396.72,1962.38
2013-10-23,2624.19,2403.75,1968.14
2013-10-24,2670.58,2446.25,2002.93
2013-10-25,2671.89,2447.45,2003.91
2013-10-28,2670.66,2446.32,2003.0
2013-10-29,2660.26,2436.79,1995.19
2013-10-30,2665.17,2441.29,1998.88
2013-10-31,2609.45,2390.26,1957.09
2013-11-01,2626.75,2406.1,1970.06
2013-11-04,2628.9,2408.08,1971.68
2013-11-05,2606.45,2387.51,1954.84
2013-11-06,2633.41,2412.2,1975.06
2013-11-07,2627.86,2407.12,1970.9
2013-11-08,2595.55,2377.53,1946.67
2013-11-11,2608.66,2389.54,1956.5
2013-11-12,2594.22,2376.31,1945.67
2013-11-13,2608.08,2389.0,1956.06
2013-11-14,2620.49,2400.37,1965.37
2013-11-15,2609.08,2389.91,1956.81
2013-11-18,2564.97,2349.52,1923.73
2013-11-19,2546.51,2332.61,1909.89
2013-11-20,2511.88,2300.88,1883.91
2013-11-21,2509.11,2298.34,1881.83
2013-11-22,2519.32,2307.69,1889.49
2013-11-25,2483.52,2274.9,1862.64
2013-11-26,2494.61,2285.07,1870.96
2013-11-27,2485.67,2276.87,1864.25
2013-11-29,2509.48,2298.69,1882.11
2013-12-02,2454.54,2248.36,1840.91
2013-12-03,2447.76,2242.15,1835.82
2013-12-04,2502.66,2292.44,1877.0
2013-12-05,2446.3,2240.81,1834.72
2013-12-06,2435.8,2231.19,1826.85
2013-12-09,2428.62,2224.62,1821.47
2013-12-10,2470.54,2263.01,1852.9
2013-12-11,2467.35,2260.1,1850.52
2013-12-12,2427.68,2223.75,1820.76
2013-12-13,2469.53,2262.09,1852.15
2013-12-16,2490.24,2281.06,1867.68
2013-12-17,2445.5,2240.08,1834.12
2013-12-18,2452.45,2246.44,1839.34
2013-12-19,2383.2,2183.01,1787.4
2013-12-20,2420.0,2216.72,1815.0
2013-12-23,2389.6,2188.87,1792.2
2013-12-24,2395.98,2194.72,1796.99
2013-12-26,2411.92,2209.32,1808.94
2013-12-27,2419.81,2216.54,1814.85
2013-12-30,2385.43,2185.05,1789.07
2013-12-31,2387.3,2186.77,1790.47
2014-01-02,2435.55,2230.96,1826.66
2014-01-03,2470.95,2263.39,1853.21
2014-01-06,2476.52,2268.49,1857.39
2014-01-07,2462.87,2255.99,1847.15
2014-01-08,2445.6,2240.17,1834.2
2014-01-09,2455.16,2248.93,1841.37
2014-01-10,2476.28,2268.28,1857.21
2014-01-13,2470.95,2263.39,1853.21
2014-01-14,2460.89,2254.18,1845.67
2014-01-15,2446.86,2241.33,1835.15
2014-01-16,2453.41,2247.32,1840.06
2014-01-17,2471.73,2264.1,1853.8
2014-01-21,2461.07,2254.34,1845.81
2014-01-22,2468.56,2261.2,1851.42
2014-01-23,2511.52,2300.55,1883.64
2014-01-24,2525.87,2313.7,1894.4
2014-01-27,2548.45,2334.38,1911.34
2014-01-28,2549.18,2335.05,1911.88
2014-01-29,2531.42,2318.78,1898.57
2014-01-30,2494.82,2285.26,1871.12
2014-01-31,2484.31,2275.62,1863.23
2014-02-03,2532.67,2319.93,1899.5
2014-02-04,2530.08,2317.55,1897.56
2014-02-05,2511.49,2300.52,1883.62
2014-02-06,2516.13,2304.77,1887.1
2014-02-07,2527.53,2315.22,1895.65
2014-02-10,2544.8,2331.04,1908.6
2014-02-11,2590.2,2372.62,1942.65
2014-02-12,2583.23,2366.24,1937.42
2014-02-13,2578.77,2362.15,1934.08
2014-02-14,2635.58,2414.19,1976.69
2014-02-18,2631.64,2410.58,1973.73
2014-02-19,2641.33,2419.46,1981.0
2014-02-20,2636.44,2414.98,1977.33
2014-02-21,2644.52,2422.38,1983.39
2014-02-24,2668.12,2444.0,2001.09
2014-02-25,2680.0,2454.88,2010.0
2014-02-26,2646.62,2424.3,1984.97
2014-02-27,2660.76,2437.26,1995.57
2014-02-28,2634.86,2413.53,1976.14
2014-03-03,2683.4,2458.0,2012.55
2014-03-04,2674.01,2449.39,2005.51
2014-03-05,2654.25,2431.29,1990.68
2014-03-06,2683.45,2458.04,2012.59
2014-03-07,2615.67,2395.95,1961.75
2014-03-10,2640.66,2418.85,1980.5
2014-03-11,2632.52,2411.39,1974.39
2014-03-12,2689.19,2463.29,2016.89
2014-03-13,2681.0,2455.8,2010.75
2014-03-14,2724.88,2495.99,2043.66
2014-03-17,2691.64,2465.54,2018.73
2014-03-18,2667.01,2442.98,2000.26
2014-03-19,2635.4,2414.03,1976.55
2014-03-20,2607.23,2388.22,1955.42
2014-03-21,2634.46,2413.16,1975.84
2014-03-24,2572.36,2356.28,1929.27
2014-03-25,2554.62,2340.03,1915.97
2014-03-26,2523.53,2311.56,1892.65
2014-03-27,2504.19,2293.84,1878.14
2014-03-28,2505.7,2295.22,1879.27
2014-03-31,2469.13,2261.73,1851.85
2014-04-01,2467.99,2260.68,1850.99
2014-04-02,2480.3,2271.96,1860.23
2014-04-03,2473.45,2265.68,1855.09
2014-04-04,2530.27,2317.73,1897.7
2014-04-07,2490.13,2280.96,1867.6
2014-04-08,2529.59,2317.1,1897.19
2014-04-09,2522.14,2310.28,1891.61
2014-04-10,2544.83,2331.07,1908.62
2014-04-11,2556.55,2341.8,1917.41
2014-04-14,2574.73,2358.46,1931.05
2014-04-15,2521.97,2310.12,1891.48
2014-04-16,2526.3,2314.1,1894.73
2014-04-17,2505.42,2294.97,1879.07
2014-04-21,2490.82,2281.59,1868.11
2014-04-22,2490.1,2280.93,1867.57
2014-04-23,2508.57,2297.85,1881.43
2014-04-24,2531.34,2318.7,1898.5
2014-04-25,2555.94,2341.24,1916.96
2014-04-28,2532.28,2319.57,1899.21
2014-04-29,2526.83,2314.58,1895.12
2014-04-30,2516.68,2305.28,1887.51
2014-05-01,2480.11,2271.78,1860.08
2014-05-02,2518.63,2307.07,1888.98
2014-05-05,2525.96,2313.78,1894.47
2014-05-06,2528.39,2316.01,1896.3
2014-05-07,2484.85,2276.13,1863.64
2014-05-08,2478.9,2270.67,1859.17
2014-05-09,2480.36,2272.01,1860.27
2014-05-12,2493.02,2283.61,1869.77
2014-05-13,2473.2,2265.45,1854.9
2014-05-14,2489.79,2280.64,1867.34
2014-05-15,2470.27,2262.76,1852.7
2014-05-16,2466.97,2259.75,1850.23
2014-05-19,2435.71,2231.11,1826.78
2014-05-20,2429.22,2225.17,1821.92
2014-05-21,2425.93,2222.15,1819.45
2014-05-22,2443.3,2238.06,1832.47
2014-05-23,2420.04,2216.76,1815.03
2014-05-27,2386.09,2185.66,1789.57
2014-05-28,2390.3,2189.51,1792.72
2014-05-29,2376.2,2176.6,1782.15
2014-05-30,2358.76,2160.63,1769.07
2014-06-02,2366.68,2167.88,1775.01
2014-06-03,2366.7,2167.9,1775.03
2014-06-04,2371.73,2172.51,1778.8
2014-06-05,2387.28,2186.75,1790.46
2014-06-06,2381.66,2181.6,1786.25
2014-06-09,2384.53,2184.23,1788.39
2014-06-10,2397.73,2196.32,1798.29
2014-06-11,2396.47,2195.16,1797.35
2014-06-12,2429.52,2225.44,1822.14
2014-06-13,2427.87,2223.92,1820.9
2014-06-16,2447.16,2241.6,1835.37
2014-06-17,2456.84,2250.47,1842.63
2014-06-18,2467.73,2260.44,1850.8
2014-06-19,2526.16,2313.96,1894.62
2014-06-20,2545.78,2331.93,1909.33
2014-06-23,2549.6,2335.43,1912.2
2014-06-24,2554.57,2339.99,1915.93
2014-06-25,2558.66,2343.73,1918.99
2014-06-26,2536.7,2323.62,1902.52
2014-06-27,2547.8,2333.79,1910.85
2014-06-30,2551.42,2337.1,1913.57
2014-07-01,2557.4,2342.58,1918.05
2014-07-02,2568.18,2352.45,1926.13
2014-07-03,2523.34,2311.38,1892.5
2014-07-07,2527.65,2315.33,1895.74
2014-07-08,2536.42,2323.36,1902.32
2014-07-09,2542.94,2329.34,1907.21
2014-07-10,2571.99,2355.95,1929.0
2014-07-11,2587.21,2369.89,1940.41
2014-07-14,2523.61,2311.62,1892.7
2014-07-15,2504.28,2293.92,1878.21
2014-07-16,2514.09,2302.9,1885.57
2014-07-17,2543.36,2329.72,1907.52
2014-07-18,2550.76,2336.49,1913.07
2014-07-21,2545.93,2332.07,1909.44
2014-07-22,2530.02,2317.5,1897.52
2014-07-23,2520.55,2308.82,1890.41
2014-07-24,2483.81,2275.17,1862.86
2014-07-25,2516.25,2304.89,1887.19
2014-07-28,2516.34,2304.97,1887.26
2014-07-29,2506.56,2296.01,1879.92
2014-07-30,2499.58,2289.62,1874.69
2014-07-31,2481.98,2273.5,1861.49
2014-08-01,2527.43,2315.13,1895.58
2014-08-04,2534.04,2321.18,1900.53
2014-08-05,2514.05,2302.87,1885.53
2014-08-06,2556.1,2341.38,1917.07
2014-08-07,2578.74,2362.13,1934.06
2014-08-08,2577.02,2360.55,1932.77
2014-08-11,2572.03,2355.98,1929.02
2014-08-12,2571.86,2355.82,1928.9
2014-08-13,2583.94,2366.89,1937.96
2014-08-14,2577.66,2361.13,1933.24
2014-08-15,2543.28,2329.64,1907.46
2014-08-18,2535.57,2322.58,1901.68
2014-08-19,2532.45,2319.72,1899.34
2014-08-20,2525.8,2313.63,1894.35
2014-08-21,2481.92,2273.44,1861.44
2014-08-22,2484.56,2275.86,1863.42
2014-08-25,2482.98,2274.41,1862.24
2014-08-26,2497.56,2287.76,1873.17
2014-08-27,2490.48,2281.28,1867.86
2014-08-28,2504.52,2294.14,1878.39
2014-08-29,2505.58,2295.11,1879.19
2014-09-02,2458.98,2252.43,1844.24
2014-09-03,2475.42,2267.49,1856.57
2014-09-04,2456.3,2249.97,1842.22
2014-09-05,2456.84,2250.47,1842.63
2014-09-08,2432.14,2227.84,1824.1
2014-09-09,2420.36,2217.05,1815.27
2014-09-10,2430.35,2226.2,1822.76
2014-09-11,2418.82,2215.64,1814.12
2014-09-12,2404.56,2202.58,1803.42
2014-09-15,2405.37,2203.32,1804.03
2014-09-16,2421.28,2217.89,1815.96
2014-09-17,2423.0,2219.47,1817.25
2014-09-18,2400.21,2198.59,1800.16
2014-09-19,2371.33,2172.14,1778.49
2014-09-22,2380.63,2180.66,1785.47
2014-09-23,2394.62,2193.47,1795.96
2014-09-24,2389.13,2188.44,1791.85
2014-09-25,2387.55,2187.0,1790.66
2014-09-26,2400.21,2198.59,1800.16
2014-09-29,2393.16,2192.13,1794.87
2014-09-30,2395.55,2194.32,1796.66
2014-10-01,2414.09,2211.3,1810.57
2014-10-02,2409.12,2206.75,1806.84
2014-10-03,2355.0,2157.18,1766.25
2014-10-06,2387.45,2186.9,1790.58
2014-10-07,2384.56,2184.26,1788.42
2014-10-08,2374.29,2174.85,1780.72
2014-10-09,2396.95,2195.61,1797.72
2014-10-10,2395.4,2194.19,1796.55
2014-10-13,2421.88,2218.45,1816.41
2014-10-14,2419.45,2216.21,1814.59
2014-10-15,2455.64,2249.37,1841.73
2014-10-16,2447.74,2242.13,1835.8
2014-10-17,2457.33,2250.92,1843.0
2014-10-20,2454.04,2247.9,1840.53
2014-10-21,2462.62,2255.76,1846.97
2014-10-22,2447.02,2241.47,1835.26
2014-10-23,2413.28,2210.56,1809.96
2014-10-24,2419.77,2216.51,1814.83
2014-10-27,2416.94,2213.92,1812.71
2014-10-28,2422.48,2218.99,1816.86
2014-10-29,2408.21,2205.92,1806.16
2014-10-30,2360.61,2162.32,1770.46
2014-10-31,2313.06,2118.76,1734.79
2014-11-03,2308.38,2114.48,1731.29
2014-11-04,2305.0,2111.38,1728.75
2014-11-05,2256.96,2067.37,1692.72
2014-11-06,2253.86,2064.54,1690.4
2014-11-07,2312.35,2118.11,1734.26
2014-11-10,2293.33,2100.69,1719.99
2014-11-11,2300.29,2107.07,1725.22
2014-11-12,2291.09,2098.63,1718.31
2014-11-13,2290.88,2098.45,1718.16
2014-11-14,2346.61,2149.49,1759.96
2014-11-17,2347.02,2149.87,1760.27
2014-11-18,2378.63,2178.82,1783.97
2014-11-19,2368.43,2169.49,1776.33
2014-11-20,2371.1,2171.93,1778.33
2014-11-21,2384.07,2183.8,1788.05
2014-11-24,2373.82,2174.42,1780.36
2014-11-25,2380.58,2180.61,1785.43
2014-11-26,2379.08,2179.24,1784.31
2014-11-28,2337.02,2140.71,1752.77
2014-12-01,2435.84,2231.23,1826.88
2014-12-02,2388.41,2187.79,1791.31
2014-12-03,2400.72,2199.06,1800.54
2014-12-04,2401.37,2199.66,1801.03
2014-12-05,2363.98,2165.4,1772.98
2014-12-08,2378.03,2178.28,1783.52
2014-12-09,2447.6,2242.0,1835.7
2014-12-10,2444.6,2239.26,1833.45
2014-12-11,2442.16,2237.02,1831.62
2014-12-12,2454.45,2248.28,1840.84
2014-12-15,2426.47,2222.65,1819.85
2014-12-16,2424.69,2221.01,1818.52
2014-12-17,2444.12,2238.82,1833.09
2014-12-18,2439.76,2234.82,1829.82
2014-12-19,2421.64,2218.22,1816.23
2014-12-22,2398.58,2197.1,1798.93
2014-12-23,2394.28,2193.16,1795.71
2014-12-24,2393.26,2192.22,1794.94
2014-12-26,2440.79,2235.76,1830.59
2014-12-29,2415.94,2213.0,1811.96
2014-12-30,2456.58,2250.23,1842.44
2014-12-31,2412.37,2209.73,1809.28
2015-01-02,2403.31,2201.43,1802.48
2015-01-05,2449.25,2243.52,1836.94
2015-01-06,2482.94,2274.37,1862.2
2015-01-07,2474.17,2266.34,1855.63
2015-01-08,2458.22,2251.73,1843.66
2015-01-09,2450.02,2244.22,1837.52
2015-01-12,2470.99,2263.43,1853.24
2015-01-13,2463.08,2256.19,1847.31
2015-01-14,2459.51,2252.91,1844.63
2015-01-15,2524.56,2312.5,1893.42
2015-01-16,2547.68,2333.68,1910.76
2015-01-20,2564.72,2349.29,1923.54
2015-01-21,2564.15,2348.76,1923.11
2015-01-22,2574.05,2357.83,1930.54
2015-01-23,2559.89,2344.86,1919.92
2015-01-26,2526.96,2314.7,1895.22
2015-01-27,2552.92,2338.47,1914.69
2015-01-28,2538.56,2325.32,1903.92
2015-01-29,2474.67,2266.8,1856.0
2015-01-30,2540.11,2326.74,1905.08
2015-02-02,2544.44,2330.71,1908.33
2015-02-03,2500.0,2290.0,1875.0
2015-02-04,2503.51,2293.21,1877.63
2015-02-05,2509.92,2299.09,1882.44
2015-02-06,2449.0,2243.28,1836.75
2015-02-09,2471.87,2264.23,1853.9
2015-02-10,2460.15,2253.5,1845.11
2015-02-11,2443.29,2238.05,1832.47
2015-02-12,2447.06,2241.51,1835.3
2015-02-13,2451.54,2245.61,1838.66
2015-02-17,2415.38,2212.49,1811.54
2015-02-18,2395.74,2194.49,1796.8
2015-02-19,2409.04,2206.68,1806.78
2015-02-20,2407.17,2204.97,1805.38
2015-02-23,2396.51,2195.2,1797.38
2015-02-24,2392.41,2191.45,1794.31
2015-02-25,2403.0,2201.15,1802.25
2015-02-26,2406.37,2204.23,1804.77
2015-02-27,2407.54,2205.31,1805.65
2015-03-02,2393.81,2192.73,1795.36
2015-03-03,2396.15,2194.88,1797.12
2015-03-04,2385.99,2185.57,1789.49
2015-03-05,2395.57,2194.34,1796.68
2015-03-06,2337.03,2140.72,1752.77
2015-03-09,2342.03,2145.3,1756.52
2015-03-10,2337.58,2141.22,1753.19
2015-03-11,2320.12,2125.23,1740.09
2015-03-12,2324.5,2129.24,1743.37
2015-03-13,2317.35,2122.7,1738.02
2015-03-16,2338.82,2142.36,1754.12
2015-03-17,2318.09,2123.37,1738.57
2015-03-18,2317.94,2123.23,1738.46
2015-03-19,2356.47,2158.52,1767.35
2015-03-20,2380.11,2180.18,1785.09
2015-03-23,2383.49,2183.27,1787.61
2015-03-24,2384.01,2183.76,1788.01
2015-03-25,2397.33,2195.96,1798.0
2015-03-26,2420.08,2216.79,1815.06
2015-03-27,2423.59,2220.01,1817.7
2015-03-30,2381.33,2181.3,1786.0
2015-03-31,2377.69,2177.96,1783.27
2015-04-01,2420.05,2216.76,1815.03
2015-04-02,2400.33,2198.7,1800.25
2015-04-06,2431.44,2227.2,1823.58
2015-04-07,2415.48,2212.58,1811.61
2015-04-08,2410.15,2207.69,1807.61
2015-04-09,2386.24,2185.8,1789.68
2015-04-10,2413.34,2210.62,1810.01
2015-04-13,2400.99,2199.31,1800.74
2015-04-14,2392.66,2191.67,1794.49
2015-04-15,2407.13,2204.93,1805.35
2015-04-16,2403.05,2201.19,1802.29
2015-04-17,2410.4,2207.93,1807.8
2015-04-20,2399.89,2198.3,1799.92
2015-04-21,2442.08,2236.94,1831.56
2015-04-22,2399.41,2197.86,1799.55
2015-04-23,2416.76,2213.75,1812.57
2015-04-24,2391.21,2190.34,1793.4
2015-04-27,2462.62,2255.76,1846.96
2015-04-28,2464.42,2257.4,1848.31
2015-04-29,2451.73,2245.78,1838.8
2015-04-30,2411.75,2209.16,1808.81
2015-05-01,2398.69,2197.2,1799.02
2015-05-04,2423.81,2220.21,1817.86
2015-05-05,2439.57,2234.65,1829.68
2015-05-06,2424.11,2220.49,1818.08
2015-05-07,2420.04,2216.75,1815.03
2015-05-08,2449.88,2244.09,1837.41
2015-05-11,2423.35,2219.79,1817.51
2015-05-12,2454.72,2248.52,1841.04
2015-05-13,2515.3,2304.02,1886.48
2015-05-14,2523.17,2311.23,1892.38
2015-05-15,2498.32,2288.46,1873.74
2015-05-18,2504.0,2293.66,1878.0
2015-05-19,2472.86,2265.14,1854.64
2015-05-20,2479.13,2270.89,1859.35
2015-05-21,2463.71,2256.76,1847.78
2015-05-22,2463.54,2256.6,1847.66
2015-05-26,2426.46,2222.64,1819.85
2015-05-27,2439.25,2234.35,1829.44
2015-05-28,2439.88,2234.93,1829.91
2015-05-29,2440.67,2235.66,1830.5
2015-06-01,2435.02,2230.47,1826.26
2015-06-02,2442.06,2236.93,1831.55
2015-06-03,2424.82,2221.13,1818.61
2015-06-04,2419.76,2216.5,1814.82
2015-06-05,2402.96,2201.11,1802.22
2015-06-08,2405.05,2203.03,1803.79
2015-06-09,2421.56,2218.15,1816.17
2015-06-10,2442.02,2236.89,1831.52
2015-06-11,2420.19,2216.9,1815.14
2015-06-12,2425.52,2221.77,1819.14
2015-06-15,2442.43,2237.27,1831.83
2015-06-16,2431.03,2226.82,1823.27
2015-06-17,2427.5,2223.59,1820.62
2015-06-18,2472.38,2264.7,1854.28
2015-06-19,2458.55,2252.03,1843.91
2015-06-22,2416.3,2213.33,1812.23
2015-06-23,2401.56,2199.83,1801.17
2015-06-24,2397.72,2196.31,1798.29
2015-06-25,2394.04,2192.94,1795.53
2015-06-26,2394.97,2193.8,1796.23
2015-06-29,2403.87,2201.94,1802.9
2015-06-30,2400.14,2198.53,1800.1
2015-07-01,2389.98,2189.22,1792.48
2015-07-02,2377.11,2177.44,1782.84
2015-07-06,2390.94,2190.1,1793.2
2015-07-07,2347.7,2150.5,1760.78
2015-07-08,2375.63,2176.08,1781.72
2015-07-09,2368.49,2169.54,1776.37
2015-07-10,2358.46,2160.35,1768.85
2015-07-13,2352.93,2155.28,1764.69
2015-07-14,2355.06,2157.24,1766.3
2015-07-15,2335.6,2139.41,1751.7
2015-07-16,2336.03,2139.8,1752.02
2015-07-17,2309.99,2115.96,1732.5
2015-07-20,2258.84,2069.09,1694.13
2015-07-21,2257.1,2067.51,1692.83
2015-07-22,2231.08,2043.67,1673.31
2015-07-23,2239.25,2051.15,1679.44
2015-07-24,2228.48,2041.28,1671.36
2015-07-27,2259.73,2069.92,1694.8
2015-07-28,2263.45,2073.32,1697.58
2015-07-29,2242.73,2054.34,1682.05
2015-07-30,2235.45,2047.67,1676.59
2015-07-31,2257.07,2067.48,1692.8
2015-08-03,2240.9,2052.66,1680.67
2015-08-04,2248.62,2059.74,1686.47
2015-08-05,2227.67,2040.54,1670.75
2015-08-06,2232.59,2045.05,1674.44
2015-08-07,2241.88,2053.56,1681.41
2015-08-10,2262.57,2072.52,1696.93
2015-08-11,2273.28,2082.32,1704.96
2015-08-12,2322.92,2127.8,1742.19
2015-08-13,2324.38,2129.13,1743.28
2015-08-14,2335.36,2139.19,1751.52
2015-08-17,2342.03,2145.3,1756.53
2015-08-18,2350.42,2152.99,1762.82
2015-08-19,2373.68,2174.29,1780.26
2015-08-20,2411.54,2208.97,1808.65
2015-08-21,2440.52,2235.51,1830.39
2015-08-24,2448.42,2242.75,1836.31
2015-08-25,2444.73,2239.37,1833.55
2015-08-26,2396.57,2195.26,1797.43
2015-08-27,2383.69,2183.46,1787.77
2015-08-28,2406.38,2204.25,1804.79
2015-08-31,2406.4,2204.26,1804.8
2015-09-01,2429.08,2225.03,1821.81
2015-09-02,2418.51,2215.35,1813.88
2015-09-03,2392.6,2191.62,1794.45
2015-09-04,2383.62,2183.4,1787.71
2015-09-08,2406.36,2204.22,1804.77
2015-09-09,2353.2,2155.53,1764.9
2015-09-10,2375.6,2176.05,1781.7
2015-09-11,2352.89,2155.24,1764.67
2015-09-14,2358.81,2160.67,1769.11
2015-09-15,2351.25,2153.75,1763.44
2015-09-16,2390.36,2189.57,1792.77
2015-09-17,2377.89,2178.15,1783.42
2015-09-18,2419.45,2216.22,1814.59
2015-09-21,2399.32,2197.77,1799.49
2015-09-22,2377.75,2178.02,1783.31
2015-09-23,2396.65,2195.33,1797.49
2015-09-24,2454.31,2248.15,1840.73
2015-09-25,2439.89,2234.94,1829.92
2015-09-28,2407.98,2205.71,1805.98
2015-09-29,2401.07,2199.38,1800.8
2015-09-30,2364.16,2165.57,1773.12
2015-10-01,2347.33,2150.15,1760.5
2015-10-02,2398.9,2197.39,1799.18
2015-10-05,2391.46,2190.58,1793.6
2015-10-06,2401.11,2199.42,1800.84
2015-10-07,2407.97,2205.7,1805.98
2015-10-08,2389.95,2189.19,1792.46
2015-10-09,2416.25,2213.28,1812.18
2015-10-12,2425.87,2222.09,1819.4
2015-10-13,2428.11,2224.15,1821.09
2015-10-14,2469.39,2261.97,1852.05
2015-10-15,2476.7,2268.66,1857.53
2015-10-16,2465.26,2258.18,1848.95
2015-10-19,2440.45,2235.46,1830.34
2015-10-20,2459.92,2253.29,1844.94
2015-10-21,2439.82,2234.88,1829.87
2015-10-22,2443.92,2238.63,1832.94
2015-10-23,2432.93,2228.56,1824.7
2015-10-26,2434.48,2229.98,1825.86
2015-10-27,2434.66,2230.15,1826.0
2015-10-28,2462.44,2255.59,1846.83
2015-10-29,2395.42,2194.21,1796.57
2015-10-30,2401.8,2200.05,1801.35
2015-11-02,2388.75,2188.09,1791.56
2015-11-03,2347.83,2150.61,1760.87
2015-11-04,2331.25,2135.43,1748.44
2015-11-05,2328.74,2133.13,1746.56
2015-11-06,2302.93,2109.49,1727.2
2015-11-09,2313.12,2118.82,1734.84
2015-11-10,2325.48,2130.14,1744.11
2015-11-11,2308.41,2114.5,1731.31
2015-11-12,2295.59,2102.76,1721.69
2015-11-13,2295.07,2102.28,1721.3
2015-11-16,2301.33,2108.02,1726.0
2015-11-17,2264.19,2073.99,1698.14
2015-11-18,2269.21,2078.6,1701.91
2015-11-19,2290.06,2097.69,1717.54
2015-11-20,2287.01,2094.9,1715.25
2015-11-23,2265.41,2075.11,1699.06
2015-11-24,2292.42,2099.86,1719.32
2015-11-25,2281.87,2090.19,1711.4
2015-11-27,2260.15,2070.3,1695.11
2015-11-30,2292.41,2099.85,1719.31
2015-12-01,2274.7,2083.63,1706.03
2015-12-02,2252.58,2063.37,1689.44
2015-12-03,2271.88,2081.05,1703.91
2015-12-04,2329.25,2133.59,1746.94
2015-12-07,2306.07,2112.36,1729.56
2015-12-08,2310.43,2116.35,1732.82
2015-12-09,2315.47,2120.97,1736.6
2015-12-10,2307.77,2113.92,1730.83
2015-12-11,2312.34,2118.1,1734.25
2015-12-14,2298.29,2105.24,1723.72
2015-12-15,2292.02,2099.49,1719.01
2015-12-16,2318.76,2123.98,1739.07
2015-12-17,2244.2,2055.69,1683.15
2015-12-18,2278.15,2086.79,1708.62
2015-12-21,2304.36,2110.8,1728.27
2015-12-22,2289.96,2097.61,1717.47
2015-12-23,2277.57,2086.25,1708.17
2015-12-24,2291.1,2098.64,1718.32
2015-12-28,2269.48,2078.84,1702.11
2015-12-29,2291.04,2098.59,1718.28
2015-12-30,2258.34,2068.64,1693.75
2015-12-31,2265.41,2075.12,1699.06
2016-01-04,2287.98,2095.79,1715.98
2016-01-05,2309.15,2115.18,1731.86
2016-01-06,2335.35,2139.18,1751.51
2016-01-07,2376.27,2176.66,1782.2
2016-01-08,2361.98,2163.57,1771.49
2016-01-11,2356.33,2158.4,1767.25
2016-01-12,2331.26,2135.44,1748.45
2016-01-13,2339.78,2143.24,1754.84
2016-01-14,2311.08,2116.95,1733.31
2016-01-15,2361.87,2163.47,1771.4
2016-01-19,2372.67,2173.36,1779.5
2016-01-20,2412.1,2209.49,1809.08
2016-01-21,2401.1,2199.41,1800.83
2016-01-22,2391.98,2191.05,1793.98
2016-01-25,2402.1,2200.33,1801.58
2016-01-26,2442.98,2237.77,1832.23
2016-01-27,2431.82,2227.55,1823.86
2016-01-28,2446.01,2240.54,1834.51
2016-01-29,2444.07,2238.77,1833.05
2016-02-01,2461.16,2254.42,1845.87
2016-02-02,2460.28,2253.62,1845.21
2016-02-03,2494.65,2285.1,1870.99
2016-02-04,2528.09,2315.73,1896.06
2016-02-05,2515.01,2303.75,1886.26
2016-02-08,2611.28,2391.93,1958.46
2016-02-09,2623.59,2403.2,1967.69
2016-02-10,2609.15,2389.98,1956.86
2016-02-11,2723.93,2495.12,2042.95
2016-02-12,2727.86,2498.72,2045.9
2016-02-16,2646.09,2423.82,1984.57
2016-02-17,2667.47,2443.4,2000.6
2016-02-18,2694.59,2468.25,2020.95
2016-02-19,2712.35,2484.51,2034.26
2016-02-22,2665.19,2441.31,1998.89
2016-02-23,2694.81,2468.45,2021.11
2016-02-24,2732.12,2502.62,2049.09
2016-02-25,2721.98,2493.34,2041.49
2016-02-26,2698.04,2471.41,2023.53
2016-02-29,2726.57,2497.54,2044.93
2016-03-01,2698.37,2471.7,2023.77
2016-03-02,2703.22,2476.15,2027.41
2016-03-03,2724.25,2495.41,2043.19
2016-03-04,2741.33,2511.06,2056.0
2016-03-07,2718.21,2489.88,2038.66
2016-03-08,2720.55,2492.03,2040.42
2016-03-09,2721.26,2492.68,2040.95
2016-03-10,2745.94,2515.28,2059.46
2016-03-11,2723.87,2495.06,2042.9
2016-03-14,2677.08,2452.2,2007.81
2016-03-15,2657.29,2434.07,1992.96
2016-03-16,2662.22,2438.6,1996.67
2016-03-17,2716.95,2488.72,2037.71
2016-03-18,2685.17,2459.61,2013.88
2016-03-21,2654.31,2431.35,1990.74
2016-03-22,2669.48,2445.25,2002.11
2016-03-23,2626.69,2406.04,1970.01
2016-03-24,2627.17,2406.49,1970.38
2016-03-28,2624.14,2403.71,1968.1
2016-03-29,2657.91,2434.65,1993.43
2016-03-30,2617.93,2398.03,1963.45
2016-03-31,2633.51,2412.3,1975.13
2016-04-01,2603.19,2384.52,1952.39
2016-04-04,2598.55,2380.27,1948.91
2016-04-05,2611.85,2392.46,1958.89
2016-04-06,2612.48,2393.03,1959.36
2016-04-07,2644.34,2422.21,1983.25
2016-04-08,2667.64,2443.56,2000.73
2016-04-11,2688.63,2462.79,2016.47
2016-04-12,2684.12,2458.66,2013.09
2016-04-13,2658.27,2434.98,1993.7
2016-04-14,2620.06,2399.98,1965.05
2016-04-15,2641.83,2419.91,1981.37
2016-04-18,2643.53,2421.48,1982.65
2016-04-19,2675.28,2450.55,2006.46
2016-04-20,2668.17,2444.04,2001.13
2016-04-21,2658.5,2435.19,1993.88
2016-04-22,2627.46,2406.76,1970.6
2016-04-25,2654.89,2431.88,1991.17
2016-04-26,2664.04,2440.26,1998.03
2016-04-27,2669.09,2444.89,2001.82
2016-04-28,2699.77,2472.99,2024.83
2016-04-29,2753.77,2522.45,2065.33
2016-05-02,2764.69,2532.45,2073.51
2016-05-03,2754.19,2522.84,2065.64
2016-05-04,2726.11,2497.12,2044.58
2016-05-05,2723.19,2494.44,2042.39
2016-05-06,2768.49,2535.94,2076.37
2016-05-09,2709.71,2482.09,2032.28
2016-05-10,2711.23,2483.48,2033.42
2016-05-11,2731.93,2502.44,2048.95
2016-05-12,2719.65,2491.2,2039.74
2016-05-13,2729.62,2500.33,2047.21
2016-05-16,2738.93,2508.86,2054.2
2016-05-17,2743.93,2513.44,2057.95
2016-05-18,2738.27,2508.25,2053.7
2016-05-19,2708.12,2480.64,2031.09
2016-05-20,2717.0,2488.77,2037.75
2016-05-23,2712.01,2484.2,2034.01
2016-05-24,2664.87,2441.02,1998.65
2016-05-25,2661.15,2437.61,1995.86
2016-05-26,2640.14,2418.37,1980.11
2016-05-27,2612.85,2393.37,1959.64
2016-05-31,2621.99,2401.75,1966.5
2016-06-01,2619.55,2399.51,1964.66
2016-06-02,2622.6,2402.3,1966.95
2016-06-03,2682.94,2457.57,2012.2
2016-06-06,2680.67,2455.49,2010.5
2016-06-07,2672.6,2448.1,2004.45
2016-06-08,2704.13,2476.99,2028.1
2016-06-09,2716.13,2487.97,2037.09
2016-06-10,2732.43,2502.9,2049.32
2016-06-13,2764.45,2532.24,2073.34
2016-06-14,2775.67,2542.52,2081.76
2016-06-15,2782.06,2548.37,2086.54
2016-06-16,2794.97,2560.19,2096.23
2016-06-17,2796.93,2561.99,2097.7
2016-06-20,2781.52,2547.88,2086.14
2016-06-21,2742.09,2511.76,2056.57
2016-06-22,2756.1,2524.59,2067.08
2016-06-23,2733.86,2504.22,2050.4
2016-06-24,2853.68,2613.97,2140.26
2016-06-27,2886.08,2643.65,2164.56
2016-06-28,2872.23,2630.97,2154.17
2016-06-29,2881.82,2639.75,2161.36
2016-06-30,2857.6,2617.56,2143.2
2016-07-01,2900.91,2657.24,2175.69
2016-07-05,2932.15,2685.85,2199.12
2016-07-06,2958.82,2710.28,2219.12
2016-07-07,2947.32,2699.75,2210.49
2016-07-08,2943.93,2696.64,2207.95
2016-07-11,2924.55,2678.89,2193.42
2016-07-12,2880.0,2638.08,2160.0
2016-07-13,2886.05,2643.62,2164.54
2016-07-14,2868.01,2627.1,2151.01
2016-07-15,2850.5,2611.06,2137.88
2016-07-18,2867.18,2626.34,2150.39
2016-07-19,2874.13,2632.71,2155.6
2016-07-20,2849.56,2610.2,2137.17
2016-07-21,2873.04,2631.71,2154.78
2016-07-22,2856.64,2616.68,2142.48
2016-07-25,2848.1,2608.86,2136.07
2016-07-26,2862.11,2621.7,2146.59
2016-07-27,2869.74,2628.68,2152.3
2016-07-28,2872.6,2631.31,2154.45
2016-07-29,2906.18,2662.06,2179.64
2016-08-01,2895.75,2652.51,2171.82
2016-08-02,2928.13,2682.17,2196.1
2016-08-03,2907.05,2662.85,2180.28
2016-08-04,2916.5,2671.52,2187.38
2016-08-05,2871.91,2630.67,2153.93
2016-08-08,2865.2,2624.52,2148.9
2016-08-09,2875.47,2633.93,2156.6
2016-08-10,2886.38,2643.92,2164.78
2016-08-11,2881.43,2639.39,2161.07
2016-08-12,2866.28,2625.51,2149.71
2016-08-15,2882.81,2640.66,2162.11
2016-08-16,2903.24,2659.37,2177.43
2016-08-17,2886.16,2643.73,2164.62
2016-08-18,2906.51,2662.37,2179.88
2016-08-19,2879.6,2637.71,2159.7
2016-08-22,2887.02,2644.51,2165.27
2016-08-23,2895.86,2652.61,2171.9
2016-08-24,2858.42,2618.32,2143.82
2016-08-25,2850.42,2610.98,2137.81
2016-08-26,2846.88,2607.74,2135.16
2016-08-29,2855.14,2615.31,2141.36
2016-08-30,2829.33,2591.66,2121.99
2016-08-31,2820.51,2583.59,2115.38
2016-09-01,2825.54,2588.2,2119.16
2016-09-02,2839.13,2600.65,2129.35
2016-09-06,2883.31,2641.11,2162.48
2016-09-07,2863.56,2623.02,2147.67
2016-09-08,2856.89,2616.91,2142.67
2016-09-09,2841.65,2602.95,2131.23
2016-09-12,2836.14,2597.9,2127.1
2016-09-13,2829.51,2591.83,2122.13
2016-09-14,2846.43,2607.33,2134.82
2016-09-15,2819.19,2582.38,2114.39
2016-09-16,2806.54,2570.79,2104.9
2016-09-19,2832.17,2594.26,2124.12
2016-09-20,2827.95,2590.4,2120.96
2016-09-21,2857.21,2617.2,2142.9
2016-09-22,2877.06,2635.39,2157.8
2016-09-23,2864.23,2623.64,2148.18
2016-09-26,2872.77,2631.46,2154.58
2016-09-27,2839.34,2600.84,2129.51
2016-09-28,2818.42,2581.67,2113.81
2016-09-29,2818.72,2581.95,2114.04
2016-09-30,2821.22,2584.24,2115.92
2016-10-03,2800.63,2565.38,2100.47
2016-10-04,2702.51,2475.5,2026.88
2016-10-05,2708.2,2480.71,2031.15
2016-10-06,2674.64,2449.97,2005.98
2016-10-07,2677.69,2452.76,2008.27
2016-10-11,2678.34,2453.36,2008.76
2016-10-12,2686.89,2461.19,2015.17
2016-10-13,2696.05,2469.59,2022.04
2016-10-14,2690.6,2464.59,2017.95
2016-10-17,2690.22,2464.24,2017.66
2016-10-18,2707.12,2479.72,2030.34
2016-10-19,2720.5,2491.98,2040.38
2016-10-20,2711.43,2483.67,2033.57
2016-10-21,2720.41,2491.9,2040.31
2016-10-24,2714.87,2486.82,2036.15
2016-10-25,2733.01,2503.44,2049.76
2016-10-26,2715.61,2487.5,2036.71
2016-10-27,2725.64,2496.68,2044.23
2016-10-28,2743.57,2513.11,2057.68
2016-10-31,2730.0,2500.68,2047.5
2016-11-01,2757.2,2525.59,2067.9
2016-11-02,2801.47,2566.14,2101.1
2016-11-03,2795.54,2560.71,2096.65
2016-11-04,2794.22,2559.5,2095.66
2016-11-07,2744.76,2514.2,2058.57
2016-11-08,2732.18,2502.68,2049.13
2016-11-09,2709.78,2482.16,2032.34
2016-11-10,2705.97,2478.67,2029.48
2016-11-14,2652.05,2429.28,1989.04
2016-11-15,2667.13,2443.09,2000.35
2016-11-16,2664.75,2440.91,1998.56
2016-11-17,2658.85,2435.51,1994.14
2016-11-18,2641.1,2419.25,1980.83
2016-11-21,2651.1,2428.41,1988.32
2016-11-22,2655.94,2432.84,1991.95
2016-11-23,2614.41,2394.8,1960.8
2016-11-25,2604.08,2385.34,1953.06
2016-11-28,2622.41,2402.13,1966.81
2016-11-29,2618.26,2398.33,1963.7
2016-11-30,2582.55,2365.61,1936.91
2016-12-01,2573.19,2357.05,1929.9
2016-12-02,2577.24,2360.75,1932.93
2016-12-05,2567.09,2351.45,1925.32
2016-12-06,2553.13,2338.67,1914.85
2016-12-07,2558.34,2343.44,1918.76
2016-12-08,2536.09,2323.06,1902.07
2016-12-09,2512.6,2301.54,1884.45
2016-12-12,2523.52,2311.54,1892.64
2016-12-13,2507.19,2296.59,1880.39
2016-12-14,2515.99,2304.64,1886.99
2016-12-15,2459.13,2252.56,1844.34
2016-12-16,2476.39,2268.37,1857.29
2016-12-19,2487.37,2278.43,1865.53
2016-12-20,2467.93,2260.62,1850.95
2016-12-21,2469.12,2261.71,1851.84
2016-12-22,2461.51,2254.74,1846.13
2016-12-23,2468.72,2261.35,1851.54
2016-12-27,2478.08,2269.93,1858.56
2016-12-28,2489.84,2280.69,1867.38
2016-12-29,2535.8,2322.79,1901.85
2016-12-30,2511.71,2300.73,1883.78
2017-01-03,2541.92,2328.4,1906.44
2017-01-04,2554.45,2339.88,1915.84
2017-01-05,2574.78,2358.49,1931.08
2017-01-06,2552.01,2337.64,1914.0
2017-01-09,2592.85,2375.05,1944.64
2017-01-10,2592.65,2374.87,1944.49
2017-01-11,2626.1,2405.51,1969.58
2017-01-12,2626.49,2405.87,1969.87
2017-01-13,2618.2,2398.27,1963.65
2017-01-17,2653.42,2430.53,1990.07
2017-01-18,2644.29,2422.17,1983.22
2017-01-19,2633.11,2411.93,1974.83
2017-01-20,2636.4,2414.94,1977.3
2017-01-23,2659.31,2435.93,1994.48
2017-01-24,2648.02,2425.58,1986.01
2017-01-25,2623.93,2403.52,1967.95
2017-01-26,2599.51,2381.15,1949.63
2017-01-27,2603.17,2384.51,1952.38
2017-01-30,2612.85,2393.37,1959.64
2017-01-31,2635.35,2413.98,1976.51
2017-02-01,2616.42,2396.64,1962.32
2017-02-02,2636.36,2414.9,1977.27
2017-02-03,2635.17,2413.82,1976.38
2017-02-06,2655.76,2432.68,1991.82
2017-02-07,2666.34,2442.37,1999.75
2017-02-08,2679.46,2454.39,2009.6
2017-02-09,2659.11,2435.74,1994.33
2017-02-10,2648.91,2426.4,1986.68
2017-02-13,2631.33,2410.29,1973.49
2017-02-14,2633.07,2411.89,1974.8
2017-02-15,2644.33,2422.21,1983.25
2017-02-16,2665.72,2441.8,1999.29
2017-02-17,2672.47,2447.98,2004.35
2017-02-21,2664.3,2440.5,1998.23
2017-02-22,2652.47,2429.66,1989.35
2017-02-23,2689.61,2463.68,2017.21
2017-02-24,2694.67,2468.32,2021.0
2017-02-27,2693.81,2467.53,2020.36
2017-02-28,2685.87,2460.26,2014.4
2017-03-01,2678.41,2453.43,2008.81
2017-03-02,2648.01,2425.58,1986.01
2017-03-03,2633.74,2412.51,1975.31
2017-03-06,2628.76,2407.94,1971.57
2017-03-07,2604.35,2385.58,1953.26
2017-03-08,2588.32,2370.9,1941.24
2017-03-09,2581.0,2364.2,1935.75
2017-03-10,2574.09,2357.87,1930.57
2017-03-13,2570.18,2354.28,1927.63
2017-03-14,2556.94,2342.16,1917.71
2017-03-15,2537.87,2324.69,1903.4
2017-03-16,2587.6,2370.25,1940.7
2017-03-17,2586.03,2368.8,1939.52
2017-03-20,2596.54,2378.43,1947.4
2017-03-21,2617.53,2397.66,1963.15
2017-03-22,2630.67,2409.69,1973.0
2017-03-23,2620.4,2400.29,1965.3
2017-03-24,2626.32,2405.71,1969.74
2017-03-27,2639.4,2417.69,1979.55
2017-03-28,2625.14,2404.63,1968.85
2017-03-29,2623.78,2403.39,1967.84
2017-03-30,2592.99,2375.18,1944.74
2017-03-31,2598.18,2379.94,1948.64
2017-04-03,2605.74,2386.86,1954.31
2017-04-04,2617.75,2397.86,1963.31
2017-04-05,2604.64,2385.85,1953.48
2017-04-06,2614.48,2394.86,1960.86
2017-04-07,2604.3,2385.53,1953.22
2017-04-10,2584.78,2367.66,1938.58
2017-04-11,2639.18,2417.49,1979.38
2017-04-12,2649.95,2427.35,1987.46
2017-04-13,2666.6,2442.6,1999.95
2017-04-17,2671.94,2447.49,2003.95
2017-04-18,2674.82,2450.13,2006.11
2017-04-19,2660.15,2436.7,1995.11
2017-04-20,2664.35,2440.54,1998.26
2017-04-21,2676.33,2451.52,2007.25
2017-04-24,2651.4,2428.68,1988.55
2017-04-25,2620.03,2399.94,1965.02
2017-04-26,2611.16,2391.82,1958.37
2017-04-27,2601.06,2382.57,1950.79
2017-04-28,2607.63,2388.59,1955.72
2017-05-01,2589.26,2371.76,1941.94
2017-05-02,2589.82,2372.27,1942.36
2017-05-03,2567.46,2351.79,1925.59
2017-05-04,2531.98,2319.3,1898.99
2017-05-05,2526.9,2314.64,1895.17
2017-05-08,2533.37,2320.56,1900.03
2017-05-09,2514.68,2303.44,1886.01
2017-05-10,2529.82,2317.32,1897.37
2017-05-11,2537.5,2324.35,1903.13
2017-05-12,2537.28,2324.15,1902.96
2017-05-15,2534.56,2321.66,1900.92
2017-05-16,2542.71,2329.13,1907.04
2017-05-17,2583.45,2366.44,1937.59
2017-05-18,2584.81,2367.69,1938.61
2017-05-19,2612.7,2393.23,1959.52
2017-05-22,2612.25,2392.82,1959.19
2017-05-23,2602.11,2383.54,1951.59
2017-05-24,2612.64,2393.18,1959.48
2017-05-25,2614.68,2395.05,1961.01
2017-05-26,2630.5,2409.54,1972.87
2017-05-30,2617.59,2397.72,1963.19
2017-05-31,2642.62,2420.64,1981.97
2017-06-01,2627.41,2406.71,1970.56
2017-06-02,2642.49,2420.52,1981.86
2017-06-05,2649.0,2426.49,1986.75
2017-06-06,2677.73,2452.8,2008.3
2017-06-07,2672.01,2447.56,2004.01
2017-06-08,2643.34,2421.3,1982.5
2017-06-09,2620.07,2399.99,1965.05
2017-06-12,2620.53,2400.41,1965.4
2017-06-13,2623.66,2403.27,1967.74
2017-06-14,2633.6,2412.38,1975.2
2017-06-15,2583.26,2366.27,1937.44
2017-06-16,2602.87,2384.23,1952.15
2017-06-19,2575.92,2359.55,1931.94
2017-06-20,2572.99,2356.86,1929.75
2017-06-21,2579.68,2362.99,1934.76
2017-06-22,2588.84,2371.38,1941.63
2017-06-23,2608.68,2389.55,1956.51
2017-06-26,2584.4,2367.31,1938.3
2017-06-27,2581.53,2364.68,1936.15
2017-06-28,2589.0,2371.52,1941.75
2017-06-29,2580.6,2363.83,1935.45
2017-06-30,2584.24,2367.16,1938.18
2017-07-03,2529.77,2317.27,1897.33
2017-07-05,2541.32,2327.85,1905.99
2017-07-06,2545.95,2332.09,1909.46
2017-07-07,2514.59,2303.36,1885.94
2017-07-10,2517.91,2306.41,1888.43
2017-07-11,2521.03,2309.26,1890.77
2017-07-12,2527.0,2314.73,1895.25
2017-07-13,2516.99,2305.56,1887.74
2017-07-14,2540.7,2327.28,1905.53
2017-07-17,2547.26,2333.29,1910.45
2017-07-18,2566.91,2351.29,1925.18
2017-07-19,2566.17,2350.61,1924.63
2017-07-20,2571.9,2355.86,1928.92
2017-07-21,2594.01,2376.11,1945.51
2017-07-24,2598.67,2380.38,1949.0
2017-07-25,2590.25,2372.67,1942.69
2017-07-26,2587.95,2370.56,1940.96
2017-07-27,2605.77,2386.89,1954.33
2017-07-28,2617.46,2397.6,1963.1
2017-07-31,2611.24,2391.9,1958.43
2017-08-01,2626.31,2405.7,1969.74
2017-08-02,2619.2,2399.18,1964.4
2017-08-03,2594.03,2376.14,1945.53
2017-08-04,2576.88,2360.42,1932.66
2017-08-07,2575.38,2359.05,1931.54
2017-08-08,2578.36,2361.78,1933.77
2017-08-09,2607.22,2388.22,1955.42
2017-08-10,2636.77,2415.28,1977.57
2017-08-11,2655.37,2432.32,1991.53
2017-08-14,2645.77,2423.53,1984.33
2017-08-15,2627.96,2407.21,1970.97
2017-08-16,2638.21,2416.6,1978.65
2017-08-17,2653.59,2430.69,1990.2
2017-08-18,2653.32,2430.45,1989.99
2017-08-21,2659.16,2435.79,1994.37
2017-08-22,2650.79,2428.12,1988.09
2017-08-23,2654.48,2431.51,1990.86
2017-08-24,2647.37,2424.99,1985.53
2017-08-25,2660.96,2437.44,1995.72
2017-08-28,2694.71,2468.35,2021.03
2017-08-29,2693.0,2466.79,2019.75
2017-08-30,2691.05,2465.0,2018.29
2017-08-31,2707.27,2479.86,2030.45
2017-09-01,2721.6,2492.99,2041.2
2017-09-05,2756.73,2525.17,2067.55
2017-09-06,2748.98,2518.07,2061.74
2017-09-07,2768.41,2535.86,2076.3
2017-09-08,2767.43,2534.97,2075.57
2017-09-11,2735.77,2505.97,2051.83
2017-09-12,2731.7,2502.24,2048.78
2017-09-13,2722.56,2493.87,2041.92
2017-09-14,2730.67,2501.29,2048.0
2017-09-15,2723.5,2494.72,2042.62
2017-09-18,2692.95,2466.74,2019.71
2017-09-19,2696.71,2470.19,2022.54
2017-09-20,2712.23,2484.4,2034.17
2017-09-21,2667.37,2443.31,2000.53
2017-09-22,2694.51,2468.17,2020.89
2017-09-25,2726.37,2497.35,2044.78
2017-09-26,2721.52,2492.91,2041.14
2017-09-27,2696.49,2469.98,2022.37
2017-09-28,2708.13,2480.65,2031.1
2017-09-29,2692.91,2466.7,2019.68
2017-10-02,2671.69,2447.26,2003.76
2017-10-03,2680.55,2455.38,2010.41
2017-10-04,2679.92,2454.81,2009.94
2017-10-05,2654.63,2431.64,1990.97
2017-10-06,2665.97,2442.03,1999.48
2017-10-09,2695.77,2469.33,2021.83
2017-10-10,2714.3,2486.29,2035.72
2017-10-11,2696.94,2470.39,2022.7
2017-10-12,2711.28,2483.53,2033.46
2017-10-13,2721.8,2493.16,2041.35
2017-10-16,2702.86,2475.82,2027.15
2017-10-17,2668.61,2444.45,2001.46
2017-10-18,2671.8,2447.37,2003.85
2017-10-19,2691.02,2464.97,2018.26
2017-10-20,2665.59,2441.68,1999.19
2017-10-23,2674.41,2449.76,2005.81
2017-10-24,2665.92,2441.98,1999.44
2017-10-25,2668.59,2444.43,2001.44
2017-10-26,2639.8,2418.05,1979.85
2017-10-27,2634.59,2413.29,1975.95
2017-10-30,2657.42,2434.2,1993.07
2017-10-31,2641.35,2419.48,1981.01
2017-11-01,2649.1,2426.57,1986.82
2017-11-02,2646.05,2423.78,1984.53
2017-11-03,2626.39,2405.77,1969.79
2017-11-06,2661.07,2437.54,1995.81
2017-11-07,2645.02,2422.84,1983.77
2017-11-08,2685.06,2459.52,2013.8
2017-11-09,2682.94,2457.58,2012.21
2017-11-10,2657.75,2434.5,1993.31
2017-11-13,2675.88,2451.11,2006.91
2017-11-14,2696.14,2469.66,2022.1
2017-11-15,2684.59,2459.09,2013.44
2017-11-16,2686.48,2460.82,2014.86
2017-11-17,2716.71,2488.5,2037.53
2017-11-20,2659.76,2436.34,1994.82
2017-11-21,2678.27,2453.29,2008.7
2017-11-22,2689.27,2463.37,2016.95
2017-11-24,2671.54,2447.13,2003.66
2017-11-27,2684.85,2459.33,2013.64
2017-11-28,2682.1,2456.8,2011.57
2017-11-29,2657.48,2434.25,1993.11
2017-11-30,2636.77,2415.29,1977.58
2017-12-01,2651.85,2429.1,1988.89
2017-12-04,2642.91,2420.91,1982.18
2017-12-05,2610.18,2390.92,1957.63
2017-12-06,2612.89,2393.4,1959.66
2017-12-07,2592.35,2374.59,1944.26
2017-12-08,2583.9,2366.85,1937.92
2017-12-11,2578.01,2361.46,1933.51
2017-12-12,2562.33,2347.1,1921.75
2017-12-13,2584.62,2367.51,1938.46
2017-12-14,2592.78,2374.98,1944.58
2017-12-15,2592.0,2374.27,1944.0
2017-12-18,2600.1,2381.69,1950.07
2017-12-19,2602.19,2383.6,1951.64
2017-12-20,2607.12,2388.13,1955.34
2017-12-21,2606.23,2387.31,1954.67
2017-12-22,2624.72,2404.24,1968.54
2017-12-26,2642.66,2420.67,1981.99
2017-12-27,2649.36,2426.81,1987.02
2017-12-28,2667.58,2443.51,2000.69
2017-12-29,2690.51,2464.5,2017.88
2018-01-02,2697.54,2470.94,2023.15
2018-01-03,2685.42,2459.85,2014.07
2018-01-04,2690.22,2464.24,2017.66
2018-01-05,2689.95,2463.99,2017.46
2018-01-08,2682.05,2456.76,2011.54
2018-01-09,2675.9,2451.13,2006.93
2018-01-10,2695.33,2468.92,2021.5
2018-01-11,2707.14,2479.74,2030.35
2018-01-12,2729.61,2500.32,2047.21
2018-01-16,2727.22,2498.14,2045.42
2018-01-17,2752.89,2521.64,2064.66
2018-01-18,2720.98,2492.42,2040.73
2018-01-19,2734.91,2505.18,2051.18
2018-01-22,2731.34,2501.9,2048.5
2018-01-23,2743.25,2512.82,2057.44
2018-01-24,2779.09,2545.64,2084.31
2018-01-25,2784.85,2550.92,2088.64
2018-01-26,2762.56,2530.51,2071.92
2018-01-30,2733.59,2503.97,2050.19
2018-01-31,2745.28,2514.68,2058.96
2018-02-01,2751.62,2520.48,2063.71
2018-02-02,2743.21,2512.78,2057.41
2018-02-05,2748.52,2517.65,2061.39
2018-02-06,2742.06,2511.73,2056.55
2018-02-07,2697.97,2471.34,2023.47
2018-02-08,2718.18,2489.85,2038.64
2018-02-09,2720.49,2491.97,2040.37
2018-02-12,2733.73,2504.1,2050.3
2018-02-13,2744.87,2514.3,2058.65
2018-02-14,2800.04,2564.84,2100.03
2018-02-15,2783.24,2549.45,2087.43
2018-02-16,2779.66,2546.17,2084.75
2018-02-20,2755.77,2524.29,2066.83
2018-02-21,2773.66,2540.67,2080.24
2018-02-22,2776.19,2542.99,2082.14
2018-02-23,2773.59,2540.61,2080.19
2018-02-26,2768.19,2535.66,2076.14
2018-02-27,2739.84,2509.69,2054.88
2018-02-28,2745.32,2514.71,2058.99
2018-03-01,2732.85,2503.29,2049.64
2018-03-02,2767.2,2534.76,2075.4
2018-03-05,2762.47,2530.43,2071.85
2018-03-06,2787.11,2552.99,2090.33
2018-03-07,2766.38,2534.01,2074.79
2018-03-08,2753.71,2522.39,2065.28
2018-03-09,2767.39,2534.93,2075.54
2018-03-12,2755.79,2524.3,2066.84
2018-03-13,2768.54,2535.98,2076.4
2018-03-14,2760.41,2528.53,2070.31
2018-03-15,2744.94,2514.36,2058.7
2018-03-16,2740.96,2510.72,2055.72
2018-03-19,2754.6,2523.21,2065.95
2018-03-20,2748.79,2517.89,2061.59
2018-03-21,2769.86,2537.19,2077.4
2018-03-22,2775.12,2542.01,2081.34
2018-03-23,2826.7,2589.26,2120.03
2018-03-26,2831.07,2593.26,2123.31
2018-03-27,2789.89,2555.54,2092.42
2018-03-28,2762.86,2530.78,2072.15
2018-03-29,2770.73,2537.99,2078.05
2018-04-02,2809.27,2573.29,2106.95
2018-04-03,2791.28,2556.81,2093.46
2018-04-04,2787.47,2553.32,2090.6
2018-04-05,2767.31,2534.85,2075.48
2018-04-06,2777.47,2544.16,2083.1
2018-04-09,2788.49,2554.26,2091.37
2018-04-10,2798.9,2563.79,2099.17
2018-04-11,2831.55,2593.7,2123.66
2018-04-12,2805.16,2569.53,2103.87
2018-04-13,2822.28,2585.21,2116.71
2018-04-16,2824.48,2587.22,2118.36
2018-04-17,2833.97,2595.92,2125.48
2018-04-18,2853.06,2613.4,2139.79
2018-04-19,2858.27,2618.18,2143.7
2018-04-20,2841.34,2602.67,2131.01
2018-04-23,2814.65,2578.22,2110.99
2018-04-24,2848.49,2609.22,2136.37
2018-04-25,2821.11,2584.13,2115.83
2018-04-26,2831.53,2593.68,2123.65
2018-04-27,2839.81,2601.27,2129.86
2018-04-30,2818.72,2581.95,2114.04
2018-05-01,2785.46,2551.48,2089.09
2018-05-02,2797.08,2562.12,2097.81
2018-05-03,2826.75,2589.3,2120.06
2018-05-04,2813.34,2577.02,2110.0
2018-05-07,2818.61,2581.85,2113.96
2018-05-08,2831.19,2593.37,2123.39
2018-05-09,2831.52,2593.67,2123.64
2018-05-10,2871.46,2630.26,2153.6
2018-05-11,2857.79,2617.74,2143.35
2018-05-14,2852.05,2612.48,2139.04
2018-05-15,2804.51,2568.93,2103.38
2018-05-16,2839.78,2601.24,2129.83
2018-05-17,2818.81,2582.03,2114.11
2018-05-18,2826.51,2589.08,2119.88
2018-05-21,2819.66,2582.81,2114.75
2018-05-22,2840.59,2601.98,2130.44
2018-05-23,2836.56,2598.28,2127.42
2018-05-24,2877.46,2635.75,2158.09
2018-05-25,2860.24,2619.98,2145.18
2018-05-29,2814.35,2577.94,2110.76
2018-05-30,2850.84,2611.37,2138.13
2018-05-31,2818.52,2581.76,2113.89
2018-06-01,2807.24,2571.43,2105.43
2018-06-04,2782.35,2548.63,2086.76
2018-06-05,2797.45,2562.46,2098.08
2018-06-06,2797.83,2562.82,2098.38
2018-06-07,2790.43,2556.04,2092.83
2018-06-08,2813.35,2577.03,2110.01
2018-06-11,2819.26,2582.44,2114.44
2018-06-12,2810.18,2574.12,2107.63
2018-06-13,2831.59,2593.74,2123.7
2018-06-14,2841.65,2602.95,2131.23
2018-06-15,2791.92,2557.4,2093.94
2018-06-18,2792.14,2557.6,2094.11
2018-06-19,2789.19,2554.9,2091.89
2018-06-20,2781.2,2547.58,2085.9
2018-06-21,2784.67,2550.76,2088.51
2018-06-22,2763.93,2531.76,2072.94
2018-06-25,2761.01,2529.09,2070.76
2018-06-26,2760.98,2529.05,2070.73
2018-06-27,2753.63,2522.33,2065.23
2018-06-28,2777.75,2544.42,2083.31
2018-06-29,2767.71,2535.22,2075.78
2018-07-02,2727.85,2498.71,2045.89
2018-07-03,2764.27,2532.07,2073.2
2018-07-05,2788.39,2554.16,2091.29
2018-07-06,2785.36,2551.39,2089.02
2018-07-09,2781.06,2547.45,2085.79
2018-07-10,2767.72,2535.23,2075.79
2018-07-11,2753.03,2521.78,2064.77
2018-07-12,2750.7,2519.64,2063.03
2018-07-13,2731.6,2502.14,2048.7
2018-07-16,2726.17,2497.17,2044.63
2018-07-17,2708.06,2480.58,2031.04
2018-07-18,2695.03,2468.65,2021.28
2018-07-19,2696.66,2470.14,2022.5
2018-07-20,2724.96,2496.06,2043.72
2018-07-23,2704.83,2477.62,2028.62
2018-07-24,2722.97,2494.24,2042.23
2018-07-25,2724.22,2495.38,2043.16
2018-07-26,2711.9,2484.1,2033.93
2018-07-27,2702.0,2475.03,2026.5
2018-07-30,2694.21,2467.9,2020.66
2018-07-31,2702.26,2475.27,2026.7
2018-08-01,2682.09,2456.79,2011.56
2018-08-02,2658.63,2435.3,1993.97
2018-08-03,2678.57,2453.57,2008.93
2018-08-06,2661.92,2438.32,1996.44
2018-08-07,2675.99,2451.2,2006.99
2018-08-08,2674.28,2449.64,2005.71
2018-08-09,2667.24,2443.2,2000.43
2018-08-10,2690.6,2464.59,2017.95
2018-08-13,2646.04,2423.77,1984.53
2018-08-14,2682.95,2457.59,2012.22
2018-08-15,2648.13,2425.69,1986.1
2018-08-16,2672.06,2447.6,2004.04
2018-08-17,2647.96,2425.53,1985.97
2018-08-20,2662.75,2439.08,1997.06
2018-08-21,2674.04,2449.42,2005.53
2018-08-22,2685.03,2459.48,2013.77
2018-08-23,2663.39,2439.66,1997.54
2018-08-24,2725.5,2496.56,2044.13
2018-08-27,2711.78,2483.99,2033.84
2018-08-28,2715.18,2487.1,2036.38
2018-08-29,2731.7,2502.24,2048.78
2018-08-30,2730.53,2501.16,2047.89
2018-08-31,2755.56,2524.09,2066.67
2018-09-04,2725.26,2496.34,2043.95
2018-09-05,2756.41,2524.87,2067.31
2018-09-06,2768.72,2536.15,2076.54
2018-09-07,2760.66,2528.77,2070.5
2018-09-10,2765.26,2532.98,2073.95
2018-09-11,2784.28,2550.4,2088.21
2018-09-12,2827.05,2589.57,2120.29
2018-09-13,2779.56,2546.08,2084.67
2018-09-14,2767.3,2534.85,2075.48
2018-09-17,2780.79,2547.21,2085.59
2018-09-18,2790.99,2556.55,2093.24
2018-09-19,2826.2,2588.8,2119.65
2018-09-20,2805.55,2569.89,2104.17
2018-09-21,2758.26,2526.56,2068.69
2018-09-24,2785.07,2551.12,2088.8
2018-09-25,2827.98,2590.43,2120.98
2018-09-26,2805.78,2570.09,2104.33
2018-09-27,2766.12,2533.76,2074.59
2018-09-28,2794.54,2559.8,2095.9
2018-10-01,2767.23,2534.79,2075.43
2018-10-02,2851.22,2611.72,2138.42
2018-10-03,2823.2,2586.05,2117.4
2018-10-04,2842.55,2603.77,2131.91
2018-10-05,2866.34,2625.56,2149.75
2018-10-08,2808.84,2572.9,2106.63
2018-10-09,2820.33,2583.42,2115.25
2018-10-10,2850.56,2611.11,2137.92
2018-10-11,2934.5,2688.0,2200.87
2018-10-12,2904.31,2660.35,2178.23
2018-10-15,2905.02,2661.0,2178.76
2018-10-16,2923.09,2677.55,2192.32
2018-10-17,2889.95,2647.19,2167.46
2018-10-18,2914.88,2670.03,2186.16
2018-10-19,2921.48,2676.08,2191.11
2018-10-22,2884.42,2642.13,2163.31
2018-10-23,2928.88,2682.85,2196.66
2018-10-24,2890.39,2647.59,2167.79
2018-10-25,2893.41,2650.37,2170.06
2018-10-26,2901.41,2657.69,2176.05
2018-10-29,2878.83,2637.0,2159.12
2018-10-30,2892.66,2649.68,2169.5
2018-10-31,2870.61,2629.48,2152.95
2018-11-01,2943.42,2696.17,2207.56
2018-11-02,2901.19,2657.49,2175.9
2018-11-05,2882.59,2640.45,2161.94
2018-11-06,2866.75,2625.95,2150.07
2018-11-07,2886.96,2644.46,2165.22
2018-11-08,2845.77,2606.73,2134.33
2018-11-09,2827.55,2590.03,2120.66
2018-11-12,2798.98,2563.87,2099.24
2018-11-13,2821.47,2584.46,2116.1
2018-11-14,2817.47,2580.8,2113.1
2018-11-15,2823.05,2585.91,2117.29
2018-11-16,2821.72,2584.7,2116.29
2018-11-19,2822.45,2585.36,2116.84
2018-11-20,2809.66,2573.64,2107.24
2018-11-21,2814.49,2578.07,2110.87
2018-11-23,2780.7,2547.12,2085.53
2018-11-26,2772.41,2539.52,2079.3
2018-11-27,2757.41,2525.79,2068.06
2018-11-28,2783.38,2549.58,2087.53
2018-11-29,2778.51,2545.12,2083.88
2018-11-30,2742.98,2512.57,2057.24
2018-12-03,2767.43,2534.97,2075.58
2018-12-04,2812.51,2576.26,2109.38
2018-12-06,2821.04,2584.07,2115.78
2018-12-07,2836.05,2597.82,2127.04
2018-12-10,2853.59,2613.89,2140.19
2018-12-11,2903.96,2660.03,2177.97
2018-12-12,2905.41,2661.35,2179.06
2018-12-13,2882.66,2640.52,2161.99
2018-12-14,2845.46,2606.44,2134.09
2018-12-17,2883.94,2641.69,2162.95
2018-12-18,2875.25,2633.73,2156.43
2018-12-19,2840.86,2602.23,2130.65
2018-12-20,2871.64,2630.43,2153.73
2018-12-21,2833.83,2595.79,2125.38
2018-12-24,2858.28,2618.18,2143.71
2018-12-26,2866.19,2625.43,2149.64
2018-12-27,2880.79,2638.8,2160.59
2018-12-28,2880.07,2638.14,2160.05
2018-12-31,2873.69,2632.3,2155.27
2019-01-02,2871.01,2629.85,2153.26
2019-01-03,2905.6,2661.53,2179.2
2019-01-04,2899.15,2655.62,2174.36
2019-01-07,2876.36,2634.74,2157.27
2019-01-08,2880.07,2638.14,2160.05
2019-01-09,2915.31,2670.43,2186.49
2019-01-10,2914.02,2669.24,2185.52
2019-01-11,2926.48,2680.65,2194.86
2019-01-14,2916.52,2671.53,2187.39
2019-01-15,2939.53,2692.61,2204.64
2019-01-16,2952.18,2704.2,2214.13
2019-01-17,2962.12,2713.3,2221.59
2019-01-18,2926.07,2680.28,2194.55
2019-01-22,2948.18,2700.53,2211.14
2019-01-23,2938.43,2691.6,2203.82
2019-01-24,2926.27,2680.47,2194.7
2019-01-25,2961.16,2712.42,2220.87
2019-01-28,2971.94,2722.3,2228.96
2019-01-29,2990.02,2738.86,2242.51
2019-01-30,3016.22,2762.86,2262.17
2019-01-31,3017.57,2764.1,2263.18
2019-02-01,3014.56,2761.33,2260.92
2019-02-04,3019.24,2765.62,2264.43
2019-02-05,3028.87,2774.44,2271.65
2019-02-06,3021.62,2767.8,2266.21
2019-02-07,3011.72,2758.74,2258.79
2019-02-08,3023.28,2769.33,2267.46
2019-02-11,2989.79,2738.65,2242.35
2019-02-12,2998.19,2746.35,2248.65
2019-02-13,2984.16,2733.49,2238.12
2019-02-14,2984.2,2733.53,2238.15
2019-02-15,3009.25,2756.48,2256.94
2019-02-19,3089.21,2829.71,2316.91
2019-02-20,3092.27,2832.52,2319.2
2019-02-21,3033.92,2779.07,2275.44
2019-02-22,3042.07,2786.54,2281.55
2019-02-25,3027.96,2773.61,2270.97
2019-02-26,3028.64,2774.24,2271.48
2019-02-27,3005.37,2752.92,2254.03
2019-02-28,3004.75,2752.35,2253.56
2019-03-01,2951.62,2703.69,2213.72
2019-03-04,2932.4,2686.08,2199.3
2019-03-05,2922.3,2676.83,2191.73
2019-03-06,2922.41,2676.92,2191.8
2019-03-07,2904.32,2660.36,2178.24
2019-03-08,2939.29,2692.39,2204.47
2019-03-11,2899.97,2656.37,2174.98
2019-03-12,2908.64,2664.32,2181.48
2019-03-13,2936.08,2689.45,2202.06
2019-03-14,2899.48,2655.92,2174.61
2019-03-15,2902.03,2658.26,2176.52
2019-03-18,2882.62,2640.48,2161.97
2019-03-19,2878.98,2637.15,2159.24
2019-03-20,2898.3,2654.85,2173.73
2019-03-21,2890.1,2647.33,2167.58
2019-03-22,2906.7,2662.54,2180.03
2019-03-25,2939.32,2692.42,2204.49
2019-03-26,2912.41,2667.76,2184.3
2019-03-27,2923.89,2678.28,2192.91
2019-03-28,2876.64,2635.0,2157.48
2019-03-29,2889.18,2646.49,2166.88
2019-04-01,2876.0,2634.41,2157.0
2019-04-02,2869.84,2628.77,2152.38
2019-04-03,2857.79,2617.74,2143.34
2019-04-04,2853.3,2613.62,2139.98
2019-04-05,2861.4,2621.04,2146.05
2019-04-08,2884.16,2641.89,2163.12
2019-04-09,2914.84,2669.99,2186.13
2019-04-10,2915.13,2670.26,2186.34
2019-04-11,2864.44,2623.83,2148.33
2019-04-12,2880.91,2638.91,2160.68
2019-04-15,2861.3,2620.95,2145.97
2019-04-16,2856.28,2616.35,2142.21
2019-04-17,2858.45,2618.34,2143.84
2019-04-18,2837.98,2599.59,2128.49
2019-04-22,2839.87,2601.32,2129.9
2019-04-23,2859.17,2619.0,2144.38
2019-04-24,2860.65,2620.36,2145.49
2019-04-25,2875.18,2633.67,2156.39
2019-04-26,2898.34,2654.88,2173.76
2019-04-29,2871.06,2629.89,2153.29
2019-04-30,2879.24,2637.39,2159.43
2019-05-01,2865.56,2624.86,2149.17
2019-05-02,2842.54,2603.76,2131.9
2019-05-03,2855.23,2615.39,2141.42
2019-05-06,2850.25,2610.83,2137.68
2019-05-07,2863.83,2623.27,2147.88
2019-05-08,2875.65,2634.1,2156.74
2019-05-09,2888.99,2646.32,2166.75
2019-05-10,2910.48,2666.0,2182.86
2019-05-13,2922.7,2677.19,2192.03
2019-05-14,2939.47,2692.56,2204.6
2019-05-15,2930.18,2684.05,2197.64
2019-05-16,2900.6,2656.95,2175.45
2019-05-17,2877.96,2636.21,2158.47
2019-05-20,2883.48,2641.26,2162.61
2019-05-21,2867.91,2627.01,2150.94
2019-05-22,2871.52,2630.31,2153.64
2019-05-23,2890.37,2647.58,2167.78
2019-05-24,2885.19,2642.83,2163.89
2019-05-28,2861.34,2620.98,2146.0
2019-05-29,2876.91,2635.25,2157.68
2019-05-30,2889.03,2646.35,2166.77
2019-05-31,2937.93,2691.14,2203.45
2019-06-03,2958.5,2709.99,2218.88
2019-06-04,2942.72,2695.53,2207.04
2019-06-05,2970.62,2721.08,2227.96
2019-06-06,2994.21,2742.7,2245.66
2019-06-07,2990.84,2739.61,2243.13
2019-06-10,2953.41,2705.32,2215.06
2019-06-11,2964.81,2715.77,2223.61
2019-06-12,2971.24,2721.65,2228.43
2019-06-13,3001.02,2748.93,2250.77
2019-06-14,3007.35,2754.73,2255.51
2019-06-17,3002.93,2750.69,2252.2
2019-06-18,3035.46,2780.48,2276.6
2019-06-19,3015.93,2762.59,2261.95
2019-06-20,3128.97,2866.14,2346.73
2019-06-21,3132.34,2869.23,2349.26
2019-06-24,3163.4,2897.67,2372.55
2019-06-25,3166.22,2900.26,2374.67
2019-06-26,3160.43,2894.95,2370.32
2019-06-27,3151.68,2886.94,2363.76
2019-06-28,3142.01,2878.08,2356.51
2019-07-01,3071.16,2813.19,2303.37
2019-07-02,3123.53,2861.15,2342.65
2019-07-03,3148.79,2884.29,2361.59
2019-07-05,3086.76,2827.48,2315.07
2019-07-08,3073.95,2815.74,2305.46
2019-07-09,3093.47,2833.62,2320.11
2019-07-10,3117.51,2855.64,2338.13
2019-07-11,3086.75,2827.46,2315.06
2019-07-12,3112.76,2851.29,2334.57
2019-07-15,3110.64,2849.35,2332.98
2019-07-16,3114.73,2853.09,2336.05
2019-07-17,3148.21,2883.76,2361.16
2019-07-18,3153.85,2888.92,2365.39
2019-07-19,3154.57,2889.59,2365.93
2019-07-22,3154.1,2889.15,2365.57
2019-07-23,3157.65,2892.41,2368.24
2019-07-24,3157.25,2892.04,2367.94
2019-07-25,3145.01,2880.82,2358.75
2019-07-26,3153.66,2888.76,2365.25
2019-07-29,3143.31,2879.27,2357.48
2019-07-30,3169.35,2903.12,2377.01
2019-07-31,3167.21,2901.17,2375.41
2019-08-01,3170.63,2904.29,2377.97
2019-08-02,3220.73,2950.19,2415.55
2019-08-05,3280.0,3004.48,2460.0
2019-08-06,3385.67,3101.27,2539.25
2019-08-07,3451.86,3161.91,2588.9
2019-08-08,3426.75,3138.9,2570.06
2019-08-09,3390.83,3106.0,2543.12
2019-08-12,3437.84,3149.07,2578.38
2019-08-13,3457.09,3166.69,2592.81
2019-08-14,3464.25,3173.25,2598.18
2019-08-15,3499.83,3205.84,2624.87
2019-08-16,3487.6,3194.64,2615.7
2019-08-19,3431.33,3143.1,2573.5
2019-08-20,3482.68,3190.14,2612.01
2019-08-21,3473.74,3181.94,2605.3
2019-08-22,3438.96,3150.09,2579.22
2019-08-23,3529.95,3233.43,2647.46
2019-08-26,3508.75,3214.01,2631.56
2019-08-27,3575.11,3274.8,2681.34
2019-08-28,3536.79,3239.7,2652.59
2019-08-29,3537.79,3240.62,2653.34
2019-08-30,3500.87,3206.8,2625.65
2019-09-03,3576.65,3276.21,2682.48
2019-09-04,3611.64,3308.27,2708.73
2019-09-05,3505.77,3211.28,2629.33
2019-09-06,3497.28,3203.51,2622.96
2019-09-09,3461.43,3170.67,2596.07
2019-09-10,3454.26,3164.1,2590.69
2019-09-11,3452.54,3162.53,2589.41
2019-09-12,3448.07,3158.43,2586.05
2019-09-13,3416.94,3129.92,2562.71
2019-09-16,3432.13,3143.83,2574.1
2019-09-17,3471.94,3180.3,2603.96
2019-09-18,3475.58,3183.63,2606.69
2019-09-19,3446.53,3157.03,2584.9
2019-09-20,3475.49,3183.55,2606.61
2019-09-23,3487.54,3194.58,2615.65
2019-09-24,3486.96,3194.06,2615.22
2019-09-25,3448.34,3158.68,2586.25
2019-09-26,3456.2,3165.88,2592.15
2019-09-27,3432.36,3144.04,2574.27
2019-09-30,3322.13,3043.07,2491.6
2019-10-01,3379.27,3095.41,2534.45
2019-10-02,3431.16,3142.94,2573.37
2019-10-03,3447.12,3157.56,2585.34
2019-10-04,3439.17,3150.28,2579.38
2019-10-07,3409.89,3123.46,2557.42
2019-10-08,3434.99,3146.45,2576.24
2019-10-09,3448.14,3158.5,2586.11
2019-10-10,3431.89,3143.61,2573.91
2019-10-11,3383.61,3099.38,2537.71
2019-10-14,3400.98,3115.3,2550.74
2019-10-15,3394.42,3109.28,2545.81
2019-10-16,3433.02,3144.64,2574.76
2019-10-17,3436.22,3147.58,2577.17
2019-10-18,3417.33,3130.28,2563.0
2019-10-21,3385.31,3100.94,2538.98
2019-10-22,3387.28,3102.75,2540.46
2019-10-23,3404.59,3118.6,2553.44
2019-10-24,3407.81,3121.55,2555.85
2019-10-25,3432.07,3143.78,2574.05
2019-10-28,3393.08,3108.06,2544.81
2019-10-29,3381.71,3097.64,2536.28
2019-10-30,3402.99,3117.14,2552.24
2019-10-31,3449.59,3159.82,2587.19
2019-11-01,3440.86,3151.83,2580.64
2019-11-04,3418.66,3131.49,2563.99
2019-11-05,3380.22,3096.29,2535.17
2019-11-06,3396.65,3111.33,2547.49
2019-11-07,3342.33,3061.58,2506.75
2019-11-08,3353.4,3071.71,2515.05
2019-11-11,3340.09,3059.52,2505.07
2019-11-12,3341.51,3060.82,2506.13
2019-11-13,3373.28,3089.92,2529.96
2019-11-14,3413.7,3126.94,2560.27
2019-11-15,3394.5,3109.36,2545.87
2019-11-18,3391.0,3106.16,2543.25
2019-11-19,3407.4,3121.18,2555.55
2019-11-20,3403.41,3117.53,2552.56
2019-11-21,3375.96,3092.38,2531.97
2019-11-22,3374.65,3091.18,2530.99
2019-11-25,3361.63,3079.26,2521.22
2019-11-26,3364.18,3081.59,2523.13
2019-11-27,3337.7,3057.33,2503.27
2019-11-29,3371.32,3088.13,2528.49
2019-12-02,3371.99,3088.74,2528.99
2019-12-03,3403.99,3118.06,2552.99
2019-12-04,3410.2,3123.74,2557.65
2019-12-05,3394.12,3109.01,2545.59
2019-12-06,3348.75,3067.46,2511.56
2019-12-09,3344.6,3063.66,2508.45
2019-12-10,3336.81,3056.52,2502.61
2019-12-11,3354.67,3072.88,2516.01
2019-12-12,3335.27,3055.11,2501.45
2019-12-13,3347.47,3066.29,2510.61
2019-12-16,3352.24,3070.65,2514.18
2019-12-17,3362.3,3079.87,2521.73
2019-12-18,3371.68,3088.46,2528.76
2019-12-19,3373.81,3090.41,2530.36
2019-12-20,3376.86,3093.2,2532.64
2019-12-23,3385.25,3100.89,2538.94
2019-12-24,3432.15,3143.85,2574.11
2019-12-26,3471.48,3179.88,2603.61
2019-12-27,3470.17,3178.67,2602.63
2019-12-30,3472.39,3180.71,2604.29
2019-12-31,3483.76,3191.12,2612.82
2020-01-02,3481.2,3188.78,2610.9
2020-01-03,3557.03,3258.24,2667.77
2020-01-06,3611.98,3308.57,2708.98
2020-01-07,3627.72,3322.99,2720.79
2020-01-08,3613.16,3309.66,2709.87
2020-01-09,3562.62,3263.36,2671.96
2020-01-10,3565.04,3265.57,2673.78
2020-01-13,3532.2,3235.49,2649.15
2020-01-14,3506.9,3212.32,2630.17
2020-01-15,3535.25,3238.29,2651.44
2020-01-16,3521.86,3226.02,2641.4
2020-01-17,3555.55,3256.88,2666.66
2020-01-21,3554.35,3255.78,2665.76
2020-01-22,3558.79,3259.85,2669.09
2020-01-23,3575.44,3275.11,2681.58
2020-01-24,3602.57,3299.95,2701.92
2020-01-27,3615.84,3312.11,2711.88
2020-01-28,3604.21,3301.46,2703.16
2020-01-29,3595.01,3293.03,2696.26
2020-01-30,3629.93,3325.02,2722.45
2020-01-31,3645.86,3339.61,2734.39
2020-02-03,3625.45,3320.91,2719.09
2020-02-04,3554.76,3256.16,2666.07
2020-02-05,3561.0,3261.88,2670.75
2020-02-06,3581.71,3280.85,2686.28
2020-02-07,3604.35,3301.58,2703.26
2020-02-10,3620.67,3316.53,2715.5
2020-02-11,3587.89,3286.51,2690.92
2020-02-12,3591.78,3290.07,2693.83
2020-02-13,3610.48,3307.2,2707.86
2020-02-14,3626.49,3321.87,2719.87
2020-02-18,3670.29,3361.98,2752.71
2020-02-19,3699.16,3388.43,2774.37
2020-02-20,3733.22,3419.63,2799.92
2020-02-21,3812.82,3492.54,2859.62
2020-02-24,3865.27,3540.59,2898.95
2020-02-25,3814.8,3494.36,2861.1
2020-02-26,3789.5,3471.18,2842.13
2020-02-27,3778.61,3461.21,2833.96
2020-02-28,3617.14,3313.3,2712.85
2020-03-02,3693.62,3383.35,2770.21
2020-03-03,3844.77,3521.81,2883.58
2020-03-04,3869.71,3544.66,2902.28
2020-03-05,3966.9,3633.68,2975.17
2020-03-06,3967.31,3634.05,2975.48
2020-03-09,3983.64,3649.01,2987.73
2020-03-10,3968.91,3635.52,2976.68
2020-03-11,3915.96,3587.02,2936.97
2020-03-12,3820.02,3499.14,2865.02
2020-03-13,3669.43,3361.2,2752.07
2020-03-16,3530.6,3234.03,2647.95
2020-03-17,3684.6,3375.09,2763.45
2020-03-18,3515.31,3220.03,2636.48
2020-03-19,3564.5,3265.08,2673.37
2020-03-20,3585.99,3284.77,2689.5
2020-03-23,3809.86,3489.83,2857.39
2020-03-24,4083.63,3740.61,3062.72
2020-03-25,4054.58,3713.99,3040.93
2020-03-26,4023.75,3685.75,3017.81
2020-03-27,3901.39,3573.67,2926.04
2020-03-30,3935.38,3604.81,2951.54
2020-03-31,3838.42,3515.99,2878.82
2020-04-01,3822.01,3500.96,2866.51
2020-04-02,4054.38,3713.82,3040.79
2020-04-03,4051.75,3711.4,3038.81
2020-04-06,4110.07,3764.83,3082.56
2020-04-07,4065.99,3724.44,3049.49
2020-04-08,4104.67,3759.88,3078.5
2020-04-09,4240.04,3883.87,3180.03
2020-04-13,4272.68,3913.77,3204.51
2020-04-14,4343.81,3978.93,3257.86
2020-04-15,4216.5,3862.32,3162.38
2020-04-16,4270.79,3912.04,3203.09
2020-04-17,4212.75,3858.88,3159.56
2020-04-20,4188.42,3836.59,3141.31
2020-04-21,4165.89,3815.96,3124.42
2020-04-22,4277.88,3918.54,3208.41
2020-04-23,4257.53,3899.9,3193.15
2020-04-24,4234.71,3878.99,3176.03
2020-04-27,4197.89,3845.27,3148.42
2020-04-28,4189.78,3837.83,3142.33
2020-04-29,4187.65,3835.88,3140.74
2020-04-30,4075.12,3732.81,3056.34
2020-05-01,4125.18,3778.67,3093.89
2020-05-04,4148.81,3800.31,3111.61
2020-05-05,4156.4,3807.27,3117.3
2020-05-06,4124.47,3778.02,3093.35
2020-05-07,4215.52,3861.41,3161.64
2020-05-08,4182.46,3831.13,3136.85
2020-05-11,4116.5,3770.71,3087.37
2020-05-12,4181.61,3830.36,3136.21
2020-05-13,4170.2,3819.91,3127.65
2020-05-14,4214.9,3860.85,3161.18
2020-05-15,4255.32,3897.87,3191.49
2020-05-18,4221.55,3866.94,3166.16
2020-05-19,4239.45,3883.33,3179.59
2020-05-20,4277.51,3918.2,3208.13
2020-05-21,4191.79,3839.68,3143.85
2020-05-22,4217.5,3863.23,3163.13
2020-05-26,4171.63,3821.21,3128.72
2020-05-27,4169.14,3818.94,3126.86
2020-05-28,4193.53,3841.28,3145.15
2020-05-29,4241.8,3885.49,3181.35
2020-06-01,4219.04,3864.64,3164.28
2020-06-02,4200.47,3847.63,3150.35
2020-06-03,4097.5,3753.31,3073.13
2020-06-04,4174.91,3824.22,3131.18
2020-06-05,4068.28,3726.55,3051.21
2020-06-08,4123.39,3777.02,3092.54
2020-06-09,4169.12,3818.91,3126.84
2020-06-10,4159.37,3809.98,3119.53
2020-06-11,4225.1,3870.19,3168.83
2020-06-12,4247.15,3890.39,3185.36
2020-06-15,4201.09,3848.2,3150.81
2020-06-16,4224.98,3870.08,3168.73
2020-06-17,4261.64,3903.66,3196.23
2020-06-18,4244.97,3888.39,3183.73
2020-06-19,4288.5,3928.27,3216.38
2020-06-22,4306.66,3944.9,3229.99
2020-06-23,4318.07,3955.35,3238.55
2020-06-24,4292.39,3931.83,3219.29
2020-06-25,4303.91,3942.38,3227.93
2020-06-26,4304.8,3943.2,3228.6
2020-06-29,4314.95,3952.49,3236.21
2020-06-30,4363.82,3997.26,3272.87
2020-07-01,4318.48,3955.73,3238.86
2020-07-02,4327.86,3964.32,3245.89
2020-07-06,4294.18,3933.47,3220.63
2020-07-07,4327.71,3964.19,3245.78
2020-07-08,4385.02,4016.68,3288.76
2020-07-09,4334.94,3970.81,3251.21
2020-07-10,4355.66,3989.79,3266.75
2020-07-13,4376.1,4008.51,3282.08
2020-07-14,4392.1,4023.17,3294.08
2020-07-15,4401.32,4031.61,3300.99
2020-07-16,4344.44,3979.5,3258.33
2020-07-17,4370.51,4003.38,3277.88
2020-07-20,4372.69,4005.39,3279.52
2020-07-21,4441.99,4068.87,3331.5
2020-07-22,4481.13,4104.71,3360.85
2020-07-23,4544.26,4162.54,3408.2
2020-07-24,4563.21,4179.9,3422.41
2020-07-27,4641.32,4251.45,3480.99
2020-07-28,4689.26,4295.37,3516.95
2020-07-29,4716.14,4319.98,3537.1
2020-07-30,4672.94,4280.41,3504.7
2020-07-31,4732.28,4334.77,3549.21
2020-08-03,4735.43,4337.65,3551.57
2020-08-04,4846.73,4439.61,3635.05
2020-08-05,4913.93,4501.16,3685.44
2020-08-06,4939.02,4524.14,3704.27
2020-08-07,4840.49,4433.89,3630.37
2020-08-10,4883.06,4472.88,3662.29
2020-08-11,4666.3,4274.33,3499.72
2020-08-12,4659.41,4268.02,3494.56
2020-08-13,4703.86,4308.74,3527.9
2020-08-14,4672.56,4280.07,3504.42
2020-08-17,4780.24,4378.7,3585.18
2020-08-18,4821.16,4416.18,3615.87
2020-08-19,4710.11,4314.46,3532.58
2020-08-20,4660.92,4269.4,3495.69
2020-08-21,4664.9,4273.05,3498.68
2020-08-24,4643.42,4253.38,3482.57
2020-08-25,4573.05,4188.92,3429.79
2020-08-26,4645.46,4255.24,3484.09
2020-08-27,4586.61,4201.34,3439.96
2020-08-28,4659.84,4268.41,3494.88
2020-08-31,4626.08,4237.49,3469.56
2020-09-01,4661.77,4270.18,3496.33
2020-09-02,4556.83,4174.06,3417.63
2020-09-03,4539.48,4158.17,3404.61
2020-09-04,4543.1,4161.48,3407.33
2020-09-08,4577.15,4192.67,3432.86
2020-09-09,4613.41,4225.88,3460.06
2020-09-10,4621.07,4232.9,3465.8
2020-09-11,4580.87,4196.08,3435.66
2020-09-14,4613.98,4226.41,3460.49
2020-09-15,4630.12,4241.19,3472.59
2020-09-16,4651.01,4260.33,3488.26
2020-09-17,4587.53,4202.18,3440.65
2020-09-18,4618.21,4230.28,3463.66
2020-09-21,4494.81,4117.25,3371.11
2020-09-22,4491.41,4114.13,3368.56
2020-09-23,4395.27,4026.07,3296.45
2020-09-24,4431.66,4059.4,3323.75
2020-09-25,4400.78,4031.12,3300.59
2020-09-28,4437.57,4064.82,3328.18
2020-09-29,4505.31,4126.86,3378.98
2020-09-30,4481.25,4104.82,3360.93
2020-10-01,4522.28,4142.41,3391.71
2020-10-02,4473.03,4097.3,3354.77
2020-10-05,4508.47,4129.76,3381.35
2020-10-06,4468.51,4093.15,3351.38
2020-10-07,4470.17,4094.68,3352.63
2020-10-08,4465.49,4090.39,3349.12
2020-10-09,4522.38,4142.5,3391.79
2020-10-12,4513.03,4133.93,3384.77
2020-10-13,4453.61,4079.51,3340.21
2020-10-14,4500.26,4122.23,3375.19
2020-10-15,4484.94,4108.21,3363.7
2020-10-16,4483.86,4107.21,3362.89
2020-10-19,4501.53,4123.4,3376.15
2020-10-20,4519.03,4139.43,3389.27
2020-10-21,4557.11,4174.31,3417.83
2020-10-22,4503.53,4125.23,3377.65
2020-10-23,4508.03,4129.35,3381.02
2020-10-26,4515.98,4136.64,3386.99
2020-10-27,4538.17,4156.96,3403.63
2020-10-28,4452.01,4078.04,3339.0
2020-10-29,4464.94,4089.89,3348.71
2020-10-30,4482.56,4106.02,3361.92
2020-11-02,4531.01,4150.41,3398.26
2020-11-03,4568.64,4184.88,3426.48
2020-11-04,4547.48,4165.49,3410.61
2020-11-05,4651.93,4261.17,3488.95
2020-11-06,4647.59,4257.19,3485.69
2020-11-09,4407.84,4037.58,3305.88
2020-11-10,4459.04,4084.48,3344.28
2020-11-11,4443.74,4070.46,3332.8
2020-11-12,4489.52,4112.4,3367.14
2020-11-13,4538.81,4157.55,3404.11
2020-11-16,4519.77,4140.11,3389.83
2020-11-17,4508.85,4130.1,3381.63
2020-11-18,4486.24,4109.39,3364.68
2020-11-19,4452.97,4078.92,3339.73
2020-11-20,4461.2,4086.46,3345.9
2020-11-23,4382.0,4013.92,3286.5
2020-11-24,4308.11,3946.23,3231.08
2020-11-25,4293.76,3933.09,3220.32
2020-11-27,4242.21,3885.86,3181.66
2020-11-30,4221.29,3866.7,3165.97
2020-12-01,4317.49,3954.82,3238.12
2020-12-02,4323.37,3960.21,3242.53
2020-12-03,4350.1,3984.7,3262.58
2020-12-04,4359.91,3993.68,3269.94
2020-12-07,4416.96,4045.93,3312.72
2020-12-08,4452.12,4078.14,3339.09
2020-12-09,4348.66,3983.37,3261.49
2020-12-10,4358.58,3992.46,3268.94
2020-12-11,4361.0,3994.68,3270.75
2020-12-14,4335.35,3971.18,3251.52
2020-12-15,4398.57,4029.09,3298.93
2020-12-16,4401.61,4031.88,3301.21
2020-12-17,4466.68,4091.47,3350.01
2020-12-18,4457.86,4083.4,3343.4
2020-12-21,4446.96,4073.41,3335.22
2020-12-22,4437.05,4064.33,3327.78
2020-12-23,4476.47,4100.45,3357.35
2020-12-24,4462.89,4088.01,3347.17
2020-12-28,4447.38,4073.8,3335.53
2020-12-29,4444.59,4071.25,3333.44
2020-12-30,4465.76,4090.64,3349.32
2020-12-31,4451.27,4077.36,3338.45
2021-01-04,4569.97,4186.09,3427.48
2021-01-05,4603.08,4216.42,3452.31
2021-01-06,4498.48,4120.61,3373.86
2021-01-07,4510.31,4131.44,3382.73
2021-01-08,4330.94,3967.14,3248.2
2021-01-11,4363.22,3996.71,3272.42
2021-01-12,4355.72,3989.84,3266.79
2021-01-13,4360.24,3993.98,3270.18
2021-01-14,4352.77,3987.13,3264.57
2021-01-15,4298.52,3937.45,3223.89
2021-01-19,4328.47,3964.88,3246.35
2021-01-20,4390.78,4021.96,3293.09
2021-01-21,4372.52,4005.23,3279.39
2021-01-22,4352.64,3987.02,3264.48
2021-01-25,4353.21,3987.54,3264.91
2021-01-26,4341.81,3977.1,3256.36
2021-01-27,4325.24,3961.92,3243.93
2021-01-28,4315.75,3953.23,3236.81
2021-01-29,4331.98,3968.1,3248.99
2021-02-01,4361.72,3995.33,3271.29
2021-02-02,4303.24,3941.77,3227.43
2021-02-03,4295.25,3934.45,3221.44
2021-02-04,4190.39,3838.39,3142.79
2021-02-05,4247.03,3890.28,3185.27
2021-02-08,4286.8,3926.71,3215.1
2021-02-09,4303.32,3941.84,3227.49
2021-02-10,4311.31,3949.16,3233.48
2021-02-11,4271.74,3912.91,3203.8
2021-02-12,4258.29,3900.59,3193.72
2021-02-16,4197.16,3844.6,3147.87
2021-02-17,4153.08,3804.22,3114.81
2021-02-18,4150.62,3801.97,3112.96
2021-02-19,4145.28,3797.08,3108.96
2021-02-22,4214.37,3860.36,3160.77
2021-02-23,4202.68,3849.65,3152.01
2021-02-24,4180.17,3829.04,3135.13
2021-02-25,4130.29,3783.35,3097.72
2021-02-26,4064.24,3722.84,3048.18
2021-03-01,4075.71,3733.35,3056.78
2021-03-02,4084.83,3741.7,3063.62
2021-03-03,4041.12,3701.66,3030.84
2021-03-04,3983.85,3649.21,2987.89
2021-03-05,3992.41,3657.04,2994.3
2021-03-08,3944.76,3613.4,2958.57
2021-03-09,4047.08,3707.12,3035.31
2021-03-10,4027.96,3689.61,3020.97
2021-03-11,4025.96,3687.78,3019.47
2021-03-12,4015.71,3678.39,3011.79
2021-03-15,4040.11,3700.74,3030.08
2021-03-16,4034.75,3695.83,3026.07
2021-03-17,4025.91,3687.74,3019.43
2021-03-18,4026.25,3688.04,3019.69
2021-03-19,4068.53,3726.77,3051.4
2021-03-22,4045.38,3705.57,3034.03
2021-03-23,4013.52,3676.39,3010.14
2021-03-24,4045.52,3705.69,3034.14
2021-03-25,4028.69,3690.28,3021.52
2021-03-26,4043.91,3704.23,3032.94
2021-03-29,3987.87,3652.89,2990.91
2021-03-30,3938.14,3607.34,2953.61
2021-03-31,4046.83,3706.9,3035.12
2021-04-01,4063.4,3722.07,3047.55
2021-04-05,4074.15,3731.92,3055.61
2021-04-06,4102.95,3758.31,3077.22
2021-04-07,4111.43,3766.07,3083.57
2021-04-08,4202.37,3849.37,3151.78
2021-04-09,4178.1,3827.14,3133.57
2021-04-12,4159.39,3810.0,3119.55
2021-04-13,4210.11,3856.46,3157.59
2021-04-14,4193.5,3841.24,3145.12
2021-04-15,4258.4,3900.69,3193.8
2021-04-16,4274.12,3915.09,3205.59
2021-04-19,4241.71,3885.41,3181.29
2021-04-20,4278.65,3919.24,3208.99
2021-04-21,4347.67,3982.46,3260.75
2021-04-22,4319.61,3956.76,3239.71
2021-04-23,4290.13,3929.76,3217.59
2021-04-26,4282.65,3922.91,3211.99
2021-04-27,4276.72,3917.47,3207.54
2021-04-28,4251.5,3894.37,3188.62
2021-04-29,4224.31,3869.46,3168.23
2021-04-30,4210.69,3856.99,3158.02
2021-05-03,4267.48,3909.01,3200.61
2021-05-04,4215.62,3861.51,3161.72
2021-05-05,4231.97,3876.48,3173.97
2021-05-06,4307.64,3945.8,3230.73
2021-05-07,4333.81,3969.77,3250.36
2021-05-10,4329.77,3966.07,3247.33
2021-05-11,4338.38,3973.95,3253.78
2021-05-12,4299.63,3938.46,3224.72
2021-05-13,4320.43,3957.51,3240.32
2021-05-14,4339.85,3975.3,3254.88
2021-05-17,4399.77,4030.19,3299.83
2021-05-18,4399.93,4030.33,3299.95
2021-05-19,4423.17,4051.62,3317.38
2021-05-20,4430.08,4057.95,3322.56
2021-05-21,4405.94,4035.84,3304.46
2021-05-24,4417.7,4046.61,3313.27
2021-05-25,4444.87,4071.5,3333.66
2021-05-26,4450.43,4076.59,3337.82
2021-05-27,4429.25,4057.2,3321.94
2021-05-28,4445.78,4072.34,3334.34
2021-06-01,4434.74,4062.22,3326.05
2021-06-02,4468.02,4092.7,3351.01
2021-06-03,4389.61,4020.88,3292.21
2021-06-04,4438.05,4065.25,3328.54
2021-06-07,4446.29,4072.8,3334.72
2021-06-08,4429.4,4057.33,3322.05
2021-06-09,4441.84,4068.73,3331.38
2021-06-10,4444.8,4071.43,3333.6
2021-06-11,4407.01,4036.82,3305.25
2021-06-14,4388.69,4020.04,3291.52
2021-06-15,4363.3,3996.78,3272.47
2021-06-16,4384.86,4016.53,3288.64
2021-06-17,4210.11,3856.46,3157.58
2021-06-18,4220.54,3866.01,3165.4
2021-06-21,4247.42,3890.64,3185.56
2021-06-22,4233.81,3878.17,3175.36
2021-06-23,4259.4,3901.61,3194.55
2021-06-24,4238.52,3882.48,3178.89
2021-06-25,4237.67,3881.71,3178.26
2021-06-28,4246.13,3889.45,3184.6
2021-06-29,4210.15,3856.49,3157.61
2021-06-30,4229.38,3874.11,3172.03
2021-07-01,4246.32,3889.63,3184.74
2021-07-02,4272.31,3913.44,3204.24
2021-07-06,4285.34,3925.37,3214.0
2021-07-07,4330.23,3966.49,3247.67
2021-07-08,4329.08,3965.44,3246.81
2021-07-09,4348.25,3983.0,3261.19
2021-07-12,4324.03,3960.82,3243.03
2021-07-13,4336.35,3972.1,3252.26
2021-07-14,4378.95,4011.12,3284.21
2021-07-15,4377.62,4009.9,3283.22
2021-07-16,4348.3,3983.04,3261.23
2021-07-19,4339.91,3975.36,3254.94
2021-07-20,4366.25,3999.48,3274.68
2021-07-21,4319.92,3957.05,3239.94
2021-07-22,4319.92,3957.04,3239.94
2021-07-23,4311.99,3949.78,3233.99
2021-07-26,4305.34,3943.69,3229.01
2021-07-27,4298.04,3937.0,3223.53
2021-07-28,4310.35,3948.28,3232.76
2021-07-29,4379.67,4011.77,3284.75
2021-07-30,4327.14,3963.66,3245.35
2021-08-02,4347.7,3982.49,3260.77
2021-08-03,4325.83,3962.46,3244.37
2021-08-04,4319.94,3957.06,3239.95
2021-08-05,4305.29,3943.64,3228.97
2021-08-06,4191.95,3839.83,3143.96
2021-08-09,4127.46,3780.75,3095.6
2021-08-10,4138.99,3791.32,3104.24
2021-08-11,4188.98,3837.1,3141.73
2021-08-12,4166.93,3816.91,3125.2
2021-08-13,4238.32,3882.3,3178.74
2021-08-16,4263.76,3905.61,3197.82
2021-08-17,4254.54,3897.16,3190.9
2021-08-18,4259.58,3901.77,3194.68
2021-08-19,4250.81,3893.74,3188.11
2021-08-20,4261.85,3903.86,3196.39
2021-08-23,4307.57,3945.73,3230.68
2021-08-24,4301.95,3940.58,3226.46
2021-08-25,4262.73,3904.66,3197.05
2021-08-26,4269.68,3911.03,3202.26
2021-08-27,4331.08,3967.27,3248.31
2021-08-30,4274.61,3915.54,3205.96
2021-08-31,4283.81,3923.97,3212.85
2021-09-01,4255.16,3897.72,3191.37
2021-09-02,4244.16,3887.65,3183.12
2021-09-03,4300.32,3939.1,3225.24
2021-09-07,4221.33,3866.74,3166.0
2021-09-08,4225.25,3870.33,3168.94
2021-09-09,4264.1,3905.91,3198.07
2021-09-10,4231.15,3875.73,3173.36
2021-09-13,4236.04,3880.21,3177.03
2021-09-14,4267.01,3908.59,3200.26
2021-09-15,4244.27,3887.75,3183.2
2021-09-16,4142.76,3794.77,3107.07
2021-09-17,4137.62,3790.06,3103.21
2021-09-20,4174.38,3823.73,3130.78
2021-09-21,4205.91,3852.61,3154.43
2021-09-22,4215.2,3861.12,3161.4
2021-09-23,4151.02,3802.33,3113.26
2021-09-24,4153.8,3804.88,3115.35
2021-09-27,4152.99,3804.14,3114.74
2021-09-28,4119.99,3773.91,3089.99
2021-09-29,4104.75,3759.95,3078.56
2021-09-30,4194.3,3841.98,3145.72
2021-10-01,4194.54,3842.2,3145.91
2021-10-04,4210.7,3857.0,3158.02
2021-10-05,4218.76,3864.39,3164.07
2021-10-06,4220.38,3865.87,3165.28
2021-10-07,4225.27,3870.35,3168.95
2021-10-08,4225.37,3870.44,3169.03
2021-10-11,4248.13,3891.28,3186.09
2021-10-12,4262.56,3904.5,3196.92
2021-10-13,4353.06,3987.41,3264.8
2021-10-14,4350.08,3984.68,3262.56
2021-10-15,4260.97,3903.05,3195.73
2021-10-18,4255.8,3898.32,3191.85
2021-10-19,4280.68,3921.11,3210.51
2021-10-20,4308.9,3946.95,3231.67
2021-10-21,4284.09,3924.22,3213.07
2021-10-22,4321.73,3958.7,3241.3
2021-10-25,4354.45,3988.68,3265.84
2021-10-26,4327.93,3964.38,3245.94
2021-10-27,4328.86,3965.24,3246.65
2021-10-28,4347.1,3981.95,3260.33
2021-10-29,4287.73,3927.56,3215.8
2021-11-01,4324.39,3961.14,3243.3
2021-11-02,4303.32,3941.84,3227.49
2021-11-03,4236.25,3880.4,3177.18
2021-11-04,4290.93,3930.49,3218.2
2021-11-05,4349.41,3984.06,3262.06
2021-11-08,4358.89,3992.75,3269.17
2021-11-09,4349.53,3984.17,3262.15
2021-11-10,4406.11,4035.99,3304.58
2021-11-11,4457.09,4082.7,3342.82
2021-11-12,4463.36,4088.44,3347.52
2021-11-15,4460.14,4085.49,3345.1
2021-11-16,4435.93,4063.31,3326.95
2021-11-17,4475.87,4099.9,3356.9
2021-11-18,4443.15,4069.92,3332.36
2021-11-19,4414.67,4043.84,3311.0
2021-11-22,4314.32,3951.92,3235.74
2021-11-23,4267.87,3909.36,3200.9
2021-11-24,4270.29,3911.58,3202.72
2021-11-26,4276.53,3917.31,3207.4
2021-11-29,4296.61,3935.7,3222.46
2021-11-30,4279.82,3920.31,3209.86
2021-12-01,4298.9,3937.79,3224.17
2021-12-02,4246.6,3889.88,3184.95
2021-12-03,4296.0,3935.13,3222.0
2021-12-06,4299.47,3938.31,3224.6
2021-12-07,4320.82,3957.87,3240.61
2021-12-08,4323.75,3960.55,3242.81
2021-12-09,4300.97,3939.69,3225.73
2021-12-10,4333.46,3969.45,3250.1
2021-12-13,4348.09,3982.85,3261.07
2021-12-14,4316.04,3953.49,3237.03
2021-12-15,4309.51,3947.51,3232.13
2021-12-16,4402.12,4032.34,3301.59
2021-12-17,4417.22,4046.17,3312.91
2021-12-20,4383.17,4014.98,3287.38
2021-12-21,4354.78,3988.98,3266.09
2021-12-22,4383.96,4015.71,3287.97
2021-12-23,4394.05,4024.95,3295.54
2021-12-27,4378.19,4010.42,3283.64
2021-12-28,4363.8,3997.24,3272.85
2021-12-29,4337.85,3973.47,3253.38
2021-12-30,4345.93,3980.87,3259.45
2021-12-31,4373.24,4005.89,3279.93
2022-01-03,4310.77,3948.67,3233.08
2022-01-04,4339.31,3974.8,3254.48
2022-01-05,4372.38,4005.1,3279.29
2022-01-06,4280.33,3920.78,3210.24
2022-01-07,4299.56,3938.4,3224.67
2022-01-10,4294.28,3933.56,3220.71
2022-01-11,4330.06,3966.34,3247.55
2022-01-12,4336.34,3972.09,3252.25
2022-01-13,4321.15,3958.17,3240.86
2022-01-14,4320.11,3957.22,3240.09
2022-01-18,4326.6,3963.17,3244.95
2022-01-19,4421.74,4050.31,3316.3
2022-01-20,4410.2,4039.74,3307.65
2022-01-21,4384.77,4016.44,3288.57
2022-01-24,4406.15,4036.04,3304.61
2022-01-25,4446.27,4072.78,3334.7
2022-01-26,4399.5,4029.94,3299.63
2022-01-27,4318.14,3955.41,3238.6
2022-01-28,4315.95,3953.41,3236.96
2022-01-31,4330.54,3966.78,3247.91
2022-02-01,4315.36,3952.87,3236.52
2022-02-02,4347.73,3982.52,3260.8
2022-02-03,4337.29,3972.95,3252.96
2022-02-04,4335.58,3971.39,3251.68
2022-02-07,4369.08,4002.07,3276.81
2022-02-08,4384.42,4016.13,3288.32
2022-02-09,4407.24,4037.03,3305.43
2022-02-10,4416.35,4045.38,3312.27
2022-02-11,4470.59,4095.06,3352.94
2022-02-14,4524.8,4144.71,3393.6
2022-02-15,4513.36,4134.24,3385.02
2022-02-16,4520.13,4140.44,3390.1
2022-02-17,4585.73,4200.53,3439.3
2022-02-18,4581.95,4197.06,3436.46
2022-02-22,4566.59,4182.99,3424.94
2022-02-23,4580.52,4195.76,3435.39
2022-02-24,4619.29,4231.27,3464.47
2022-02-25,4573.69,4189.5,3430.27
2022-02-28,4584.18,4199.11,3438.14
2022-03-01,4701.5,4306.58,3526.13
2022-03-02,4681.36,4288.12,3511.02
2022-03-03,4703.67,4308.56,3527.75
2022-03-04,4794.79,4392.03,3596.09
2022-03-07,4898.8,4487.3,3674.1
2022-03-08,5055.78,4631.1,3791.84
2022-03-09,4910.85,4498.34,3683.13
2022-03-10,4890.93,4480.1,3668.2
2022-03-11,4864.42,4455.81,3648.31
2022-03-14,4835.68,4429.48,3626.76
2022-03-15,4742.59,4344.21,3556.94
2022-03-16,4678.42,4285.44,3508.82
2022-03-17,4746.94,4348.2,3560.21
2022-03-18,4710.33,4314.66,3532.75
2022-03-21,4709.12,4313.56,3531.84
2022-03-22,4712.11,4316.29,3534.08
2022-03-23,4738.34,4340.32,3553.75
2022-03-24,4827.92,4422.37,3620.94
2022-03-25,4794.34,4391.62,3595.76
2022-03-28,4756.69,4357.13,3567.52
2022-03-29,4673.98,4281.37,3505.49
2022-03-30,4703.7,4308.59,3527.78
2022-03-31,4751.99,4352.82,3563.99
2022-04-01,4683.63,4290.21,3512.72
2022-04-04,4713.59,4317.65,3535.19
2022-04-05,4666.25,4274.28,3499.69
2022-04-06,4653.64,4262.74,3490.23
2022-04-07,4721.74,4325.11,3541.3
2022-04-08,4738.79,4340.73,3554.1
2022-04-11,4745.64,4347.01,3559.23
2022-04-12,4808.4,4404.5,3606.3
2022-04-13,4850.03,4442.62,3637.52
2022-04-14,4823.52,4418.34,3617.64
2022-04-18,4866.25,4457.49,3649.69
2022-04-19,4796.28,4393.39,3597.21
2022-04-20,4798.31,4395.26,3598.74
2022-04-21,4769.55,4368.9,3577.16
2022-04-22,4736.02,4338.19,3552.01
2022-04-25,4654.16,4263.21,3490.62
2022-04-26,4678.25,4285.28,3508.69
2022-04-27,4656.26,4265.13,3492.2
2022-04-28,4643.63,4253.56,3482.72
2022-04-29,4701.44,4306.52,3526.08
2022-05-02,4580.54,4195.77,3435.4
2022-05-03,4597.82,4211.6,3448.36
2022-05-04,4589.98,4204.42,3442.49
2022-05-05,4579.13,4194.48,3434.35
2022-05-06,4629.4,4240.53,3472.05
2022-05-09,4594.91,4208.94,3446.18
2022-05-10,4576.49,4192.06,3432.37
2022-05-11,4602.47,4215.86,3451.85
2022-05-12,4539.54,4158.22,3404.66
2022-05-13,4500.2,4122.18,3375.15
2022-05-16,4517.86,4138.36,3388.4
2022-05-17,4548.23,4166.18,3411.17
2022-05-18,4517.19,4137.75,3387.9
2022-05-19,4606.63,4219.67,3454.97
2022-05-20,4584.51,4199.41,3438.38
2022-05-23,4623.04,4234.71,3467.28
2022-05-24,4648.84,4258.34,3486.63
2022-05-25,4598.88,4212.58,3449.16
2022-05-26,4602.97,4216.32,3452.23
2022-05-27,4620.6,4232.47,3465.45
2022-05-31,4592.66,4206.88,3444.49
2022-06-01,4598.78,4212.48,3449.09
2022-06-02,4655.77,4264.68,3491.83
2022-06-03,4589.87,4204.32,3442.4
2022-06-06,4594.18,4208.27,3445.64
2022-06-07,4622.45,4234.16,3466.84
2022-06-08,4624.5,4236.04,3468.38
2022-06-09,4619.95,4231.88,3464.96
2022-06-10,4682.36,4289.04,3511.77
2022-06-13,4594.62,4208.67,3445.96
2022-06-14,4547.13,4165.17,3410.35
2022-06-15,4551.48,4169.16,3413.61
2022-06-16,4622.64,4234.34,3466.98
2022-06-17,4601.92,4215.36,3451.44
2022-06-21,4596.84,4210.7,3447.63
2022-06-22,4607.93,4220.87,3455.95
2022-06-23,4589.75,4204.21,3442.31
2022-06-24,4588.78,4203.32,3441.58
2022-06-27,4581.14,4196.33,3435.86
2022-06-28,4583.62,4198.6,3437.72
2022-06-29,4610.9,4223.58,3458.17
2022-06-30,4576.35,4191.93,3432.26
2022-07-01,4566.9,4183.28,3425.17
2022-07-05,4471.38,4095.79,3353.54
2022-07-06,4427.03,4055.16,3320.28
2022-07-07,4416.56,4045.57,3312.42
2022-07-08,4433.36,4060.96,3325.02
2022-07-11,4412.47,4041.82,3309.35
2022-07-12,4403.49,4033.6,3302.62
2022-07-13,4431.27,4059.04,3323.45
2022-07-14,4373.52,4006.15,3280.14
2022-07-15,4372.01,4004.76,3279.01
2022-07-18,4380.8,4012.81,3285.6
2022-07-19,4399.88,4030.29,3299.91
2022-07-20,4363.34,3996.82,3272.5
2022-07-21,4405.35,4035.3,3304.01
2022-07-22,4429.76,4057.66,3322.32
2022-07-25,4414.56,4043.74,3310.92
2022-07-26,4402.7,4032.87,3302.02
2022-07-27,4412.85,4042.17,3309.64
2022-07-28,4493.29,4115.85,3369.96
2022-07-29,4509.99,4131.15,3382.5
2022-08-01,4504.17,4125.82,3378.13
2022-08-02,4495.91,4118.25,3371.93
2022-08-03,4442.8,4069.61,3332.1
2022-08-04,4549.43,4167.27,3412.07
2022-08-05,4511.83,4132.84,3383.87
2022-08-08,4561.89,4178.69,3421.42
2022-08-09,4591.31,4205.64,3443.48
2022-08-10,4594.05,4208.15,3445.54
2022-08-11,4551.3,4168.99,3413.47
2022-08-12,4603.78,4217.06,3452.84
2022-08-15,4560.54,4177.45,3420.4
2022-08-16,4535.28,4154.32,3401.46
2022-08-17,4479.26,4103.0,3359.45
2022-08-18,4478.6,4102.4,3358.95
2022-08-19,4481.82,4105.35,3361.36
2022-08-22,4455.37,4081.12,3341.53
2022-08-23,4486.34,4109.49,3364.76
2022-08-24,4487.27,4110.34,3365.45
2022-08-25,4509.42,4130.63,3382.07
2022-08-26,4458.81,4084.27,3344.11
2022-08-29,4464.35,4089.35,3348.26
2022-08-30,4430.39,4058.24,3322.79
2022-08-31,4387.93,4019.34,3290.94
2022-09-01,4339.14,3974.65,3254.36
2022-09-02,4382.14,4014.04,3286.6
2022-09-06,4361.66,3995.28,3271.25
2022-09-07,4406.07,4035.96,3304.55
2022-09-08,4373.84,4006.44,3280.38
2022-09-09,4397.96,4028.53,3298.47
2022-09-12,4425.65,4053.89,3319.24
2022-09-13,4350.02,3984.62,3262.51
2022-09-14,4341.81,3977.1,3256.36
2022-09-15,4254.25,3896.9,3190.69
2022-09-16,4291.6,3931.1,3218.7
2022-09-19,4268.93,3910.34,3201.7
2022-09-20,4253.24,3895.96,3189.93
2022-09-21,4268.75,3910.17,3201.56
2022-09-22,4300.12,3938.91,3225.09
2022-09-23,4287.99,3927.8,3216.0
2022-09-26,4240.71,3884.49,3180.53
2022-09-27,4268.47,3909.92,3201.35
2022-09-28,4362.71,3996.24,3272.03
2022-09-29,4341.94,3977.22,3256.45
2022-09-30,4354.92,3989.11,3266.19
2022-10-03,4437.04,4064.33,3327.78
2022-10-04,4509.49,4130.7,3382.12
2022-10-05,4482.46,4105.93,3361.84
2022-10-06,4493.33,4115.89,3370.0
2022-10-07,4502.21,4124.02,3376.66
2022-10-10,4440.22,4067.24,3330.16
2022-10-11,4448.36,4074.7,3336.27
2022-10-12,4418.22,4047.09,3313.66
2022-10-13,4413.46,4042.73,3310.09
2022-10-14,4338.25,3973.84,3253.69
2022-10-17,4390.44,4021.64,3292.83
2022-10-18,4357.68,3991.63,3268.26
2022-10-19,4305.66,3943.99,3229.25
2022-10-20,4351.65,3986.11,3263.74
2022-10-21,4396.46,4027.16,3297.34
2022-10-24,4375.26,4007.74,3281.44
2022-10-25,4397.84,4028.42,3298.38
2022-10-26,4410.72,4040.22,3308.04
2022-10-27,4380.85,4012.86,3285.64
2022-10-28,4345.9,3980.84,3259.43
2022-10-31,4325.4,3962.07,3244.05
2022-11-01,4375.37,4007.84,3281.52
2022-11-02,4374.87,4007.38,3281.16
2022-11-03,4336.63,3972.35,3252.47
2022-11-04,4445.97,4072.51,3334.48
2022-11-07,4418.51,4047.35,3313.88
2022-11-08,4504.13,4125.79,3378.1
2022-11-09,4475.74,4099.77,3356.8
2022-11-10,4577.49,4192.98,3433.12
2022-11-11,4569.67,4185.82,3427.25
2022-11-14,4590.14,4204.57,3442.61
2022-11-15,4618.89,4230.9,3464.17
2022-11-16,4621.33,4233.14,3466.0
2022-11-17,4613.53,4225.99,3460.15
2022-11-18,4591.88,4206.16,3443.91
2022-11-21,4553.59,4171.09,3415.19
2022-11-22,4567.57,4183.89,3425.67
2022-11-23,4584.19,4199.12,3438.15
2022-11-25,4602.9,4216.26,3452.18
2022-11-28,4569.05,4185.25,3426.79
2022-11-29,4589.75,4204.21,3442.31
2022-11-30,4582.36,4197.45,3436.77
2022-12-01,4708.12,4312.64,3531.09
2022-12-02,4686.26,4292.62,3514.7
2022-12-05,4626.69,4238.04,3470.01
2022-12-06,4658.77,4267.43,3494.07
2022-12-07,4728.59,4331.38,3546.44
2022-12-08,4730.23,4332.89,3547.68
2022-12-09,4756.58,4357.03,3567.43
2022-12-12,4717.68,4321.39,3538.26
2022-12-13,4819.69,4414.84,3614.77
2022-12-14,4788.61,4386.37,3591.46
2022-12-15,4714.36,4318.36,3535.77
2022-12-16,4768.46,4367.9,3576.34
2022-12-19,4754.75,4355.35,3566.06
2022-12-20,4821.34,4416.35,3616.0
2022-12-21,4824.55,4419.29,3618.41
2022-12-22,4761.65,4361.67,3571.24
2022-12-23,4785.15,4383.2,3588.87
2022-12-27,4837.15,4430.83,3627.86
2022-12-28,4811.39,4407.23,3608.54
2022-12-29,4846.7,4439.57,3635.02
2022-12-30,4846.24,4439.16,3634.68
2023-01-03,4891.87,4480.95,3668.9
2023-01-04,4931.45,4517.21,3698.59
2023-01-05,4876.51,4466.88,3657.38
2023-01-06,4953.37,4537.29,3715.03
2023-01-09,4953.57,4537.47,3715.18
2023-01-10,4945.05,4529.66,3708.79
2023-01-11,4920.27,4506.96,3690.2
2023-01-12,4974.78,4556.9,3731.09
2023-01-13,5003.04,4582.79,3752.28
2023-01-17,5006.76,4586.19,3755.07
2023-01-18,4991.63,4572.33,3743.72
2023-01-19,5032.49,4609.76,3774.37
2023-01-20,5031.6,4608.95,3773.7
2023-01-23,5017.08,4595.65,3762.81
2023-01-24,5066.62,4641.02,3799.97
2023-01-25,5092.85,4665.05,3819.64
2023-01-26,5054.96,4630.34,3791.22
2023-01-27,5050.08,4625.87,3787.56
2023-01-30,5039.04,4615.76,3779.28
2023-01-31,5060.79,4635.69,3795.6
2023-02-01,5068.02,4642.31,3801.01
2023-02-02,5034.21,4611.33,3775.65
2023-02-03,4914.02,4501.24,3685.52
2023-02-06,4933.53,4519.12,3700.15
2023-02-07,4979.91,4561.59,3734.93
2023-02-08,4994.28,4574.76,3745.71
2023-02-09,4959.54,4542.94,3719.66
2023-02-10,4942.94,4527.74,3707.21
2023-02-13,4912.82,4500.14,3684.61
2023-02-14,4923.42,4509.85,3692.56
2023-02-15,4886.77,4476.28,3665.08
2023-02-16,4899.86,4488.27,3674.9
2023-02-17,4893.1,4482.08,3669.82
2023-02-21,4873.55,4464.17,3655.16
2023-02-22,4880.53,4470.57,3660.4
2023-02-23,4841.72,4435.02,3631.29
2023-02-24,4804.58,4401.0,3603.44
2023-02-27,4843.89,4437.01,3632.92
2023-02-28,4859.98,4451.74,3644.98
2023-03-01,4882.38,4472.26,3661.78
2023-03-02,4858.52,4450.4,3643.89
2023-03-03,4892.33,4481.38,3669.25
2023-03-06,4854.65,4446.86,3640.99
2023-03-07,4773.6,4372.62,3580.2
2023-03-08,4783.28,4381.48,3587.46
2023-03-09,4820.6,4415.67,3615.45
2023-03-10,4910.0,4497.56,3682.5
2023-03-13,5037.35,4614.21,3778.01
2023-03-14,5051.01,4626.72,3788.26
2023-03-15,5098.1,4669.86,3823.57
2023-03-16,5103.33,4674.65,3827.5
2023-03-17,5232.54,4793.01,3924.41
2023-03-20,5251.8,4810.65,3938.85
2023-03-21,5142.23,4710.28,3856.67
2023-03-22,5174.84,4740.15,3881.13
2023-03-23,5290.08,4845.71,3967.56
2023-03-24,5242.43,4802.07,3931.83
2023-03-27,5168.49,4734.34,3876.37
2023-03-28,5213.58,4775.64,3910.19
2023-03-29,5193.73,4757.46,3895.3
2023-03-30,5237.04,4797.13,3927.78
2023-03-31,5197.35,4760.78,3898.02
2023-04-03,5242.06,4801.73,3931.55
2023-04-04,5340.41,4891.81,4005.3
2023-04-05,5335.28,4887.11,4001.46
2023-04-06,5300.86,4855.58,3975.64
2023-04-10,5236.62,4796.74,3927.46
2023-04-11,5284.34,4840.45,3963.25
2023-04-12,5305.99,4860.28,3979.49
2023-04-13,5379.01,4927.18,4034.26
2023-04-14,5257.96,4816.3,3943.47
2023-04-17,5247.48,4806.69,3935.61
2023-04-18,5292.47,4847.9,3969.35
2023-04-19,5266.99,4824.56,3950.24
2023-04-20,5314.71,4868.27,3986.03
2023-04-21,5227.64,4788.52,3920.73
2023-04-24,5247.49,4806.7,3935.62
2023-04-25,5247.43,4806.65,3935.57
2023-04-26,5234.48,4794.79,3925.86
2023-04-27,5231.18,4791.76,3923.38
2023-04-28,5231.59,4792.14,3923.69
2023-05-01,5212.68,4774.82,3909.51
2023-05-02,5295.83,4850.98,3971.87
2023-05-03,5333.69,4885.66,4000.26
2023-05-04,5384.78,4932.46,4038.58
2023-05-05,5300.18,4854.96,3975.13
2023-05-08,5324.45,4877.2,3993.34
2023-05-09,5354.22,4904.46,4015.66
2023-05-10,5359.98,4909.74,4019.99
2023-05-11,5306.28,4860.56,3979.71
2023-05-12,5317.44,4870.78,3988.08
2023-05-15,5333.17,4885.18,3999.88
2023-05-16,5259.19,4817.41,3944.39
2023-05-17,5240.69,4800.47,3930.51
2023-05-18,5186.36,4750.71,3889.77
2023-05-19,5262.69,4820.63,3947.02
2023-05-22,5263.73,4821.58,3947.8
2023-05-23,5252.27,4811.08,3939.2
2023-05-24,5230.85,4791.46,3923.14
2023-05-25,5167.3,4733.24,3875.47
2023-05-26,5171.73,4737.31,3878.8
2023-05-30,5198.48,4761.81,3898.86
2023-05-31,5220.73,4782.19,3915.55
2023-06-01,5257.12,4815.52,3942.84
2023-06-02,5164.6,4730.77,3873.45
2023-06-05,5187.79,4752.01,3890.84
2023-06-06,5214.07,4776.09,3910.55
2023-06-07,5153.96,4721.03,3865.47
2023-06-08,5215.78,4777.65,3911.83
2023-06-09,5203.87,4766.74,3902.9
2023-06-12,5182.84,4747.48,3887.13
2023-06-13,5147.75,4715.34,3860.81
2023-06-14,5173.13,4738.59,3879.85
2023-06-15,5164.3,4730.5,3873.22
2023-06-16,5157.55,4724.31,3868.16
2023-06-20,5101.52,4672.99,3826.14
2023-06-21,5096.36,4668.27,3822.27
2023-06-22,5038.97,4615.69,3779.22
2023-06-23,5054.46,4629.88,3790.84
2023-06-26,5070.62,4644.69,3802.97
2023-06-27,5046.39,4622.49,3784.79
2023-06-28,5041.41,4617.93,3781.06
2023-06-29,5034.96,4612.03,3776.22
2023-06-30,5069.37,4643.54,3802.03
2023-07-03,5072.24,4646.17,3804.18
2023-07-05,5061.19,4636.05,3795.9
2023-07-06,5056.2,4631.48,3792.15
2023-07-07,5125.74,4695.18,3844.31
2023-07-10,5113.07,4683.57,3834.8
2023-07-11,5124.22,4693.78,3843.16
2023-07-12,5182.4,4747.08,3886.8
2023-07-13,5165.27,4731.39,3873.95
2023-07-14,5169.47,4735.23,3877.1
2023-07-17,5152.05,4719.28,3864.04
2023-07-18,5216.53,4778.34,3912.39
2023-07-19,5218.19,4779.87,3913.65
2023-07-20,5193.05,4756.83,3894.79
2023-07-21,5183.8,4748.36,3887.85
2023-07-24,5167.44,4733.38,3875.58
2023-07-25,5161.08,4727.55,3870.81
2023-07-26,5187.57,4751.81,3890.68
2023-07-27,5127.24,4696.55,3845.43
2023-07-28,5191.95,4755.82,3893.96
2023-07-31,5210.96,4773.24,3908.22
2023-08-01,5130.94,4699.94,3848.2
2023-08-02,5126.82,4696.17,3845.12
2023-08-03,5139.0,4707.32,3854.25
2023-08-04,5162.39,4728.75,3871.79
2023-08-07,5140.62,4708.81,3855.47
2023-08-08,5118.91,4688.92,3839.18
2023-08-09,5101.72,4673.17,3826.29
2023-08-10,5100.37,4671.94,3825.27
2023-08-11,5092.29,4664.53,3819.21
2023-08-14,5092.15,4664.41,3819.11
2023-08-15,5091.12,4663.46,3818.34
2023-08-16,5071.6,4645.59,3803.7
2023-08-17,5042.1,4618.56,3781.57
2023-08-18,5039.04,4615.76,3779.28
2023-08-21,5062.47,4637.23,3796.86
2023-08-22,5067.48,4641.81,3800.61
2023-08-23,5124.06,4693.64,3843.04
2023-08-24,5090.66,4663.04,3817.99
2023-08-25,5077.76,4651.22,3808.32
2023-08-28,5097.24,4669.07,3822.93
2023-08-29,5148.36,4715.9,3861.27
2023-08-30,5156.8,4723.63,3867.6
2023-08-31,5153.44,4720.55,3865.08
2023-09-01,5156.57,4723.42,3867.43
2023-09-05,5123.65,4693.26,3842.74
2023-09-06,5123.78,4693.38,3842.83
2023-09-07,5132.74,4701.59,3849.55
2023-09-08,5134.16,4702.9,3850.62
2023-09-11,5134.28,4703.0,3850.71
2023-09-12,5096.84,4668.7,3822.63
2023-09-13,5084.82,4657.69,3813.61
2023-09-14,5092.97,4665.16,3819.73
2023-09-15,5135.16,4703.81,3851.37
2023-09-18,5159.56,4726.15,3869.67
2023-09-19,5171.39,4737.0,3878.55
2023-09-20,5204.05,4766.91,3903.04
2023-09-21,5126.77,4696.12,3845.08
2023-09-22,5131.22,4700.2,3848.42
2023-09-25,5112.91,4683.43,3834.69
2023-09-26,5072.97,4646.84,3804.72
2023-09-27,5012.36,4591.32,3759.27
2023-09-28,4977.82,4559.68,3733.36
2023-09-29,4943.14,4527.92,3707.36
2023-10-02,4885.42,4475.05,3664.07
2023-10-03,4890.05,4479.28,3667.53
2023-10-04,4866.12,4457.37,3649.59
2023-10-05,4873.89,4464.48,3655.41
2023-10-06,4897.14,4485.78,3672.86
2023-10-09,4942.82,4527.62,3707.11
2023-10-10,4982.27,4563.76,3736.7
2023-10-11,5012.66,4591.59,3759.49
2023-10-12,5001.35,4581.23,3751.01
2023-10-13,5159.55,4726.14,3869.66
2023-10-16,5143.91,4711.82,3857.93
2023-10-17,5143.08,4711.06,3857.31
2023-10-18,5234.35,4794.67,3925.76
2023-10-19,5269.69,4827.04,3952.27
2023-10-20,5298.12,4853.07,3973.59
2023-10-23,5283.93,4840.08,3962.95
2023-10-24,5272.17,4829.31,3954.13
2023-10-25,5293.81,4849.13,3970.36
2023-10-26,5313.79,4867.43,3985.34
2023-10-27,5324.66,4877.39,3993.5
2023-10-30,5353.41,4903.72,4015.06
2023-10-31,5316.45,4869.87,3987.34
2023-11-01,5298.08,4853.04,3973.56
2023-11-02,5438.65,4981.81,4078.99
2023-11-03,5330.17,4882.44,3997.63
2023-11-06,5298.02,4852.98,3973.51
2023-11-07,5262.51,4820.46,3946.89
2023-11-08,5222.2,4783.53,3916.65
2023-11-09,5255.23,4813.8,3941.43
2023-11-10,5177.01,4742.14,3882.76
2023-11-13,5210.28,4772.62,3907.71
2023-11-14,5247.55,4806.75,3935.66
2023-11-15,5229.39,4790.12,3922.04
2023-11-16,5305.93,4860.24,3979.45
2023-11-17,5295.58,4850.75,3971.69
2023-11-20,5296.05,4851.18,3972.04
2023-11-21,5355.86,4905.97,4016.9
2023-11-22,5336.2,4887.96,4002.15
2023-11-24,5365.03,4914.37,4023.78
2023-11-27,5388.85,4936.19,4041.64
2023-11-28,5466.86,5007.65,4100.15
2023-11-29,5490.22,5029.05,4117.67
2023-11-30,5460.33,5001.67,4095.25
2023-12-01,5549.97,5083.77,4162.48
2023-12-04,5415.56,4960.65,4061.67
2023-12-05,5413.46,4958.73,4060.09
2023-12-06,5439.03,4982.15,4079.27
2023-12-07,5435.71,4979.11,4076.78
2023-12-08,5355.28,4905.44,4016.46
2023-12-11,5305.66,4859.99,3979.25
2023-12-12,5299.62,4854.45,3974.72
2023-12-13,5315.03,4868.56,3986.27
2023-12-14,5436.23,4979.59,4077.17
2023-12-15,5412.6,4957.94,4059.45
2023-12-18,5409.92,4955.49,4057.44
2023-12-19,5446.78,4989.25,4085.08
2023-12-20,5435.08,4978.53,4076.31
2023-12-21,5458.88,5000.33,4094.16
2023-12-22,5498.1,5036.26,4123.57
2023-12-26,5503.73,5041.42,4127.8
2023-12-27,5567.81,5100.11,4175.85
2023-12-28,5552.04,5085.67,4164.03
2023-12-29,5457.25,4998.84,4092.94
2024-01-02,5522.32,5058.44,4141.74
2024-01-03,5445.09,4987.7,4083.82
2024-01-04,5470.78,5011.24,4103.09
2024-01-05,5465.96,5006.82,4099.47
2024-01-08,5420.45,4965.14,4065.34
2024-01-09,5410.77,4956.27,4058.08
2024-01-10,5403.45,4949.56,4052.59
2024-01-11,5376.84,4925.18,4032.63
2024-01-12,5466.65,5007.45,4099.99
2024-01-16,5397.24,4943.87,4047.93
2024-01-17,5349.69,4900.31,4012.27
2024-01-18,5398.18,4944.73,4048.64
2024-01-19,5418.2,4963.07,4063.65
2024-01-22,5397.95,4944.53,4048.47
2024-01-23,5406.45,4952.31,4054.84
2024-01-24,5388.45,4935.82,4041.34
2024-01-25,5388.45,4935.82,4041.34
2024-01-26,5391.32,4938.45,4043.49
2024-01-29,5412.16,4957.54,4059.12
2024-01-30,5431.08,4974.87,4073.31
2024-01-31,5473.4,5013.63,4105.05
2024-02-01,5481.99,5021.5,4111.49
2024-02-02,5428.61,4972.61,4071.46
2024-02-05,5405.55,4951.49,4054.17
2024-02-06,5435.87,4979.25,4076.9
2024-02-07,5435.57,4978.98,4076.68
2024-02-08,5423.77,4968.17,4067.83
2024-02-09,5398.24,4944.79,4048.68
2024-02-12,5386.53,4934.06,4039.9
2024-02-13,5317.45,4870.78,3988.08
2024-02-14,5315.91,4869.37,3986.93
2024-02-15,5345.4,4896.38,4009.05
2024-02-16,5368.33,4917.39,4026.25
2024-02-20,5411.77,4957.18,4058.83
2024-02-21,5385.42,4933.04,4039.06
2024-02-22,5385.59,4933.2,4039.19
2024-02-23,5431.65,4975.4,4073.74
2024-02-26,5405.36,4951.31,4054.02
2024-02-27,5418.07,4962.95,4063.55
2024-02-28,5421.69,4966.27,4066.27
2024-02-29,5453.18,4995.11,4089.88
2024-03-01,5562.9,5095.62,4172.18
2024-03-04,5640.63,5166.81,4230.47
2024-03-05,5687.13,5209.41,4265.35
2024-03-06,5730.13,5248.8,4297.6
2024-03-07,5746.09,5263.42,4309.57
2024-03-08,5796.27,5309.38,4347.2
2024-03-11,5806.63,5318.87,4354.97
2024-03-12,5749.65,5266.68,4312.24
2024-03-13,5793.54,5306.89,4345.16
2024-03-14,5760.24,5276.38,4320.18
2024-03-15,5754.39,5271.02,4315.79
2024-03-18,5758.13,5274.45,4318.6
2024-03-19,5744.65,5262.1,4308.49
2024-03-20,5761.32,5277.37,4320.99
2024-03-21,5827.59,5338.07,4370.69
2024-03-22,5774.63,5289.56,4330.98
2024-03-25,5844.98,5354.0,4383.74
2024-03-26,5834.81,5344.68,4376.1
2024-03-27,5869.97,5376.89,4402.48
2024-03-28,5943.17,5443.95,4457.38
2024-04-01,5994.35,5490.83,4495.77
2024-04-02,6063.28,5553.97,4547.46
2024-04-03,6148.47,5632.0,4611.35
2024-04-04,6135.16,5619.8,4601.37
2024-04-05,6241.88,5717.56,4681.41
2024-04-08,6244.41,5719.88,4683.31
2024-04-09,6273.97,5746.95,4705.47
2024-04-10,6233.36,5709.76,4675.02
2024-04-11,6315.05,5784.59,4736.29
2024-04-12,6314.0,5783.63,4735.5
2024-04-15,6359.64,5825.43,4769.73
2024-04-16,6418.77,5879.59,4814.08
2024-04-17,6379.8,5843.9,4784.85
2024-04-18,6402.83,5864.99,4802.12
2024-04-19,6442.18,5901.04,4831.63
2024-04-22,6252.39,5727.19,4689.29
2024-04-23,6240.39,5716.2,4680.29
2024-04-24,6224.12,5701.3,4668.09
2024-04-25,6242.61,5718.23,4681.96
2024-04-26,6253.09,5727.83,4689.82
2024-04-29,6289.06,5760.78,4716.79
2024-04-30,6147.86,5631.44,4610.89
2024-05-01,6174.16,5655.53,4630.62
2024-05-02,6165.48,5647.58,4624.11
2024-05-03,6164.94,5647.08,4623.7
2024-05-06,6223.58,5700.8,4667.68
2024-05-07,6213.33,5691.41,4660.0
2024-05-08,6208.82,5687.28,4656.61
2024-05-09,6258.05,5732.37,4693.53
2024-05-10,6352.13,5818.55,4764.1
2024-05-13,6273.32,5746.36,4704.99
2024-05-14,6318.32,5787.58,4738.74
2024-05-15,6414.53,5875.71,4810.9
2024-05-16,6382.05,5845.96,4786.54
2024-05-17,6473.44,5929.67,4855.08
2024-05-20,6518.39,5970.85,4888.79
2024-05-21,6486.86,5941.96,4865.14
2024-05-22,6399.94,5862.34,4799.95
2024-05-23,6251.02,5725.94,4688.27
2024-05-24,6245.78,5721.13,4684.33
2024-05-28,6295.91,5767.05,4721.93
2024-05-29,6260.65,5734.76,4695.49
2024-05-30,6279.59,5752.11,4709.69
2024-05-31,6222.65,5699.94,4666.99
2024-06-03,6295.94,5767.08,4721.95
2024-06-04,6212.6,5690.74,4659.45
2024-06-05,6329.58,5797.89,4747.18
2024-06-06,6354.19,5820.44,4765.64
2024-06-07,6186.51,5666.85,4639.88
2024-06-10,6197.27,5676.7,4647.95
2024-06-11,6196.89,5676.35,4647.67
2024-06-12,6278.46,5751.07,4708.85
2024-06-13,6177.62,5658.7,4633.21
2024-06-14,6260.5,5734.62,4695.37
2024-06-17,6211.69,5689.9,4658.76
2024-06-18,6256.91,5731.33,4692.69
2024-06-20,6312.89,5782.6,4734.66
2024-06-21,6226.14,5703.14,4669.6
2024-06-24,6259.77,5733.95,4694.82
2024-06-25,6216.16,5694.0,4662.12
2024-06-26,6166.09,5648.13,4624.56
2024-06-27,6246.33,5721.64,4684.75
2024-06-28,6245.23,5720.63,4683.93
2024-07-01,6238.73,5714.67,4679.04
2024-07-02,6231.91,5708.43,4673.93
2024-07-03,6333.5,5801.49,4750.12
2024-07-05,6411.63,5873.05,4808.72
2024-07-08,6320.62,5789.69,4740.47
2024-07-09,6332.67,5800.73,4749.5
2024-07-10,6367.84,5832.94,4775.88
2024-07-11,6482.96,5938.39,4862.22
2024-07-12,6482.02,5937.53,4861.52
2024-07-15,6506.06,5959.55,4879.55
2024-07-16,6617.46,6061.59,4963.09
2024-07-17,6592.46,6038.69,4944.34
2024-07-18,6587.75,6034.38,4940.81
2024-07-19,6444.35,5903.02,4833.26
2024-07-22,6439.24,5898.34,4829.43
2024-07-23,6468.6,5925.24,4851.45
2024-07-24,6494.76,5949.2,4871.07
2024-07-25,6332.25,5800.34,4749.19
2024-07-26,6407.49,5869.26,4805.62
2024-07-29,6399.48,5861.92,4799.61
2024-07-30,6475.8,5931.83,4856.85
2024-07-31,6532.79,5984.04,4899.59
2024-08-01,6554.02,6003.48,4915.51
2024-08-02,6531.02,5982.41,4898.26
2024-08-05,6465.74,5922.62,4849.3
2024-08-06,6452.35,5910.35,4839.26
2024-08-07,6450.93,5909.05,4838.19
2024-08-08,6537.05,5987.94,4902.79
2024-08-09,6567.42,6015.75,4925.56
2024-08-12,6646.13,6087.86,4984.6
2024-08-13,6653.0,6094.14,4989.75
2024-08-14,6578.74,6026.12,4934.05
2024-08-15,6622.74,6066.43,4967.06
2024-08-16,6743.72,6177.25,5057.79
2024-08-19,6747.65,6180.85,5060.74
2024-08-20,6772.37,6203.49,5079.28
2024-08-21,6756.55,6189.0,5067.41
2024-08-22,6685.79,6124.18,5014.34
2024-08-23,6769.55,6200.9,5077.16
2024-08-26,6784.38,6214.49,5088.29
2024-08-27,6785.45,6215.48,5089.09
2024-08-28,6748.05,6181.21,5061.04
2024-08-29,6816.31,6243.74,5112.23
2024-08-30,6726.5,6161.47,5044.87
2024-09-03,6718.55,6154.2,5038.92
2024-09-04,6729.84,6164.54,5047.38
2024-09-05,6781.03,6211.42,5085.77
2024-09-06,6732.78,6167.23,5049.59
2024-09-09,6755.11,6187.68,5066.33
2024-09-10,6783.33,6213.53,5087.5
2024-09-11,6782.88,6213.11,5087.16
2024-09-12,6889.32,6310.62,5166.99
2024-09-13,6965.8,6380.68,5224.35
2024-09-16,6959.23,6374.65,5219.42
2024-09-17,6915.74,6334.82,5186.81
2024-09-18,6923.63,6342.04,5192.72
2024-09-19,6963.66,6378.71,5222.74
2024-09-20,7043.01,6451.39,5282.25
2024-09-23,7049.97,6457.78,5287.48
2024-09-24,7122.45,6524.17,5341.84
2024-09-25,7144.63,6544.48,5358.47
2024-09-26,7178.23,6575.26,5383.67
2024-09-27,7108.8,6511.67,5331.6
2024-09-30,7095.18,6499.18,5321.38
2024-10-01,7188.66,6584.81,5391.5
2024-10-02,7138.03,6538.44,5353.53
2024-10-03,7169.06,6566.86,5376.79
2024-10-04,7146.21,6545.93,5359.66
2024-10-07,7145.07,6544.89,5358.8
2024-10-08,7059.21,6466.24,5294.41
2024-10-09,7030.77,6440.18,5273.07
2024-10-10,7072.48,6478.39,5304.36
2024-10-11,7172.66,6570.16,5379.5
2024-10-14,7165.14,6563.26,5373.85
2024-10-15,7191.69,6587.59,5393.77
2024-10-16,7226.4,6619.38,5419.8
2024-10-17,7270.88,6660.12,5453.16
2024-10-18,7333.48,6717.46,5500.11
2024-10-21,7360.18,6741.93,5520.14
2024-10-22,7417.64,6794.56,5563.23
2024-10-23,7338.0,6721.61,5503.5
2024-10-24,7391.98,6771.05,5543.99
2024-10-25,7409.45,6787.06,5557.09
2024-10-28,7416.64,6793.64,5562.48
2024-10-29,7485.66,6856.86,5614.24
2024-10-30,7538.8,6905.54,5654.1
2024-10-31,7403.06,6781.21,5552.3
2024-11-01,7404.09,6782.14,5553.06
2024-11-04,7401.03,6779.34,5550.77
2024-11-05,7414.06,6791.28,5560.54
2024-11-06,7214.26,6608.26,5410.69
2024-11-07,7309.26,6695.28,5481.94
2024-11-08,7284.5,6672.6,5463.37
2024-11-11,7084.11,6489.04,5313.08
2024-11-12,7054.86,6462.25,5291.15
2024-11-13,7002.67,6414.44,5252.0
2024-11-14,6970.76,6385.22,5228.07
2024-11-15,6968.17,6382.84,5226.13
2024-11-18,7090.42,6494.83,5317.82
2024-11-19,7128.56,6529.77,5346.42
2024-11-20,7185.74,6582.14,5389.31
2024-11-21,7249.35,6640.4,5437.01
2024-11-22,7361.06,6742.73,5520.8
2024-11-25,7103.77,6507.05,5327.83
2024-11-26,7108.34,6511.24,5331.26
2024-11-27,7158.26,6556.96,5368.69
2024-11-29,7215.94,6609.8,5411.96
2024-12-02,7163.16,6561.45,5372.37
2024-12-03,7205.11,6599.88,5403.83
2024-12-04,7225.3,6618.37,5418.97
2024-12-05,7153.26,6552.39,5364.94
2024-12-06,7183.97,6580.52,5387.98
2024-12-09,7254.05,6644.71,5440.54
2024-12-10,7358.79,6740.65,5519.09
2024-12-11,7459.89,6833.26,5594.91
2024-12-12,7332.08,6716.19,5499.06
2024-12-13,7244.62,6636.07,5433.46
2024-12-16,7228.9,6621.67,5421.67
2024-12-17,7219.61,6613.17,5414.71
2024-12-18,7197.89,6593.26,5398.41
2024-12-19,7097.79,6501.57,5323.34
2024-12-20,7207.35,6601.94,5405.52
2024-12-23,7134.3,6535.02,5350.73
2024-12-24,7168.3,6566.16,5376.22
2024-12-26,7246.42,6637.72,5434.81
2024-12-27,7174.27,6571.63,5380.7
2024-12-30,7154.32,6553.36,5365.74
2024-12-31,7251.6,6642.46,5438.7
2025-01-02,7333.44,6717.43,5500.08
2025-01-03,7296.66,6683.74,5472.49
2025-01-06,7274.63,6663.56,5455.97
2025-01-07,7318.4,6703.66,5488.8
2025-01-08,7350.67,6733.21,5513.0
2025-01-09,7412.62,6789.96,5559.47
2025-01-10,7481.93,6853.45,5611.45
2025-01-13,7408.29,6785.99,5556.21
2025-01-14,7459.19,6832.62,5594.39
2025-01-15,7546.65,6912.73,5659.99
2025-01-16,7631.75,6990.68,5723.81
2025-01-17,7641.36,6999.49,5731.02
2025-01-21,7636.17,6994.73,5727.13
2025-01-22,7692.52,7046.35,5769.39
2025-01-23,7681.86,7036.58,5761.39
2025-01-24,7718.44,7070.09,5788.83
2025-01-27,7586.95,6949.65,5690.21
2025-01-28,7691.76,7045.66,5768.82
2025-01-29,7708.5,7060.99,5781.38
2025-01-30,7863.63,7203.09,5897.72
2025-01-31,7834.96,7176.82,5876.22
2025-02-03,7886.1,7223.67,5914.58
2025-02-04,7975.81,7305.84,5981.86
2025-02-05,8044.2,7368.49,6033.15
2025-02-06,8019.23,7345.62,6014.42
2025-02-07,8074.39,7396.15,6055.8
2025-02-10,8199.7,7510.93,6149.78
2025-02-11,8192.48,7504.31,6144.36
2025-02-12,8119.14,7437.14,6089.36
2025-02-13,8172.22,7485.75,6129.16
2025-02-14,8042.96,7367.35,6032.22
2025-02-18,8186.33,7498.68,6139.75
2025-02-19,8155.3,7470.26,6116.48
2025-02-20,8211.49,7521.72,6158.62
2025-02-21,8164.97,7479.11,6123.73
2025-02-24,8201.01,7512.12,6150.76
2025-02-25,8095.28,7415.27,6071.46
2025-02-26,8166.23,7480.27,6124.68
2025-02-27,8079.67,7400.98,6059.75
2025-02-28,7964.67,7295.64,5973.51
2025-03-03,8127.33,7444.64,6095.5
2025-03-04,8169.31,7483.09,6126.98
2025-03-05,8174.76,7488.08,6131.07
2025-03-06,8147.68,7463.27,6110.76
2025-03-07,8136.8,7453.31,6102.6
2025-03-10,8093.31,7413.47,6069.98
2025-03-11,8180.97,7493.76,6135.72
2025-03-12,8239.9,7547.75,6179.93
2025-03-13,8380.1,7676.17,6285.08
2025-03-14,8368.45,7665.5,6276.34
2025-03-17,8385.46,7681.08,6289.09
2025-03-18,8481.36,7768.93,6361.02
2025-03-19,8450.38,7740.55,6337.78
2025-03-20,8438.43,7729.6,6328.82
2025-03-21,8377.82,7674.09,6283.37
2025-03-24,8329.85,7630.14,6247.39
2025-03-25,8314.93,7616.48,6236.2
2025-03-26,8312.89,7614.61,6234.67
2025-03-27,8470.72,7759.18,6353.04
2025-03-28,8503.78,7789.46,6377.83
2025-03-31,8588.12,7866.72,6441.09
2025-04-01,8570.3,7850.4,6427.73
2025-04-02,8642.34,7916.39,6481.76
2025-04-03,8528.36,7811.98,6396.27
2025-04-04,8258.62,7564.9,6193.97
2025-04-07,8115.57,7433.86,6086.68
2025-04-08,8210.09,7520.44,6157.57
2025-04-09,8493.88,7780.4,6370.41
2025-04-10,8745.24,8010.64,6558.93
2025-04-11,8936.24,8185.59,6702.18
2025-04-14,8881.04,8135.03,6660.78
2025-04-15,8904.22,8156.27,6678.16
2025-04-16,9168.69,8398.52,6876.52
2025-04-17,9108.06,8342.98,6831.04
2025-04-21,9376.45,8588.83,7032.34
2025-04-22,9311.12,8528.98,6983.34
2025-04-23,8977.99,8223.84,6733.49
2025-04-24,9159.28,8389.9,6869.46
2025-04-25,8997.33,8241.56,6748.0
2025-04-28,9148.33,8379.87,6861.25
2025-04-29,9086.76,8323.47,6815.07
2025-04-30,9050.09,8289.88,6787.57
2025-05-01,8723.94,7991.13,6542.96
2025-05-02,8800.66,8061.4,6600.49
2025-05-05,8998.73,8242.83,6749.05
2025-05-06,9237.25,8461.32,6927.94
2025-05-07,9218.25,8443.91,6913.68
2025-05-08,8989.61,8234.48,6742.21
2025-05-09,9231.07,8455.66,6923.3
2025-05-12,8841.92,8099.2,6631.44
2025-05-13,8851.56,8108.02,6638.67
2025-05-14,8700.33,7969.51,6525.25
2025-05-15,8852.06,8108.48,6639.04
2025-05-16,8741.32,8007.05,6555.99
2025-05-19,8875.91,8130.33,6656.93
2025-05-20,9003.68,8247.38,6752.76
2025-05-21,9100.73,8336.27,6825.55
2025-05-22,9060.78,8299.67,6795.58
2025-05-23,9297.51,8516.52,6973.13
2025-05-27,9032.6,8273.86,6774.45
2025-05-28,9038.96,8279.69,6779.22
2025-05-29,9106.16,8341.25,6829.62
2025-05-30,9026.15,8267.95,6769.61
2025-06-02,9268.03,8489.52,6951.02
2025-06-03,9194.64,8422.29,6895.98
2025-06-04,9296.02,8515.15,6972.01
2025-06-05,9254.24,8476.88,6940.68
2025-06-06,9174.05,8403.43,6880.54
2025-06-09,9190.13,8418.16,6892.6
2025-06-10,9156.11,8387.0,6867.08
2025-06-11,9146.19,8377.91,6859.65
2025-06-12,9290.43,8510.03,6967.82
2025-06-13,9452.76,8658.73,7089.57
2025-06-16,9418.13,8627.01,7063.6
2025-06-17,9375.17,8587.65,7031.38
2025-06-18,9412.2,8621.57,7059.15
2025-06-20,9375.89,8588.31,7031.92
2025-06-23,9402.23,8612.44,7051.67
2025-06-24,9197.34,8424.76,6898.0
2025-06-25,9189.12,8417.24,6891.84
2025-06-26,9217.66,8443.37,6913.24
2025-06-27,9016.54,8259.15,6762.41
2025-06-30,9051.2,8290.9,6788.4
2025-07-01,9195.17,8422.77,6896.38
2025-07-02,9218.64,8444.28,6913.98
2025-07-03,9178.98,8407.95,6884.24
2025-07-04,9141.28,8373.42,6855.96
2025-07-07,9159.44,8390.05,6869.58
2025-07-08,9132.25,8365.14,6849.19
2025-07-09,9125.3,8358.77,6843.97
2025-07-10,9141.4,8373.52,6856.05
2025-07-11,9250.6,8473.55,6937.95
2025-07-14,9247.51,8470.72,6935.64
2025-07-15,9203.39,8430.3,6902.54
2025-07-16,9268.79,8490.21,6951.59
2025-07-17,9222.92,8448.2,6917.19
2025-07-18,9275.93,8496.75,6956.95
2025-07-21,9422.38,8630.9,7066.78
2025-07-22,9530.85,8730.26,7148.14
2025-07-23,9421.97,8630.52,7066.47
2025-07-24,9363.9,8577.33,7022.92
2025-07-25,9264.51,8486.29,6948.38
2025-07-28,9203.38,8430.3,6902.54
2025-07-29,9272.16,8493.3,6954.12
2025-07-30,9225.42,8450.49,6919.07
2025-07-31,9287.11,8507.0,6965.33
2025-08-01,9416.57,8625.58,7062.43
2025-08-04,9465.19,8670.11,7098.89
2025-08-05,9556.69,8753.92,7167.51
2025-08-06,9532.82,8732.06,7149.62
2025-08-07,9594.38,8788.45,7195.79
2025-08-08,9667.45,8855.38,7250.59
2025-08-11,9431.64,8639.38,7073.73
2025-08-12,9438.8,8645.94,7079.1
2025-08-13,9458.98,8664.42,7094.23
2025-08-14,9377.18,8589.5,7032.89
2025-08-15,9405.37,8615.32,7054.03
2025-08-18,9374.07,8586.65,7030.55
2025-08-19,9299.39,8518.24,6974.54
2025-08-20,9360.37,8574.1,7020.28
2025-08-21,9335.64,8551.44,7001.73
2025-08-22,9470.41,8674.89,7102.81
2025-08-25,9472.71,8677.0,7104.53
2025-08-26,9544.6,8742.85,7158.45
2025-08-27,9588.8,8783.34,7191.6
2025-08-28,9671.85,8859.42,7253.89
2025-08-29,9782.41,8960.69,7336.81
2025-09-02,10042.35,9198.79,7531.76
2025-09-03,10165.91,9311.98,7624.43
2025-09-04,10096.96,9248.81,7572.72
2025-09-05,10245.1,9384.52,7683.83
2025-09-08,10314.94,9448.48,7736.2
2025-09-09,10305.57,9439.9,7729.18
2025-09-10,10334.28,9466.2,7750.71
2025-09-11,10295.99,9431.13,7721.99
2025-09-12,10356.51,9486.57,7767.38
2025-09-15,10450.74,9572.88,7838.06
2025-09-16,10451.52,9573.59,7838.64
2025-09-17,10403.12,9529.26,7802.34
2025-09-18,10298.53,9433.45,7723.89
2025-09-19,10412.06,9537.45,7809.05
2025-09-22,10595.36,9705.35,7946.52
2025-09-23,10733.31,9831.72,8049.99
2025-09-24,10656.05,9760.94,7992.03
2025-09-25,10666.22,9770.26,7999.66
2025-09-26,10775.16,9870.04,8081.37
2025-09-29,10893.47,9978.42,8170.11
2025-09-30,10953.63,10033.53,8215.22
2025-10-01,11046.71,10118.79,8285.03
2025-10-02,10947.84,10028.22,8210.88
2025-10-03,11069.67,10139.81,8302.25
2025-10-06,11264.67,10318.43,8448.5
2025-10-07,11343.04,10390.23,8507.28
2025-10-08,11536.1,10567.06,8652.07
2025-10-09,11263.73,10317.58,8447.8
2025-10-10,11359.49,10405.29,8519.62
2025-10-13,11724.35,10739.5,8793.26
2025-10-14,11797.97,10806.94,8848.48
2025-10-15,11922.63,10921.13,8941.97
2025-10-16,12083.6,11068.58,9062.7
2025-10-17,11853.08,10857.42,8889.81
2025-10-20,12269.14,11238.53,9201.85
2025-10-21,11549.41,10579.26,8662.06
2025-10-22,11442.88,10481.68,8582.16
2025-10-23,11637.68,10660.12,8728.26
2025-10-24,11622.78,10646.46,8717.08
2025-10-27,11300.43,10351.19,8475.32
2025-10-28,11249.75,10304.77,8437.31
2025-10-29,11299.82,10350.63,8474.86
2025-10-30,11365.19,10410.52,8523.89
2025-10-31,11347.93,10394.7,8510.95
2025-11-03,11417.63,10458.55,8563.22
2025-11-04,11260.9,10314.98,8445.67
2025-11-05,11354.99,10401.17,8516.24
2025-11-06,11331.44,10379.6,8498.58
2025-11-07,11401.89,10444.13,8551.42
2025-11-10,11720.35,10735.84,8790.26
2025-11-11,11712.58,10728.73,8784.44
2025-11-12,11958.41,10953.91,8968.81
2025-11-13,11925.8,10924.04,8944.35
2025-11-14,11672.15,10691.69,8754.11
2025-11-17,11599.5,10625.14,8699.62
2025-11-18,11573.52,10601.34,8680.14
2025-11-19,11609.89,10634.65,8707.41
2025-11-20,11540.45,10571.05,8655.34
2025-11-21,11624.78,10648.3,8718.59
2025-11-24,11792.03,10801.5,8844.02
2025-11-25,11863.64,10867.09,8897.73
2025-11-26,11938.53,10935.69,8953.9
2025-11-28,12119.78,11101.72,9089.83
2025-12-01,12178.1,11155.14,9133.57
2025-12-02,12062.07,11048.85,9046.55
2025-12-03,12139.77,11120.03,9104.83
2025-12-04,12210.2,11184.55,9157.65
2025-12-05,12168.14,11146.02,9126.11
2025-12-08,12107.59,11090.55,9080.69
2025-12-09,12189.94,11165.99,9142.46
2025-12-10,12131.34,11112.31,9098.51
2025-12-11,12371.85,11332.62,9278.89
2025-12-12,12477.6,11429.48,9358.2
2025-12-15,12541.61,11488.12,9406.21
2025-12-16,12562.87,11507.59,9422.15
2025-12-17,12712.41,11644.56,9534.3
2025-12-18,12614.34,11554.74,9460.76
2025-12-19,12655.86,11592.77,9491.9
2025-12-22,12799.29,11724.15,9599.47
2025-12-23,12914.18,11829.39,9685.64
2025-12-24,12894.02,11810.92,9670.51
2025-12-26,13120.67,12018.53,9840.5
2025-12-29,12491.22,11441.96,9368.42
2025-12-30,12631.12,11570.1,9473.34
2025-12-31,12484.34,11435.65,9363.25
2026-01-02,12478.71,11430.5,9359.03
2026-01-05,12839.46,11760.94,9629.59
2026-01-06,13003.11,11910.85,9752.34
2026-01-07,12898.1,11814.66,9673.57
2026-01-08,12856.1,11776.19,9642.07
2026-01-09,12979.32,11889.06,9734.49
2026-01-12,13357.78,12235.72,10018.33
2026-01-13,13298.73,12181.64,9974.05
2026-01-14,13427.11,12299.23,10070.33
2026-01-15,13384.75,12260.43,10038.56
2026-01-16,13330.18,12210.44,9997.63
2026-01-20,13910.62,12742.13,10432.97
2026-01-21,14154.87,12965.86,10616.15
2026-01-22,14446.49,13232.98,10834.87
2026-01-23,14648.27,13417.81,10986.2
2026-01-26,14943.58,13688.32,11207.69
2026-01-27,14978.81,13720.59,11234.11
2026-01-28,15602.05,14291.47,11701.54
2026-01-29,15738.09,14416.09,11803.57
2026-01-30,13910.03,12741.59,10432.52
2026-02-02,13626.22,12481.62,10219.67
2026-02-03,14227.9,13032.75,10670.92
2026-02-04,14304.4,13102.83,10728.3
2026-02-05,14086.31,12903.06,10564.74
2026-02-06,14376.73,13169.09,10782.55
2026-02-09,14710.59,13474.9,11032.94
2026-02-10,14611.19,13383.85,10958.39
2026-02-11,14770.86,13530.11,11078.15
2026-02-12,14363.51,13156.97,10772.63
2026-02-13,14622.56,13394.27,10966.92
2026-02-17,14251.91,13054.75,10688.93
2026-02-18,14529.15,13308.7,10896.87
2026-02-19,14525.03,13304.93,10893.78
2026-02-20,14808.76,13564.82,11106.57
2026-02-23,15181.72,13906.46,11386.29
2026-02-24,15087.74,13820.37,11315.8
2026-02-25,15218.72,13940.35,11414.04
2026-02-26,15136.81,13865.32,11352.61
2026-02-27,15304.2,14018.65,11478.15
2026-03-02,15503.46,14201.17,11627.59
2026-03-03,15035.31,13772.35,11276.49
2026-03-04,15146.28,13874.0,11359.71
2026-03-05,15002.51,13742.3,11251.88
2026-03-06,15186.22,13910.58,11389.66
2026-03-09,15049.53,13785.37,11287.15
2026-03-10,15441.46,14144.38,11581.1
