Date,Gold_Price_INR_per_10g,Gold_Price_USD_per_Oz,USD_INR_Rate,Year,Month,Quarter,Day,Day_of_Week,Week_Number,Daily_Return_%,30D_MA,90D_MA,200D_MA,Yearly_High,Yearly_Low
2003-12-01,5918.12,402.7,45.71,2003,12,4,1,Monday,49,,,,,6098.52,5905.93
2003-12-02,5922.3,403.7,45.63,2003,12,4,2,Tuesday,49,0.07063053807627728,,,,6098.52,5905.93
2003-12-03,5914.98,403.9,45.55,2003,12,4,3,Wednesday,49,-0.12360062813434602,,,,6098.52,5905.93
2003-12-04,5905.93,403.3,45.55,2003,12,4,4,Thursday,49,-0.15300136264195796,,,,6098.52,5905.93
2003-12-05,5938.39,406.4,45.45,2003,12,4,5,Friday,49,0.5496170797825162,,,,6098.52,5905.93
2003-12-08,5944.06,406.6,45.47,2003,12,4,8,Monday,50,0.09548042482896424,,,,6098.52,5905.93
2003-12-09,5962.33,408.2,45.43,2003,12,4,9,Tuesday,50,0.30736567262106274,,,,6098.52,5905.93
2003-12-10,5925.28,406.2,45.37,2003,12,4,10,Wednesday,50,-0.6214013649026517,,,,6098.52,5905.93
2003-12-11,5912.09,404.6,45.45,2003,12,4,11,Thursday,50,-0.22260551400101747,,,,6098.52,5905.93
2003-12-12,5978.67,409.4,45.42,2003,12,4,12,Friday,50,1.1261668885284237,,,,6098.52,5905.93
2003-12-15,5981.8,409.2,45.47,2003,12,4,15,Monday,51,0.05235278080242267,,,,6098.52,5905.93
2003-12-16,5959.88,407.7,45.47,2003,12,4,16,Tuesday,51,-0.3664448828111899,,,,6098.52,5905.93
2003-12-17,6012.27,412.0,45.39,2003,12,4,17,Wednesday,51,0.8790445445210349,,,,6098.52,5905.93
2003-12-18,5993.94,410.4,45.43,2003,12,4,18,Thursday,51,-0.30487652750127436,,,,6098.52,5905.93
2003-12-19,5975.75,409.2,45.42,2003,12,4,19,Friday,51,-0.30347317457297684,,,,6098.52,5905.93
2003-12-22,6000.16,410.6,45.45,2003,12,4,22,Monday,52,0.4084842906748154,,,,6098.52,5905.93
2003-12-23,5997.68,411.0,45.39,2003,12,4,23,Tuesday,52,-0.041332231140500664,,,,6098.52,5905.93
2003-12-24,6023.67,412.3,45.44,2003,12,4,24,Wednesday,52,0.4333342225660619,,,,6098.52,5905.93
2003-12-29,6074.47,414.8,45.55,2003,12,4,29,Monday,1,0.8433396915833669,,,,6098.52,5905.93
2003-12-30,6098.52,416.9,45.5,2003,12,4,30,Tuesday,1,0.3959193147714979,,,,6098.52,5905.93
2003-12-31,6085.11,415.7,45.53,2003,12,4,31,Wednesday,1,-0.2198894157926956,,,,6098.52,5905.93
2004-01-05,6203.73,424.4,45.47,2004,1,1,5,Monday,2,1.949348491646008,,,,6522.48,5421.86
2004-01-06,6191.62,422.8,45.55,2004,1,1,6,Tuesday,2,-0.19520514271252898,,,,6522.48,5421.86
2004-01-07,6156.47,421.9,45.39,2004,1,1,7,Wednesday,2,-0.5677027982983418,,,,6522.48,5421.86
2004-01-08,6198.15,424.0,45.47,2004,1,1,8,Thursday,2,0.67701133929019,,,,6522.48,5421.86
2004-01-09,6217.2,426.4,45.35,2004,1,1,9,Friday,2,0.30734977372279815,,,,6522.48,5421.86
2004-01-12,6214.78,426.3,45.34,2004,1,1,12,Monday,3,-0.038924274593066244,,,,6522.48,5421.86
2004-01-13,6172.66,423.7,45.31,2004,1,1,13,Tuesday,3,-0.6777391959168266,,,,6522.48,5421.86
2004-01-14,6145.55,421.7,45.33,2004,1,1,14,Wednesday,3,-0.43919477178395727,,,,6522.48,5421.86
2004-01-15,5954.48,408.4,45.35,2004,1,1,15,Thursday,3,-3.109078927028508,6032.668000000001,,,6522.48,5421.86
2004-01-16,5926.56,406.7,45.33,2004,1,1,16,Friday,3,-0.4688906504010326,6032.949333333334,,,6522.48,5421.86
2004-01-20,6014.39,412.7,45.33,2004,1,1,20,Tuesday,4,1.48197267892336,6036.018999999999,,,6522.48,5421.86
2004-01-21,5988.3,411.1,45.31,2004,1,1,21,Wednesday,4,-0.4337929532338247,6038.463000000001,,,6522.48,5421.86
2004-01-22,5974.12,410.0,45.32,2004,1,1,22,Thursday,4,-0.2367950837466437,6040.736000000001,,,6522.48,5421.86
2004-01-23,5933.42,407.9,45.24,2004,1,1,23,Friday,4,-0.6812718860685685,6040.570333333333,,,6522.48,5421.86
2004-01-26,5912.29,406.6,45.23,2004,1,1,26,Monday,5,-0.3561183937762724,6039.511333333333,,,6522.48,5421.86
2004-01-27,5967.53,410.0,45.27,2004,1,1,27,Tuesday,5,0.9343249400824316,6039.684666666667,,,6522.48,5421.86
2004-01-28,6030.63,414.5,45.25,2004,1,1,28,Wednesday,5,1.0573889029464434,6043.196333333332,,,6522.48,5421.86
2004-01-29,5800.15,398.5,45.27,2004,1,1,29,Thursday,5,-3.821822927289531,6039.464999999999,,,6522.48,5421.86
2004-01-30,5819.48,402.2,45.0,2004,1,1,30,Friday,5,0.33326724308853084,6034.158666666667,,,6522.48,5421.86
2004-02-02,5790.75,398.7,45.17,2004,2,1,2,Monday,6,-0.49368672115033263,6027.790333333333,,,6522.48,5421.86
2004-02-03,5802.25,399.2,45.21,2004,2,1,3,Tuesday,6,0.19859258299874671,6022.536000000001,,,6522.48,5421.86
2004-02-04,5828.54,401.0,45.21,2004,2,1,4,Wednesday,6,0.4531000904821392,6016.411666666667,,,6522.48,5421.86
2004-02-05,5786.01,398.1,45.21,2004,2,1,5,Thursday,6,-0.7296853071266485,6009.480666666666,,,6522.48,5421.86
2004-02-06,5861.01,403.6,45.17,2004,2,1,6,Friday,6,1.2962300445384711,6005.656,,,6522.48,5421.86
2004-02-09,5910.62,406.8,45.19,2004,2,1,9,Monday,7,0.8464411423969587,6002.671333333333,,,6522.48,5421.86
2004-02-10,5903.77,406.4,45.18,2004,2,1,10,Tuesday,7,-0.11589308735799886,5999.540999999999,,,6522.48,5421.86
2004-02-11,5959.5,410.2,45.19,2004,2,1,11,Wednesday,7,0.9439730883824993,5997.402,,,6522.48,5421.86
2004-02-12,6011.94,413.7,45.2,2004,2,1,12,Thursday,7,0.8799395922476583,5995.317666666667,,,6522.48,5421.86
2004-02-13,5983.9,410.3,45.36,2004,2,1,13,Friday,7,-0.4664051870111763,5991.497,,,6522.48,5421.86
2004-02-17,6045.36,416.0,45.2,2004,2,1,17,Tuesday,8,1.027089356439781,5990.1720000000005,,,6522.48,5421.86
2004-02-18,5987.62,412.3,45.17,2004,2,1,18,Wednesday,8,-0.9551126814614785,5982.968333333333,,,6522.48,5421.86
2004-02-19,5954.47,409.8,45.19,2004,2,1,19,Thursday,8,-0.553642348712835,5975.0633333333335,,,6522.48,5421.86
2004-02-20,5772.81,397.5,45.17,2004,2,1,20,Friday,8,-3.050817285165597,5962.274666666666,,,6522.48,5421.86
2004-02-23,5794.73,399.0,45.17,2004,2,1,23,Monday,9,0.3797110939040005,5948.827333333334,,,6522.48,5421.86
2004-02-24,5879.81,404.5,45.21,2004,2,1,24,Tuesday,9,1.4682306164394365,5937.581,,,6522.48,5421.86
2004-02-25,5750.03,395.8,45.19,2004,2,1,25,Wednesday,9,-2.207214178689454,5922.089333333333,,,6522.48,5421.86
2004-02-26,5747.74,395.8,45.17,2004,2,1,26,Thursday,9,-0.03982587916933067,5907.925333333333,,,6522.48,5421.86
2004-02-27,5760.03,396.4,45.2,2004,2,1,27,Friday,9,0.21382317223812564,5895.074666666666,,,6522.48,5421.86
2004-03-01,5799.21,399.3,45.17,2004,3,1,1,Monday,10,0.6802047906000475,5889.899,,,6522.48,5421.86
2004-03-02,5715.74,393.5,45.18,2004,3,1,2,Tuesday,10,-1.439333978248769,5882.871666666667,,,6522.48,5421.86
2004-03-03,5696.1,392.4,45.15,2004,3,1,3,Wednesday,10,-0.34361255060586515,5872.262000000001,,,6522.48,5421.86
2004-03-04,5713.34,392.9,45.23,2004,3,1,4,Thursday,10,0.3026632257158379,5863.096666666666,,,6522.48,5421.86
2004-03-05,5830.45,401.3,45.19,2004,3,1,5,Friday,10,2.049764235981044,5858.307666666666,,,6522.48,5421.86
2004-03-08,5818.99,400.6,45.18,2004,3,1,8,Monday,11,-0.1965542968381473,5854.493333333334,,,6522.48,5421.86
2004-03-09,5864.66,404.2,45.13,2004,3,1,9,Tuesday,11,0.7848441052485056,5852.9056666666675,,,6522.48,5421.86
2004-03-10,5801.15,400.0,45.11,2004,3,1,10,Wednesday,11,-1.082927228517938,5847.359666666667,,,6522.48,5421.86
2004-03-11,5820.96,400.7,45.18,2004,3,1,11,Thursday,11,0.34148401610025747,5840.370666666667,,,6522.48,5421.86
2004-03-12,5740.86,395.3,45.17,2004,3,1,12,Friday,11,-1.3760616805475467,5838.394333333334,,,6522.48,5421.86
2004-03-15,5800.28,399.4,45.17,2004,3,1,15,Monday,12,1.0350365624662627,5837.754333333333,,,6522.48,5421.86
2004-03-16,5841.13,402.4,45.15,2004,3,1,16,Tuesday,12,0.7042763452798972,5839.433666666667,,,6522.48,5421.86
2004-03-17,5909.33,406.9,45.17,2004,3,1,17,Wednesday,12,1.1675823000001584,5843.003,,,6522.48,5421.86
2004-03-18,5967.55,411.1,45.15,2004,3,1,18,Thursday,12,0.9852216748768461,5847.636666666666,,,6522.48,5421.86
2004-03-19,5979.91,412.5,45.09,2004,3,1,19,Friday,12,0.20712017494615154,5854.1,,,6522.48,5421.86
2004-03-22,6048.53,417.4,45.07,2004,3,1,22,Monday,13,1.1475089089969526,5860.350666666666,,,6522.48,5421.86
2004-03-23,6047.95,419.8,44.81,2004,3,1,23,Tuesday,13,-0.00958910677469893,5864.928333333333,,,6522.48,5421.86
2004-03-24,5989.83,417.2,44.66,2004,3,1,24,Wednesday,13,-0.9609867806446792,5867.7970000000005,,,6522.48,5421.86
2004-03-25,5983.06,416.7,44.66,2004,3,1,25,Thursday,13,-0.11302491055671382,5868.582333333333,,,6522.48,5421.86
2004-03-26,6038.74,422.1,44.5,2004,3,1,26,Friday,13,0.9306274715613627,5869.475666666667,,,6522.48,5421.86
2004-03-29,5897.75,417.1,43.98,2004,3,1,29,Monday,14,-2.334758575464413,5866.604,,,6522.48,5421.86
2004-03-30,5940.15,421.7,43.81,2004,3,1,30,Tuesday,14,0.7189182315289644,5863.097,,,6522.48,5421.86
2004-03-31,5953.23,427.3,43.33,2004,3,1,31,Wednesday,14,0.22019645968536228,5861.9506666666675,,,6522.48,5421.86
2004-04-01,5965.56,427.8,43.37,2004,4,2,1,Thursday,14,0.20711445719383548,5862.320333333334,,,6522.48,5421.86
2004-04-02,5923.42,421.6,43.7,2004,4,2,2,Friday,14,-0.7063880004559597,5867.340666666667,,,6522.48,5421.86
2004-04-05,5818.69,415.4,43.57,2004,4,2,5,Monday,15,-1.7680664210878216,5868.1393333333335,,,6522.48,5421.86
2004-04-06,5875.79,418.9,43.63,2004,4,2,6,Tuesday,15,0.9813205377842804,5868.0053333333335,,,6522.48,5421.86
2004-04-07,5896.92,422.8,43.38,2004,4,2,7,Wednesday,15,0.3596112182361777,5872.901666666667,,,6522.48,5421.86
2004-04-08,5875.91,419.9,43.53,2004,4,2,8,Thursday,15,-0.35628768916655673,5877.174,,,6522.48,5421.86
2004-04-12,5878.71,420.1,43.53,2004,4,2,12,Monday,16,0.04765219344748939,5881.130000000001,,,6522.48,5421.86
2004-04-13,5709.79,407.0,43.63,2004,4,2,13,Tuesday,16,-2.8734195087017356,5878.149333333333,5933.572111111111,,6522.48,5421.86
2004-04-14,5613.02,399.8,43.67,2004,4,2,14,Wednesday,16,-1.6948083905012234,5874.725333333334,5930.182111111111,,6522.48,5421.86
2004-04-15,5601.44,397.7,43.81,2004,4,2,15,Thursday,16,-0.2063060527131677,5871.569999999999,5926.616999999999,,6522.48,5421.86
2004-04-16,5637.73,401.0,43.73,2004,4,2,16,Friday,16,0.6478691193693153,5869.049666666667,5923.536444444445,,6522.48,5421.86
2004-04-19,5639.97,400.6,43.79,2004,4,2,19,Monday,17,0.039732303604478325,5862.700333333332,5920.581333333334,,6522.48,5421.86
2004-04-20,5609.11,397.7,43.87,2004,4,2,20,Tuesday,17,-0.5471660310249926,5855.704333333333,5916.922666666667,,6522.48,5421.86
2004-04-21,5526.12,390.8,43.98,2004,4,2,21,Wednesday,17,-1.479557362932793,5844.419666666667,5912.278888888889,,6522.48,5421.86
2004-04-22,5556.03,393.3,43.94,2004,4,2,22,Thursday,17,0.5412477470630339,5836.249,5907.764444444445,,6522.48,5421.86
2004-04-23,5603.06,395.1,44.11,2004,4,2,23,Friday,17,0.8464677116574393,5828.9856666666665,5904.184222222222,,6522.48,5421.86
2004-04-26,5603.09,396.0,44.01,2004,4,2,26,Monday,18,0.0005354217159858621,5824.3933333333325,5900.750888888889,,6522.48,5421.86
2004-04-27,5647.95,398.6,44.07,2004,4,2,27,Tuesday,18,0.8006296525667089,5819.315666666666,5897.076222222222,,6522.48,5421.86
2004-04-28,5465.13,385.4,44.11,2004,4,2,28,Wednesday,18,-3.236926672509488,5806.782333333334,5891.335444444445,,6522.48,5421.86
2004-04-29,5508.62,386.6,44.32,2004,4,2,29,Thursday,18,0.7957724701882718,5793.425333333334,5886.321444444444,,6522.48,5421.86
2004-04-30,5509.96,387.0,44.28,2004,4,2,30,Friday,18,0.024325511652656395,5778.172333333334,5880.740222222222,,6522.48,5421.86
2004-05-03,5510.96,387.0,44.29,2004,5,2,3,Monday,19,0.018148952079499736,5762.540666666667,5875.373777777778,,6522.48,5421.86
2004-05-04,5633.64,391.4,44.77,2004,5,2,4,Tuesday,19,2.2261094255810354,5748.711,5871.5725555555555,,6522.48,5421.86
2004-05-05,5636.24,393.4,44.56,2004,5,2,5,Wednesday,19,0.046151333773525316,5734.9873333333335,5867.5289999999995,,6522.48,5421.86
2004-05-06,5562.37,388.0,44.59,2004,5,2,6,Thursday,19,-1.3106255233985786,5720.738666666667,5862.692222222223,,6522.48,5421.86
2004-05-07,5421.86,378.7,44.53,2004,5,2,7,Friday,19,-2.5260815084217736,5702.032000000001,5856.005444444444,,6522.48,5421.86
2004-05-10,5469.77,378.3,44.97,2004,5,2,10,Monday,20,0.8836450959633924,5683.066333333333,5849.2865555555545,,6522.48,5421.86
2004-05-11,5473.52,376.9,45.17,2004,5,2,11,Tuesday,20,0.06855864140540291,5668.925333333333,5842.342111111111,,6522.48,5421.86
2004-05-12,5498.01,377.4,45.31,2004,5,2,12,Wednesday,20,0.44742688434498135,5654.187333333333,5835.8187777777775,,6522.48,5421.86
2004-05-13,5441.82,374.8,45.16,2004,5,2,13,Thursday,20,-1.022006144041221,5637.140333333334,5827.3531111111115,,6522.48,5421.86
2004-05-14,5500.43,377.0,45.38,2004,5,2,14,Friday,20,1.077029376201355,5621.6359999999995,5819.673222222223,,6522.48,5421.86
2004-05-17,5543.13,379.5,45.43,2004,5,2,17,Monday,21,0.7763029435880364,5608.959666666667,5812.858333333333,,6522.48,5421.86
2004-05-18,5479.05,375.8,45.35,2004,5,2,18,Tuesday,21,-1.1560255667826702,5597.638333333333,5804.868333333334,,6522.48,5421.86
2004-05-19,5549.33,382.9,45.08,2004,5,2,19,Wednesday,21,1.2827041184146903,5586.756333333334,5797.4475555555555,,6522.48,5421.86
2004-05-20,5488.49,378.4,45.11,2004,5,2,20,Thursday,21,-1.0963485682055296,5573.142000000001,5789.377666666667,,6522.48,5421.86
2004-05-21,5590.85,384.8,45.19,2004,5,2,21,Friday,21,1.8649938325477677,5563.64,5782.913111111111,,6522.48,5421.86
2004-05-24,5601.48,385.6,45.18,2004,5,2,24,Monday,22,0.19013209082696658,5554.398999999999,5776.867888888889,,6522.48,5421.86
2004-05-25,5651.81,388.3,45.27,2004,5,2,25,Tuesday,22,0.8985125359726398,5552.466333333334,5773.504888888889,,6522.48,5421.86
2004-05-26,5651.06,388.3,45.27,2004,5,2,26,Wednesday,22,-0.013270085158556544,5553.734333333333,5770.4437777777775,,6522.48,5421.86
2004-05-27,5750.42,394.9,45.29,2004,5,2,27,Thursday,22,1.7582542036361337,5558.700333333333,5767.5107777777785,,6522.48,5421.86
2004-05-28,5737.19,394.0,45.29,2004,5,2,28,Friday,22,-0.2300701513976433,5562.015666666667,5764.720666666667,,6522.48,5421.86
2004-06-01,5756.07,394.6,45.37,2004,6,2,1,Tuesday,23,0.32908096123711594,5565.885666666667,5762.297888888889,,6522.48,5421.86
2004-06-02,5696.42,390.7,45.35,2004,6,2,2,Wednesday,23,-1.0362973348135074,5568.795999999999,5759.664555555555,,6522.48,5421.86
2004-06-03,5628.06,388.1,45.1,2004,6,2,3,Thursday,23,-1.2000519624606243,5572.194,5756.506444444444,,6522.48,5421.86
2004-06-04,5661.88,390.9,45.05,2004,6,2,4,Friday,23,0.6009175452998061,5575.722333333333,5753.110333333333,,6522.48,5421.86
2004-06-07,5688.95,393.8,44.93,2004,6,2,7,Monday,24,0.4781097444664928,5578.585333333333,5749.313888888888,,6522.48,5421.86
2004-06-08,5647.62,391.0,44.93,2004,6,2,8,Tuesday,24,-0.7264961020926552,5580.069666666666,5747.619111111111,,6522.48,5421.86
2004-06-09,5541.49,384.5,44.83,2004,6,2,9,Wednesday,24,-1.8791986712987097,5576.520999999999,5744.530333333334,,6522.48,5421.86
2004-06-10,5581.77,385.9,44.99,2004,6,2,10,Thursday,24,0.7268803155830117,5580.409000000001,5742.208333333333,,6522.48,5421.86
2004-06-14,5580.81,383.6,45.25,2004,6,2,14,Monday,25,-0.017198845527499618,5582.815333333333,5739.747888888889,,6522.48,5421.86
2004-06-15,5648.03,388.1,45.26,2004,6,2,15,Tuesday,25,1.204484653661364,5587.417666666666,5737.742222222222,,6522.48,5421.86
2004-06-16,5604.64,384.6,45.33,2004,6,2,16,Wednesday,25,-0.7682324633544679,5590.540333333333,5735.727,,6522.48,5421.86
2004-06-17,5680.05,388.9,45.43,2004,6,2,17,Thursday,25,1.345492306374707,5592.087333333333,5733.716333333334,,6522.48,5421.86
2004-06-18,5780.77,395.1,45.51,2004,6,2,18,Friday,25,1.7732238272550438,5596.905,5732.2735555555555,,6522.48,5421.86
2004-06-21,5797.61,394.0,45.77,2004,6,2,21,Monday,26,0.2913106731456061,5604.7463333333335,5731.094,,6522.48,5421.86
2004-06-22,5850.3,395.0,46.07,2004,6,2,22,Tuesday,26,0.9088227735221999,5619.027666666666,5729.880666666667,,6522.48,5421.86
2004-06-23,5783.75,395.0,45.54,2004,6,2,23,Wednesday,26,-1.1375485017862341,5629.493666666666,5727.345222222222,,6522.48,5421.86
2004-06-24,5929.18,403.1,45.75,2004,6,2,24,Thursday,26,2.51445861249191,5644.682333333333,5726.737222222222,,6522.48,5421.86
2004-06-25,5917.69,402.9,45.68,2004,6,2,25,Friday,26,-0.19378733652883895,5658.671666666666,5725.318666666667,,6522.48,5421.86
2004-06-28,5897.26,401.0,45.74,2004,6,2,28,Monday,27,-0.34523606339634805,5673.853,5724.314666666667,,6522.48,5421.86
2004-06-29,5793.2,392.5,45.91,2004,6,2,29,Tuesday,27,-1.7645482817444047,5683.612,5722.522777777777,,6522.48,5421.86
2004-06-30,5792.15,392.6,45.89,2004,6,2,30,Wednesday,27,-0.018124697921706456,5691.912666666667,5722.737666666666,,6522.48,5421.86
2004-07-01,5829.33,396.0,45.79,2004,7,3,1,Thursday,27,0.6419032656267643,5703.5886666666665,5723.122111111111,,6522.48,5421.86
2004-07-02,5838.22,398.3,45.59,2004,7,3,2,Friday,27,0.15250466177074706,5713.218333333333,5722.66,,6522.48,5421.86
2004-07-06,5792.41,392.6,45.89,2004,7,3,6,Tuesday,28,-0.7846569673633508,5723.349,5723.130888888889,,6522.48,5421.86
2004-07-07,5914.57,402.3,45.73,2004,7,3,7,Wednesday,28,2.1089667340536966,5734.139666666667,5724.984555555556,,6522.48,5421.86
2004-07-08,5985.46,407.8,45.65,2004,7,3,8,Thursday,28,1.1985655761957315,5746.939,5727.489333333334,,6522.48,5421.86
2004-07-09,5975.3,407.5,45.61,2004,7,3,9,Friday,28,-0.1697446812776282,5757.721999999999,5729.445888888889,,6522.48,5421.86
2004-07-12,5981.34,408.1,45.59,2004,7,3,12,Monday,29,0.1010827908222156,5768.731333333333,5732.397,,6522.48,5421.86
2004-07-13,5913.39,402.0,45.75,2004,7,3,13,Tuesday,29,-1.1360330628253812,5774.163666666666,5734.811333333333,,6522.48,5421.86
2004-07-14,5978.52,405.4,45.87,2004,7,3,14,Wednesday,29,1.1013986900914707,5782.208,5737.757777777778,,6522.48,5421.86
2004-07-15,5981.75,404.2,46.03,2004,7,3,15,Thursday,29,0.054026749095092974,5789.730666666666,5739.438888888889,,6522.48,5421.86
2004-07-16,6024.85,406.6,46.09,2004,7,3,16,Friday,29,0.7205249299954142,5800.678333333333,5741.726222222222,,6522.48,5421.86
2004-07-19,5997.38,405.6,45.99,2004,7,3,19,Monday,30,-0.45594496128534834,5812.989,5743.2008888888895,,6522.48,5421.86
2004-07-20,5932.2,401.9,45.91,2004,7,3,20,Tuesday,30,-1.086807906119014,5821.9996666666675,5744.657,,6522.48,5421.86
2004-07-21,5873.74,397.1,46.01,2004,7,3,21,Wednesday,30,-0.9854691345537958,5828.159333333333,5745.243444444444,,6522.48,5421.86
2004-07-22,5858.34,395.2,46.11,2004,7,3,22,Thursday,30,-0.2621838896512241,5835.183333333333,5746.548777777778,,6522.48,5421.86
2004-07-23,5789.92,390.5,46.12,2004,7,3,23,Friday,30,-1.167907632537546,5843.464333333334,5746.433666666667,,6522.48,5421.86
2004-07-26,5796.24,390.3,46.19,2004,7,3,26,Monday,31,0.10915522148837731,5850.613333333333,5745.934888888889,,6522.48,5421.86
2004-07-27,5737.28,387.0,46.11,2004,7,3,27,Tuesday,31,-1.017211157578013,5855.829,5744.023222222222,,6522.48,5421.86
2004-07-28,5786.44,389.0,46.27,2004,7,3,28,Wednesday,31,0.8568520274415681,5860.442666666667,5742.010888888889,,6522.48,5421.86
2004-07-29,5762.17,387.0,46.31,2004,7,3,29,Thursday,31,-0.41942887163781695,5865.693666666668,5739.591555555556,,6522.48,5421.86
2004-07-30,5814.18,391.0,46.25,2004,7,3,30,Friday,31,0.9026113426018334,5870.164666666667,5736.987666666667,,6522.48,5421.86
2004-08-02,5821.82,391.7,46.23,2004,8,3,2,Monday,32,0.1314028805437628,5871.533,5734.475111111111,,6522.48,5421.86
2004-08-03,5853.72,394.0,46.21,2004,8,3,3,Tuesday,32,0.5479386171334921,5873.403333333334,5732.962777777778,,6522.48,5421.86
2004-08-04,5838.84,392.2,46.31,2004,8,3,4,Wednesday,32,-0.2541973309280299,5873.021333333334,5731.360333333333,,6522.48,5421.86
2004-08-05,5835.91,392.3,46.27,2004,8,3,5,Thursday,32,-0.05018120037542095,5874.76,5729.106666666667,,6522.48,5421.86
2004-08-06,5937.07,399.8,46.19,2004,8,3,6,Friday,32,1.7334057584849738,5875.023,5729.543555555555,,6522.48,5421.86
2004-08-09,5964.73,400.7,46.3,2004,8,3,9,Monday,33,0.4658863715603756,5876.591,5729.816666666667,,6522.48,5421.86
2004-08-10,5945.57,400.0,46.23,2004,8,3,10,Tuesday,33,-0.3212215808594876,5878.201333333333,5729.731555555555,,6522.48,5421.86
2004-08-11,5876.01,395.5,46.21,2004,8,3,11,Wednesday,33,-1.1699466998117858,5880.961666666666,5728.736555555555,,6522.48,5421.86
2004-08-12,5855.52,394.3,46.19,2004,8,3,12,Thursday,33,-0.34870600969024723,5883.074,5727.982111111111,,6522.48,5421.86
2004-08-13,5928.83,398.9,46.23,2004,8,3,13,Friday,33,1.251981036696992,5886.390666666667,5729.20588888889,,6522.48,5421.86
2004-08-16,5988.67,402.9,46.23,2004,8,3,16,Monday,34,1.0093053772835425,5891.4056666666675,5730.4601111111115,,6522.48,5421.86
2004-08-17,6012.01,404.4,46.24,2004,8,3,17,Tuesday,34,0.3897359513882037,5898.725666666666,5731.738888888889,,6522.48,5421.86
2004-08-18,6012.73,404.3,46.26,2004,8,3,18,Wednesday,34,0.011976027983973125,5901.997666666666,5733.259111111111,,6522.48,5421.86
2004-08-19,6056.08,407.1,46.27,2004,8,3,19,Thursday,34,0.7209703412593083,5904.3516666666665,5735.229888888889,,6522.48,5421.86
2004-08-20,6138.72,413.2,46.21,2004,8,3,20,Friday,34,1.364579067647731,5909.799,5739.995777777778,,6522.48,5421.86
2004-08-23,6090.82,410.5,46.15,2004,8,3,23,Monday,35,-0.7802929600959296,5913.448333333333,5745.304666666667,,6522.48,5421.86
2004-08-24,5986.66,403.0,46.21,2004,8,3,24,Tuesday,35,-1.7101145658548367,5915.890666666667,5749.584888888889,,6522.48,5421.86
2004-08-25,6064.7,407.9,46.24,2004,8,3,25,Wednesday,35,1.3035649260188409,5918.763333333334,5754.329,,6522.48,5421.86
2004-08-26,6060.93,407.4,46.27,2004,8,3,26,Thursday,35,-0.062163008887483606,5921.402666666667,5759.006333333333,,6522.48,5421.86
2004-08-27,5994.23,403.3,46.23,2004,8,3,27,Friday,35,-1.10049117874651,5920.3820000000005,5763.285444444445,,6522.48,5421.86
2004-08-30,6061.11,407.8,46.23,2004,8,3,30,Monday,36,1.1157396362835525,5922.506333333334,5769.229777777778,,6522.48,5421.86
2004-08-31,6105.7,410.4,46.27,2004,8,3,31,Tuesday,36,0.7356738287211506,5928.289666666667,5775.337222222222,,6522.48,5421.86
2004-09-01,6078.21,408.8,46.25,2004,9,3,1,Wednesday,36,-0.4502350262869048,5935.105333333334,5780.616666666667,,6522.48,5421.86
2004-09-02,6036.97,406.0,46.25,2004,9,3,2,Thursday,36,-0.678489226268919,5941.059666666667,5785.437555555555,,6522.48,5421.86
2004-09-03,5952.74,400.5,46.23,2004,9,3,3,Friday,36,-1.3952363520110311,5946.486999999999,5788.824111111111,,6522.48,5421.86
2004-09-07,5913.82,397.4,46.29,2004,9,3,7,Tuesday,37,-0.6538165617849923,5950.406333333333,5793.809555555556,,6522.48,5421.86
2004-09-08,5938.19,399.4,46.24,2004,9,3,8,Wednesday,37,0.41208558934833217,5957.1033333333335,5798.582555555556,,6522.48,5421.86
2004-09-09,5922.5,398.5,46.23,2004,9,3,9,Thursday,37,-0.2642219262098289,5961.638666666667,5803.166333333334,,6522.48,5421.86
2004-09-10,5960.24,401.9,46.13,2004,9,3,10,Friday,37,0.6372308991135389,5968.240999999999,5808.158333333334,,6522.48,5421.86
2004-09-13,5993.13,404.1,46.13,2004,9,3,13,Monday,38,0.5518234165067248,5974.206,5812.152666666667,,6522.48,5421.86
2004-09-14,5969.38,405.7,45.76,2004,9,3,14,Tuesday,38,-0.39628708204226815,5979.124666666667,5815.854222222222,,6522.48,5421.86
2004-09-15,5957.26,405.0,45.75,2004,9,3,15,Wednesday,38,-0.20303616120936896,5982.575999999999,5820.241888888889,,6522.48,5421.86
2004-09-16,5968.2,404.7,45.87,2004,9,3,16,Thursday,38,0.1836414727576008,5986.888,5826.312333333333,,6522.48,5421.86
2004-09-17,5973.85,405.8,45.79,2004,9,3,17,Friday,38,0.09466840923562092,5991.486,5831.9132222222215,,6522.48,5421.86
2004-09-20,5974.57,405.3,45.85,2004,9,3,20,Monday,39,0.012052528938610862,5992.736000000001,5837.480444444444,5853.1216,6522.48,5421.86
2004-09-21,6008.42,408.3,45.77,2004,9,3,21,Tuesday,39,0.5665679705819882,5994.192333333333,5843.151666666667,5853.5731,6522.48,5421.86
2004-09-22,5984.25,407.2,45.71,2004,9,3,22,Wednesday,39,-0.40226881609475296,5995.481666666666,5849.178666666668,5853.88285,6522.48,5421.86
2004-09-23,6043.65,410.9,45.75,2004,9,3,23,Thursday,39,0.9926055896728903,6001.069666666666,5855.214444444444,5854.5262,6522.48,5421.86
2004-09-24,6015.71,408.1,45.85,2004,9,3,24,Friday,39,-0.4623034093635403,6006.409333333333,5860.465333333334,5855.0751,6522.48,5421.86
2004-09-27,6024.27,409.1,45.8,2004,9,3,27,Monday,40,0.14229409329904463,6009.590666666667,5866.523333333333,5855.504500000001,6522.48,5421.86
2004-09-28,6092.78,412.5,45.94,2004,9,3,28,Tuesday,40,1.1372332249384387,6013.061,5872.561666666667,5856.2481,6522.48,5421.86
2004-09-29,6087.68,413.0,45.85,2004,9,3,29,Wednesday,40,-0.08370563191185676,6015.583333333333,5879.219333333333,5856.87485,6522.48,5421.86
2004-09-30,6166.58,418.7,45.81,2004,9,3,30,Thursday,40,1.2960602396972165,6020.711666666667,5885.616333333333,5858.08135,6522.48,5421.86
2004-10-01,6198.46,419.5,45.96,2004,10,4,1,Friday,40,0.5169802386411959,6025.457666666667,5892.2494444444455,5859.5132,6522.48,5421.86
2004-10-04,6089.51,414.0,45.75,2004,10,4,4,Monday,41,-1.7576946531880466,6023.817333333334,5897.1127777777765,5860.0674,6522.48,5421.86
2004-10-05,6153.44,418.2,45.77,2004,10,4,5,Tuesday,41,1.0498381643186283,6025.904666666667,5902.694777777778,5860.9256000000005,6522.48,5421.86
2004-10-06,6153.96,418.4,45.75,2004,10,4,6,Wednesday,41,0.008450557736816577,6031.481333333333,5907.178555555555,5861.896,6522.48,5421.86
2004-10-07,6148.07,418.0,45.75,2004,10,4,7,Thursday,41,-0.09571072935151692,6034.260333333334,5911.74388888889,5862.575,6522.48,5421.86
2004-10-08,6209.21,423.1,45.65,2004,10,4,8,Friday,41,0.9944584235378029,6039.2029999999995,5916.778777777778,5863.65135,6522.48,5421.86
2004-10-11,6192.93,422.0,45.65,2004,10,4,11,Monday,42,-0.26219116441543733,6045.8263333333325,5922.295555555556,5864.73725,6522.48,5421.86
2004-10-12,6108.76,415.1,45.77,2004,10,4,12,Tuesday,42,-1.3591304923517677,6047.414666666667,5927.636666666666,5865.28025,6522.48,5421.86
2004-10-13,6080.0,413.2,45.77,2004,10,4,13,Wednesday,42,-0.4707993111531694,6046.558,5932.282444444443,5865.69185,6522.48,5421.86
2004-10-14,6156.27,418.1,45.8,2004,10,4,14,Thursday,42,1.2544407894736986,6049.16,5937.474888888889,5866.35485,6522.48,5421.86
2004-10-15,6158.91,418.7,45.75,2004,10,4,15,Friday,42,0.042883109415270404,6053.224666666666,5943.155888888889,5866.77705,6522.48,5421.86
2004-10-18,6121.87,416.2,45.75,2004,10,4,18,Monday,43,-0.6014051187628988,6058.8623333333335,5949.604555555556,5866.8938,6522.48,5421.86
2004-10-19,6172.44,420.3,45.68,2004,10,4,19,Tuesday,43,0.8260547839140653,6067.482999999999,5956.167555555557,5867.33045,6522.48,5421.86
2004-10-20,6220.66,423.5,45.69,2004,10,4,20,Wednesday,43,0.7812145602063447,6076.898666666666,5963.276999999999,5867.4151,6522.48,5421.86
2004-10-21,6228.97,424.4,45.65,2004,10,4,21,Thursday,43,0.13358711133546475,6087.114333333333,5969.73188888889,5867.601850000001,6522.48,5421.86
2004-10-22,6226.31,424.6,45.61,2004,10,4,22,Friday,43,-0.04270368937400182,6095.983333333334,5976.6393333333335,5867.95105,6522.48,5421.86
2004-10-25,6274.01,429.0,45.49,2004,10,4,25,Monday,44,0.7661038399951137,6105.3460000000005,5983.238888888889,5868.330349999999,6522.48,5421.86
2004-10-26,6253.22,426.8,45.57,2004,10,4,26,Tuesday,44,-0.33136702045422073,6114.807333333333,5988.488333333333,5868.510449999999,6522.48,5421.86
2004-10-27,6222.55,424.8,45.56,2004,10,4,27,Wednesday,44,-0.4904673112412494,6123.650333333334,5993.209888888889,5868.5493,6522.48,5421.86
2004-10-28,6226.95,425.1,45.56,2004,10,4,28,Thursday,44,0.07071056078296056,6132.275333333334,5997.394888888888,5868.82075,6522.48,5421.86
2004-10-29,6242.17,428.5,45.31,2004,10,4,29,Friday,44,0.24442142621989849,6141.2193333333325,6002.488444444444,5869.30385,6522.48,5421.86
2004-11-01,6226.48,427.3,45.32,2004,11,4,1,Monday,45,-0.25135489741549,6149.616333333333,6005.7917777777775,5870.66385,6522.48,5421.86
2004-11-02,6129.28,420.0,45.39,2004,11,4,2,Tuesday,45,-1.5610746360704586,6153.645,6008.142777777777,5871.67745,6522.48,5421.86
2004-11-03,6174.85,424.6,45.23,2004,11,4,3,Wednesday,45,0.7434804740524381,6159.998333333334,6011.227111111112,5872.4797499999995,6522.48,5421.86
2004-11-04,6232.71,430.1,45.07,2004,11,4,4,Thursday,45,0.937026810367847,6166.300333333334,6016.110555555555,5873.701799999999,6522.48,5421.86
2004-11-05,6266.14,433.6,44.95,2004,11,4,5,Friday,45,0.5363637968074819,6174.648,6021.377111111111,5875.161900000001,6522.48,5421.86
2004-11-08,6274.28,432.7,45.1,2004,11,4,8,Monday,46,0.12990453453001205,6182.9816666666675,6026.321,5876.8662,6522.48,5421.86
2004-11-09,6314.42,435.7,45.08,2004,11,4,9,Tuesday,46,0.6397546810152033,6190.3696666666665,6031.612111111112,5878.87685,6522.48,5421.86
2004-11-10,6287.13,434.0,45.06,2004,11,4,10,Wednesday,46,-0.4321853788629815,6197.018,6037.109,5880.474850000001,6522.48,5421.86
2004-11-11,6302.4,434.9,45.07,2004,11,4,11,Thursday,46,0.24287711563144576,6201.545333333333,6041.4182222222225,5881.8337,6522.48,5421.86
2004-11-12,6339.68,437.9,45.03,2004,11,4,12,Friday,46,0.5915206905306114,6206.252666666667,6045.354,5884.53135,6522.48,5421.86
2004-11-15,6318.51,437.0,44.97,2004,11,4,15,Monday,47,-0.3339285263609493,6213.8859999999995,6049.167444444445,5887.0265,6522.48,5421.86
2004-11-16,6367.32,440.2,44.99,2004,11,4,16,Tuesday,47,0.7724922489637409,6221.015333333333,6053.456111111111,5889.909350000001,6522.48,5421.86
2004-11-17,6414.7,444.8,44.86,2004,11,4,17,Wednesday,47,0.7441121225256531,6229.706666666667,6059.026222222222,5892.971600000001,6522.48,5421.86
2004-11-18,6396.34,442.6,44.95,2004,11,4,18,Thursday,47,-0.2862175939638556,6237.982333333333,6063.668666666667,5895.810600000001,6522.48,5421.86
2004-11-19,6455.6,446.8,44.94,2004,11,4,19,Friday,47,0.9264673235006349,6246.195333333333,6068.933666666667,5899.15855,6522.48,5421.86
2004-11-22,6481.76,448.8,44.92,2004,11,4,22,Monday,48,0.4052295681268969,6255.823,6074.010444444444,5902.262299999999,6522.48,5421.86
2004-11-23,6472.36,447.8,44.96,2004,11,4,23,Tuesday,48,-0.14502233961146693,6267.943,6079.288,5905.071,6522.48,5421.86
2004-11-24,6495.05,449.3,44.96,2004,11,4,24,Wednesday,48,0.3505676445686001,6281.778,6085.541888888889,5908.0274,6522.48,5421.86
2004-11-29,6522.48,453.7,44.72,2004,11,4,29,Monday,49,0.42232161415229896,6293.985000000001,6092.750111111111,5910.8423,6522.48,5421.86
2004-11-30,6447.2,451.3,44.43,2004,11,4,30,Tuesday,49,-1.1541622205050839,6303.594666666667,6099.293,5913.018599999999,6522.48,5421.86
2004-12-01,6456.0,454.0,44.23,2004,12,4,1,Wednesday,49,0.1364933614592445,6314.732333333333,6106.693888888888,5915.3791,6522.48,5421.86
2004-12-02,6364.12,450.4,43.95,2004,12,4,2,Thursday,49,-1.4231722428748483,6321.121666666667,6113.0036666666665,5916.972899999999,6522.48,5421.86
2004-12-03,6449.4,456.0,43.99,2004,12,4,3,Friday,49,1.3400124447684902,6328.7463333333335,6120.916111111111,5919.281800000001,6522.48,5421.86
2004-12-06,6368.31,454.2,43.61,2004,12,4,6,Monday,50,-1.257326262908165,6333.3910000000005,6127.381333333334,5921.351000000001,6522.48,5421.86
2004-12-07,6334.7,452.0,43.59,2004,12,4,7,Tuesday,50,-0.5277695338323785,6337.004,6133.7427777777775,5924.16045,6522.48,5421.86
2004-12-08,6151.74,437.2,43.76,2004,12,4,8,Wednesday,50,-2.888218858035896,6332.928333333333,6137.493444444445,5925.945500000001,6522.48,5421.86
2004-12-09,6172.25,435.8,44.05,2004,12,4,9,Thursday,50,0.33340160669990127,6330.229333333334,6141.387111111111,5927.4077,6522.48,5421.86
2004-12-10,6217.46,433.9,44.57,2004,12,4,10,Friday,50,0.732471951071334,6330.059666666667,6145.428666666666,5929.74485,6522.48,5421.86
2004-12-13,6213.33,438.9,44.03,2004,12,4,13,Monday,51,-0.06642583949072467,6329.605666666666,6149.589666666668,5932.0728,6522.48,5421.86
2004-12-14,6165.12,435.9,43.99,2004,12,4,14,Tuesday,51,-0.7759124334294154,6327.037333333333,6153.247555555556,5934.098249999999,6522.48,5421.86
2004-12-15,6225.92,440.8,43.93,2004,12,4,15,Wednesday,51,0.9861932938856066,6327.018666666667,6156.457,5936.2318000000005,6522.48,5421.86
2004-12-16,6136.56,436.9,43.69,2004,12,4,16,Thursday,51,-1.4352898848684181,6327.261333333333,6158.366222222222,5938.3359,6522.48,5421.86
2004-12-17,6232.82,441.6,43.9,2004,12,4,17,Friday,51,1.5686312852803308,6329.193666666667,6161.557888888889,5941.019499999999,6522.48,5421.86
2004-12-20,6225.76,442.4,43.77,2004,12,4,20,Monday,52,-0.11327136031522578,6328.962,6165.4439999999995,5943.5816,6522.48,5421.86
2004-12-21,6200.13,441.8,43.65,2004,12,4,21,Tuesday,52,-0.41167664670659354,6326.761666666666,6169.272999999999,5945.43,6522.48,5421.86
2004-12-22,6196.06,440.3,43.77,2004,12,4,22,Wednesday,52,-0.06564378488838063,6324.154333333334,6172.242222222223,5947.315350000001,6522.48,5421.86
2004-12-23,6193.15,441.9,43.59,2004,12,4,23,Thursday,52,-0.04696532958042843,6320.112,6174.514222222222,5948.9578,6522.48,5421.86
2004-12-27,6242.55,445.2,43.61,2004,12,4,27,Monday,53,0.7976554741932818,6318.626,6177.075777777777,5951.1648,6522.48,5421.86
2004-12-28,6232.36,444.3,43.63,2004,12,4,28,Tuesday,53,-0.16323457561413512,6316.291333333334,6179.51611111111,5953.2218,6522.48,5421.86
2004-12-29,6101.91,436.0,43.53,2004,12,4,29,Wednesday,53,-2.093107586853127,6308.365666666666,6180.025333333334,5955.02705,6522.48,5421.86
2004-12-30,6140.77,437.5,43.66,2004,12,4,30,Thursday,53,0.6368497732677225,6302.441000000001,6180.04811111111,5956.7294999999995,6522.48,5421.86
2005-01-03,5984.03,428.7,43.42,2005,1,1,3,Monday,1,-2.552448634291804,6289.664666666667,6178.861555555556,5957.444,7812.62,5761.94
2005-01-04,5991.57,428.5,43.49,2005,1,1,4,Tuesday,1,0.1260020421020691,6275.560333333333,6178.916111111111,5957.8552,7812.62,5761.94
2005-01-05,5978.45,426.6,43.59,2005,1,1,5,Wednesday,1,-0.21897432559412344,6261.630666666666,6177.957777777779,5957.9097,7812.62,5761.94
2005-01-06,5932.32,421.0,43.83,2005,1,1,6,Thursday,1,-0.7716046801428456,6244.188,6176.528777777778,5957.67175,7812.62,5761.94
2005-01-07,5903.27,418.9,43.83,2005,1,1,7,Friday,1,-0.48969037408634897,6224.905,6175.5181111111115,5956.94545,7812.62,5761.94
2005-01-10,5900.83,419.1,43.79,2005,1,1,10,Monday,2,-0.041333023900325117,6205.854,6173.737222222222,5956.20985,7812.62,5761.94
2005-01-11,5904.44,421.9,43.53,2005,1,1,11,Tuesday,2,0.06117783430465984,6186.167,6171.501000000001,5955.7829,7812.62,5761.94
2005-01-12,5963.5,426.1,43.53,2005,1,1,12,Wednesday,2,1.0002642079519841,6167.534333333333,6170.2264444444445,5955.6851,7812.62,5761.94
2005-01-13,5946.84,424.5,43.57,2005,1,1,13,Thursday,2,-0.27936614404292515,6150.855666666667,6169.225,5955.2256,7812.62,5761.94
2005-01-14,5913.19,422.7,43.51,2005,1,1,14,Friday,2,-0.5658467354090702,6132.762000000001,6168.785555555555,5955.3027999999995,7812.62,5761.94
2005-01-18,5943.18,423.2,43.68,2005,1,1,18,Tuesday,3,0.5071712561240282,6118.730666666667,6169.111777777778,5955.317950000001,7812.62,5761.94
2005-01-19,5918.61,423.0,43.52,2005,1,1,19,Wednesday,3,-0.41341504043290733,6101.037666666666,6168.894222222222,5955.14485,7812.62,5761.94
2005-01-20,5931.95,422.4,43.68,2005,1,1,20,Thursday,3,0.22539075897889393,6086.492333333333,6168.999222222223,5954.9768,7812.62,5761.94
2005-01-21,5967.78,426.7,43.5,2005,1,1,21,Friday,3,0.6040172287359091,6074.261666666667,6169.083,5955.1986,7812.62,5761.94
2005-01-24,5981.42,426.9,43.58,2005,1,1,24,Monday,4,0.2285607043155169,6068.584333333333,6168.952888888889,5956.01225,7812.62,5761.94
2005-01-25,5923.62,422.0,43.66,2005,1,1,25,Tuesday,4,-0.9663257219857502,6060.296666666666,6168.444444444444,5956.2514,7812.62,5761.94
2005-01-26,5992.4,426.9,43.66,2005,1,1,26,Wednesday,4,1.1611143186092354,6052.794666666667,6168.834888888889,5956.7288,7812.62,5761.94
2005-01-27,5986.72,426.3,43.68,2005,1,1,27,Thursday,4,-0.09478672985780978,6045.241,6169.040666666667,5957.2828500000005,7812.62,5761.94
2005-01-28,5969.15,425.8,43.6,2005,1,1,28,Friday,4,-0.29348290883823847,6038.708666666666,6168.988444444445,5957.73505,7812.62,5761.94
2005-01-31,5920.81,421.8,43.66,2005,1,1,31,Monday,5,-0.8098305453875243,6028.538333333333,6168.39111111111,5958.79015,7812.62,5761.94
2005-02-01,5898.65,420.8,43.6,2005,2,1,1,Tuesday,5,-0.3742731146583078,6020.607999999999,6167.171444444443,5960.2182999999995,7812.62,5761.94
2005-02-02,5854.12,421.1,43.24,2005,2,1,2,Wednesday,5,-0.7549184983004498,6007.984666666667,6165.725555555555,5961.4817,7812.62,5761.94
2005-02-03,5799.6,416.6,43.3,2005,2,1,3,Thursday,5,-0.9313099150683568,5993.779333333333,6163.013888888889,5962.29105,7812.62,5761.94
2005-02-04,5761.94,414.0,43.29,2005,2,1,4,Friday,5,-0.6493551279398657,5979.173,6160.194222222222,5962.900900000001,7812.62,5761.94
2005-02-07,5765.81,413.6,43.36,2005,2,1,7,Monday,6,0.06716487849580677,5964.831333333333,6157.322444444443,5963.684399999999,7812.62,5761.94
2005-02-08,5786.36,412.6,43.62,2005,2,1,8,Tuesday,6,0.35641132815682486,5951.2716666666665,6153.917777777778,5964.985600000001,7812.62,5761.94
2005-02-09,5793.22,412.9,43.64,2005,2,1,9,Wednesday,6,0.11855466994794561,5936.294,6150.646,5966.17155,7812.62,5761.94
2005-02-10,5853.56,417.2,43.64,2005,2,1,10,Thursday,6,1.041562378090255,5923.667333333333,6147.168,5967.4240500000005,7812.62,5761.94
2005-02-11,5905.26,420.5,43.68,2005,2,1,11,Friday,6,0.8832232009238883,5917.112333333334,6143.910222222222,5968.9349,7812.62,5761.94
2005-02-14,5982.43,425.8,43.7,2005,2,1,14,Monday,7,1.3068010553303422,5911.834333333333,6142.720444444445,5970.6073,7812.62,5761.94
2005-02-15,5989.32,425.9,43.74,2005,2,1,15,Tuesday,7,0.11517059121459727,5912.010666666667,6140.8968888888885,5973.228250000001,7812.62,5761.94
2005-02-16,5970.01,425.5,43.64,2005,2,1,16,Wednesday,7,-0.32240721818168616,5911.2919999999995,6138.853,5975.5352,7812.62,5761.94
2005-02-17,5992.52,427.3,43.62,2005,2,1,17,Thursday,7,0.37705129472145327,5911.761,6137.124666666667,5977.948,7812.62,5761.94
2005-02-18,5993.83,427.1,43.65,2005,2,1,18,Friday,7,0.02186058619744191,5913.811333333333,6134.731555555555,5980.362349999999,7812.62,5761.94
2005-02-22,6087.9,434.5,43.58,2005,2,1,22,Tuesday,8,1.5694472482536082,5919.965666666667,6133.564555555555,5982.63365,7812.62,5761.94
2005-02-23,6104.69,434.9,43.66,2005,2,1,23,Wednesday,8,0.27579296637592066,5926.7609999999995,6133.5193333333345,5984.9758999999995,7812.62,5761.94
2005-02-24,6090.7,434.5,43.6,2005,2,1,24,Thursday,8,-0.22916806586411598,5932.969666666667,6133.638222222223,5987.61755,7812.62,5761.94
2005-02-25,6094.77,434.9,43.59,2005,2,1,25,Friday,8,0.06682318945279153,5937.345333333333,6132.954888888889,5990.982099999999,7812.62,5761.94
2005-02-28,6113.12,436.5,43.56,2005,2,1,28,Monday,9,0.30107780933488204,5942.888,6132.446111111111,5994.19885,7812.62,5761.94
2005-03-01,6073.84,432.9,43.64,2005,3,1,1,Tuesday,9,-0.6425524118616965,5948.2429999999995,6131.912444444444,5997.200449999999,7812.62,5761.94
2005-03-02,6072.43,432.8,43.64,2005,3,1,2,Wednesday,9,-0.02321430923435397,5952.551333333334,6130.801222222222,6000.07255,7812.62,5761.94
2005-03-03,6023.45,429.9,43.58,2005,3,1,3,Thursday,9,-0.8065963708103752,5956.046,6128.610000000001,6002.980700000001,7812.62,5761.94
2005-03-04,6081.89,434.2,43.57,2005,3,1,4,Friday,9,0.9702081033295062,5961.044,6126.975777777777,6005.887999999999,7812.62,5761.94
2005-03-07,6095.61,435.0,43.58,2005,3,1,7,Monday,10,0.22558776959133997,5965.304999999999,6125.5235555555555,6008.6504,7812.62,5761.94
2005-03-08,6166.34,440.3,43.56,2005,3,1,8,Tuesday,10,1.1603432634305744,5971.468999999999,6124.327222222221,6012.08685,7812.62,5761.94
2005-03-09,6194.39,442.1,43.58,2005,3,1,9,Wednesday,10,0.45488896168555115,5980.4946666666665,6123.673555555555,6015.31215,7812.62,5761.94
2005-03-10,6192.81,442.8,43.5,2005,3,1,10,Thursday,10,-0.02550695064404973,5987.175,6123.343111111111,6018.83375,7812.62,5761.94
2005-03-11,6227.3,446.2,43.41,2005,3,1,11,Friday,10,0.5569361889029345,5995.194333333333,6123.347,6022.016,7812.62,5761.94
2005-03-14,6163.36,441.1,43.46,2005,3,1,14,Monday,11,-1.0267692258282168,6001.668000000001,6122.471333333333,6024.825400000001,7812.62,5761.94
2005-03-15,6163.4,440.9,43.48,2005,3,1,15,Tuesday,11,0.0006489966511757927,6009.754333333333,6121.770444444444,6027.38335,7812.62,5761.94
2005-03-16,6212.53,443.7,43.55,2005,3,1,16,Wednesday,11,0.7971249634941779,6020.217000000001,6122.695444444444,6030.190699999999,7812.62,5761.94
2005-03-17,6142.52,438.7,43.55,2005,3,1,17,Thursday,11,-1.1269160873267348,6029.830333333332,6122.336222222222,6032.1512,7812.62,5761.94
2005-03-18,6150.92,439.3,43.55,2005,3,1,18,Friday,11,0.13675169148816835,6041.541,6121.427444444445,6034.219850000001,7812.62,5761.94
2005-03-21,6036.11,431.1,43.55,2005,3,1,21,Monday,12,-1.8665500445461891,6050.680000000001,6118.871555555556,6035.62005,7812.62,5761.94
2005-03-22,6052.77,431.3,43.65,2005,3,1,22,Tuesday,12,0.27600557312574825,6060.245333333334,6116.410333333332,6037.401800000001,7812.62,5761.94
2005-03-23,5968.53,425.2,43.66,2005,3,1,23,Wednesday,12,-1.3917594754137452,6066.317666666667,6112.5671111111105,6039.10415,7812.62,5761.94
2005-03-24,5958.79,424.7,43.64,2005,3,1,24,Thursday,12,-0.16318926100731268,6071.836666666667,6108.918888888888,6040.5887,7812.62,5761.94
2005-03-28,5976.99,425.9,43.65,2005,3,1,28,Monday,13,0.3054311361870399,6075.951,6105.303222222223,6042.0289,7812.62,5761.94
2005-03-29,5978.39,426.0,43.65,2005,3,1,29,Tuesday,13,0.023423161156377326,6078.388666666666,6101.288888888889,6043.68275,7812.62,5761.94
2005-03-31,6010.77,428.7,43.61,2005,3,1,31,Thursday,13,0.5416173919734257,6079.333333333333,6097.869555555556,6046.02915,7812.62,5761.94
2005-04-01,5955.08,425.9,43.49,2005,4,2,1,Friday,13,-0.9265035927177423,6078.191999999999,6093.289111111111,6047.895700000001,7812.62,5761.94
2005-04-04,5948.92,423.9,43.65,2005,4,2,4,Monday,14,-0.10344109566957638,6077.4890000000005,6088.113777777778,6049.73625,7812.62,5761.94
2005-04-05,5957.34,424.5,43.65,2005,4,2,5,Tuesday,14,0.141538296026833,6076.316333333333,6083.236,6051.2828,7812.62,5761.94
2005-04-06,5997.95,427.1,43.68,2005,4,2,6,Wednesday,14,0.6816800786928257,6076.453666666667,6078.151,6053.249350000001,7812.62,5761.94
2005-04-07,5981.3,426.5,43.62,2005,4,2,7,Thursday,14,-0.2775948449053378,6072.900333333334,6072.590333333334,6054.7556,7812.62,5761.94
2005-04-08,5991.16,426.9,43.65,2005,4,2,8,Friday,14,0.16484710681623493,6069.116,6067.243666666667,6055.80755,7812.62,5761.94
2005-04-11,6013.78,428.6,43.64,2005,4,2,11,Monday,15,0.37755626623223737,6066.552,6061.896222222222,6056.8884,7812.62,5761.94
2005-04-12,5996.72,427.6,43.62,2005,4,2,12,Tuesday,15,-0.2836818107745831,6063.283666666667,6056.054444444445,6057.620499999999,7812.62,5761.94
2005-04-13,6028.85,429.3,43.68,2005,4,2,13,Wednesday,15,0.5357929001187367,6060.474666666667,6051.406111111111,6058.846,7812.62,5761.94
2005-04-14,5943.51,424.0,43.6,2005,4,2,14,Thursday,15,-1.415527007638273,6056.1303333333335,6045.7117777777785,6058.91765,7812.62,5761.94
2005-04-15,5969.51,424.9,43.7,2005,4,2,15,Friday,15,0.4374519433802515,6052.699666666666,6041.327222222223,6059.1767500000005,7812.62,5761.94
2005-04-18,5995.32,427.5,43.62,2005,4,2,18,Monday,16,0.4323637953533854,6051.762000000001,6036.281888888889,6059.66705,7812.62,5761.94
2005-04-19,6079.4,432.9,43.68,2005,4,2,19,Tuesday,16,1.4024272265700466,6051.679,6033.071777777777,6061.0980500000005,7812.62,5761.94
2005-04-20,6099.11,435.3,43.58,2005,4,2,20,Wednesday,16,0.32420962594992275,6051.795666666667,6030.454111111111,6062.632849999999,7812.62,5761.94
2005-04-21,6080.81,433.0,43.68,2005,4,2,21,Thursday,16,-0.30004377687891104,6048.944666666667,6029.666000000001,6063.89025,7812.62,5761.94
2005-04-22,6089.29,434.3,43.61,2005,4,2,22,Friday,16,0.13945510548758477,6045.441333333333,6028.744222222222,6065.145600000001,7812.62,5761.94
2005-04-25,6096.29,434.6,43.63,2005,4,2,25,Monday,17,0.11495593082280209,6042.224,6027.39788888889,6066.665,7812.62,5761.94
2005-04-26,6141.17,437.9,43.62,2005,4,2,26,Tuesday,17,0.7361854504952969,6039.353000000001,6026.596111111111,6067.798000000001,7812.62,5761.94
2005-04-27,6066.89,433.0,43.58,2005,4,2,27,Wednesday,17,-1.2095415043061775,6036.137333333333,6025.504666666667,6068.20515,7812.62,5761.94
2005-04-29,6066.94,435.0,43.38,2005,4,2,29,Friday,17,0.0008241454847457419,6032.9220000000005,6023.738222222221,6068.663350000001,7812.62,5761.94
2005-05-02,6006.8,429.5,43.5,2005,5,2,2,Monday,18,-0.9912740195221925,6026.064333333333,6022.296444444445,6068.790650000001,7812.62,5761.94
2005-05-03,5970.38,426.7,43.52,2005,5,2,3,Tuesday,18,-0.6063128454418365,6020.3263333333325,6019.380444444446,6069.075599999999,7812.62,5761.94
2005-05-04,5994.29,429.0,43.46,2005,5,2,4,Wednesday,18,0.40047702156311704,6015.105333333334,6016.808555555555,6069.154450000001,7812.62,5761.94
2005-05-05,5990.27,429.8,43.35,2005,5,2,5,Thursday,18,-0.06706382240431186,6013.577333333333,6014.476777777778,6069.197050000001,7812.62,5761.94
2005-05-06,5949.66,426.1,43.43,2005,5,2,6,Friday,18,-0.6779327142182323,6010.140333333333,6011.7390000000005,6068.8211,7812.62,5761.94
2005-05-09,5952.43,426.2,43.44,2005,5,2,9,Monday,19,0.04655728226488076,6009.603666666666,6009.064333333333,6068.596349999999,7812.62,5761.94
2005-05-10,5955.4,427.2,43.36,2005,5,2,10,Tuesday,19,0.04989558886032697,6009.490666666667,6005.873777777778,6068.71235,7812.62,5761.94
2005-05-11,5936.18,427.2,43.22,2005,5,2,11,Wednesday,19,-0.322732310172269,6008.1303333333335,6002.58288888889,6069.024549999999,7812.62,5761.94
2005-05-12,5861.07,421.6,43.24,2005,5,2,12,Thursday,19,-1.265291820665826,6004.219666666668,5999.906888888889,6069.038200000001,7812.62,5761.94
2005-05-13,5863.22,420.2,43.4,2005,5,2,13,Friday,19,0.03668272175558762,5999.301333333334,5996.822999999999,6069.4047,7812.62,5761.94
2005-05-16,5845.09,418.9,43.4,2005,5,2,16,Monday,20,-0.3092157551652486,5995.635,5995.279222222222,6069.64895,7812.62,5761.94
2005-05-17,5854.76,419.4,43.42,2005,5,2,17,Tuesday,20,0.16543800009922727,5992.496333333333,5993.759111111111,6070.23635,7812.62,5761.94
2005-05-18,5878.65,421.5,43.38,2005,5,2,18,Wednesday,20,0.4080440530439988,5989.873333333334,5992.650222222221,6070.6974,7812.62,5761.94
2005-05-19,5864.71,420.5,43.38,2005,5,2,19,Thursday,20,-0.23712927287726782,5985.432,5991.899,6071.2101,7812.62,5761.94
2005-05-20,5814.22,417.4,43.33,2005,5,2,20,Friday,20,-0.8609121337627923,5979.862666666667,5990.909555555555,6071.210300000001,7812.62,5761.94
2005-05-23,5815.67,416.6,43.42,2005,5,2,23,Monday,21,0.024938856802791953,5974.013,5989.963333333334,6071.179550000001,7812.62,5761.94
2005-05-24,5836.29,417.5,43.48,2005,5,2,24,Tuesday,21,0.3545593199063779,5968.096666666666,5989.206111111111,6071.0923999999995,7812.62,5761.94
2005-05-25,5851.77,418.8,43.46,2005,5,2,25,Wednesday,21,0.26523699130784895,5963.265,5987.964666666666,6071.15705,7812.62,5761.94
2005-05-26,5845.97,418.0,43.5,2005,5,2,26,Thursday,21,-0.09911531041035815,5957.169,5986.843888888889,6071.20735,7812.62,5761.94
2005-05-27,5871.14,419.8,43.5,2005,5,2,27,Friday,21,0.43055301344345764,5954.756666666667,5986.376666666667,6070.8777,7812.62,5761.94
2005-05-31,5838.25,416.3,43.62,2005,5,2,31,Tuesday,22,-0.5601978491400317,5950.381333333334,5985.210777777777,6070.2453000000005,7812.62,5761.94
2005-06-01,5837.58,415.3,43.72,2005,6,2,1,Wednesday,22,-0.011476041622060507,5945.123333333333,5984.310444444445,6069.70535,7812.62,5761.94
2005-06-02,5938.88,422.7,43.7,2005,6,2,2,Thursday,22,1.7353081242569734,5940.439333333333,5984.387444444445,6070.0197,7812.62,5761.94
2005-06-03,5933.86,423.7,43.56,2005,6,2,3,Friday,22,-0.08452772239884165,5934.9310000000005,5984.0105555555565,6070.4114,7812.62,5761.94
2005-06-06,5967.59,426.5,43.52,2005,6,2,6,Monday,23,0.5684326896826075,5931.157,5983.8568888888885,6070.6052,7812.62,5761.94
2005-06-07,5938.34,424.8,43.48,2005,6,2,7,Tuesday,23,-0.49014761402844664,5926.125333333333,5984.020444444444,6070.35355,7812.62,5761.94
2005-06-08,5928.75,424.7,43.42,2005,6,2,8,Wednesday,23,-0.1614929424721412,5920.540666666667,5983.313222222221,6069.93725,7812.62,5761.94
2005-06-09,5927.22,424.2,43.46,2005,6,2,9,Thursday,23,-0.02580645161289752,5913.409,5982.652111111111,6069.5097,7812.62,5761.94
2005-06-10,5973.31,427.4,43.47,2005,6,2,10,Friday,23,0.7775989418310703,5910.289666666667,5982.698333333333,6069.095850000001,7812.62,5761.94
2005-06-13,6009.52,429.3,43.54,2005,6,2,13,Monday,24,0.6061965643838985,5908.375666666666,5983.684,6068.44985,7812.62,5761.94
2005-06-14,5989.82,427.5,43.58,2005,6,2,14,Tuesday,24,-0.3278132030511749,5907.809666666667,5984.697,6067.94485,7812.62,5761.94
2005-06-15,6001.21,429.1,43.5,2005,6,2,15,Wednesday,24,0.19015596461997575,5908.837333333333,5986.331333333334,6068.0176,7812.62,5761.94
2005-06-16,6097.7,436.2,43.48,2005,6,2,16,Thursday,24,1.6078424184456042,5912.284333333333,5989.643555555556,6068.1826,7812.62,5761.94
2005-06-17,6128.46,438.3,43.49,2005,6,2,17,Friday,24,0.5044524984830323,5916.890666666667,5993.715999999999,6068.5202500000005,7812.62,5761.94
2005-06-20,6128.45,438.4,43.48,2005,6,2,20,Monday,25,-0.00016317312996338984,5922.850333333334,5997.745333333334,6069.19135,7812.62,5761.94
2005-06-21,6135.44,438.9,43.48,2005,6,2,21,Tuesday,25,0.11405820395042898,5928.9506666666675,6001.624000000001,6069.562999999999,7812.62,5761.94
2005-06-22,6115.81,438.1,43.42,2005,6,2,22,Wednesday,25,-0.31994445386148707,5934.297666666666,6005.208333333333,6069.61355,7812.62,5761.94
2005-06-23,6174.58,441.7,43.48,2005,6,2,23,Thursday,25,0.9609520243434533,5942.244333333333,6008.7752222222225,6070.0954,7812.62,5761.94
2005-06-24,6159.23,440.5,43.49,2005,6,2,24,Friday,25,-0.24859990477085203,5952.183,6011.597111111111,6070.706700000001,7812.62,5761.94
2005-06-27,6146.52,440.3,43.42,2005,6,2,27,Monday,26,-0.2063569634515816,5961.626333333333,6013.420333333333,6071.6756000000005,7812.62,5761.94
2005-06-28,6100.49,436.4,43.48,2005,6,2,28,Tuesday,26,-0.7488790404977186,5970.139666666667,6014.655555555555,6072.60895,7812.62,5761.94
2005-06-30,6090.7,435.9,43.46,2005,6,2,30,Thursday,26,-0.16047891234965972,5978.004333333333,6015.996555555556,6073.3715,7812.62,5761.94
2005-07-01,5983.02,427.8,43.5,2005,7,3,1,Friday,26,-1.7679412875367229,5981.483333333334,6015.891,6073.6741,7812.62,5761.94
2005-07-05,5914.5,422.9,43.5,2005,7,3,5,Tuesday,27,-1.1452410321209139,5983.143,6015.009555555555,6073.4454000000005,7812.62,5761.94
2005-07-06,5922.89,423.5,43.5,2005,7,3,6,Wednesday,27,0.14185476371628702,5986.765333333333,6013.176111111111,6073.0942,7812.62,5761.94
2005-07-07,5928.26,423.3,43.56,2005,7,3,7,Thursday,27,0.09066519891471891,5990.518333333334,6011.215777777777,6072.8886,7812.62,5761.94
2005-07-08,5919.93,422.9,43.54,2005,7,3,8,Friday,27,-0.14051340528249412,5993.306333333333,6009.318333333334,6072.701950000001,7812.62,5761.94
2005-07-11,5945.39,425.5,43.46,2005,7,3,11,Monday,28,0.4300726528861043,5996.427,6007.658555555556,6072.5879,7812.62,5761.94
2005-07-12,5956.56,426.3,43.46,2005,7,3,12,Tuesday,28,0.18787665737656223,6000.113333333334,6005.919,6072.50145,7812.62,5761.94
2005-07-13,5916.49,423.9,43.41,2005,7,3,13,Wednesday,28,-0.6727037081805665,6001.625,6004.170666666667,6072.21105,7812.62,5761.94
2005-07-14,5857.55,419.6,43.42,2005,7,3,14,Thursday,28,-0.9961987597376099,6002.2683333333325,6001.783111111111,6071.456700000001,7812.62,5761.94
2005-07-15,5879.67,420.7,43.47,2005,7,3,15,Friday,28,0.3776322865361781,6003.671333333334,6000.185555555557,6070.9338,7812.62,5761.94
2005-07-18,5874.71,420.5,43.45,2005,7,3,18,Monday,29,-0.08435847590085865,6001.532333333334,5997.883555555556,6070.0891,7812.62,5761.94
2005-07-19,5872.44,419.7,43.52,2005,7,3,19,Tuesday,29,-0.038640205218642976,5999.485,5995.403888888889,6069.372749999999,7812.62,5761.94
2005-07-20,5890.93,421.7,43.45,2005,7,3,20,Wednesday,29,0.3148606030883405,5996.929666666667,5992.343777777778,6068.70605,7812.62,5761.94
2005-07-21,5881.07,425.4,43.0,2005,7,3,21,Thursday,29,-0.16737594912858977,5995.020666666666,5988.862444444444,6067.6475,7812.62,5761.94
2005-07-22,5932.84,424.7,43.45,2005,7,3,22,Friday,29,0.8802819895019187,5995.157,5985.973888888889,6066.873299999999,7812.62,5761.94
2005-07-25,5948.18,425.7,43.46,2005,7,3,25,Monday,30,0.25856082415840476,5995.855666666667,5982.872555555556,6065.7813,7812.62,5761.94
2005-07-26,5909.24,423.4,43.41,2005,7,3,26,Tuesday,30,-0.6546540286272551,5993.72,5980.049,6064.335199999999,7812.62,5761.94
2005-07-27,5917.82,424.7,43.34,2005,7,3,27,Wednesday,30,0.14519633658474085,5990.663333333334,5977.320333333334,6063.476750000001,7812.62,5761.94
2005-07-28,5951.3,427.3,43.32,2005,7,3,28,Thursday,30,0.5657488737406791,5989.379333333333,5974.417777777778,6062.46605,7812.62,5761.94
2005-07-29,5991.66,429.9,43.35,2005,7,3,29,Friday,30,0.6781711558819126,5989.061,5972.741555555555,6061.654549999999,7812.62,5761.94
2005-08-01,6023.7,431.9,43.38,2005,8,3,1,Monday,31,0.5347432931775087,5986.594333333333,5971.327999999999,6061.032699999999,7812.62,5761.94
2005-08-02,6026.48,431.9,43.4,2005,8,3,2,Tuesday,31,0.046151036738217854,5983.195000000001,5971.2210000000005,6060.11905,7812.62,5761.94
2005-08-03,6092.03,436.9,43.37,2005,8,3,3,Wednesday,31,1.0876996190147592,5981.981,5971.657222222222,6059.614549999999,7812.62,5761.94
2005-08-04,6108.93,437.9,43.39,2005,8,3,4,Thursday,31,0.2774116345454658,5981.097333333333,5973.2172222222225,6059.615400000001,7812.62,5761.94
2005-08-05,6103.24,437.2,43.42,2005,8,3,5,Friday,31,-0.09314233425494756,5980.678333333333,5974.822222222222,6059.7316,7812.62,5761.94
2005-08-08,6072.54,434.7,43.45,2005,8,3,8,Monday,32,-0.5030115151952064,5977.277,5975.8838888888895,6059.3129500000005,7812.62,5761.94
2005-08-09,6065.55,434.2,43.45,2005,8,3,9,Tuesday,32,-0.11510834016736915,5974.154333333334,5976.852333333333,6058.84615,7812.62,5761.94
2005-08-10,6097.68,436.5,43.45,2005,8,3,10,Wednesday,32,0.5297128867126633,5972.526333333333,5977.818,6058.7252,7812.62,5761.94
2005-08-11,6230.57,445.5,43.5,2005,8,3,11,Thursday,32,2.179353459020472,5976.8623333333335,5980.879,6059.01585,7812.62,5761.94
2005-08-12,6245.34,445.9,43.56,2005,8,3,12,Friday,32,0.23705696268561116,5982.017000000001,5984.172555555556,6059.13925,7812.62,5761.94
2005-08-15,6175.89,442.2,43.44,2005,8,3,15,Monday,33,-1.1120291289185236,5988.446,5986.600888888888,6058.873849999999,7812.62,5761.94
2005-08-16,6231.79,446.1,43.45,2005,8,3,16,Tuesday,33,0.9051327015215493,5999.022333333332,5989.199111111112,6058.90125,7812.62,5761.94
2005-08-17,6146.59,439.9,43.46,2005,8,3,17,Wednesday,33,-1.367183425628915,6006.479,5991.035666666667,6058.26415,7812.62,5761.94
2005-08-18,6146.66,439.5,43.5,2005,8,3,18,Thursday,33,0.0011388428380554316,6013.759,5992.763444444444,6057.73135,7812.62,5761.94
2005-08-19,6117.3,437.2,43.52,2005,8,3,19,Friday,33,-0.4776577848782826,6020.338000000001,5993.913666666668,6057.2051,7812.62,5761.94
2005-08-22,6134.12,438.1,43.55,2005,8,3,22,Monday,34,0.27495790626583805,6026.629,5995.440333333333,6056.740950000001,7812.62,5761.94
2005-08-23,6156.56,439.4,43.58,2005,8,3,23,Tuesday,34,0.3658226444869017,6033.295666666667,5996.859333333333,6056.312899999999,7812.62,5761.94
2005-08-24,6144.01,437.3,43.7,2005,8,3,24,Wednesday,34,-0.2038476032069858,6040.879666666667,5999.087111111111,6055.900549999999,7812.62,5761.94
2005-08-25,6159.46,438.4,43.7,2005,8,3,25,Thursday,34,0.25146443446544264,6050.943333333334,6001.197666666666,6056.051449999999,7812.62,5761.94
2005-08-26,6131.35,437.4,43.6,2005,8,3,26,Friday,34,-0.45637117539524263,6059.332666666667,6002.709111111112,6055.83395,7812.62,5761.94
2005-08-29,6134.17,437.0,43.66,2005,8,3,29,Monday,35,0.04599313364919144,6067.981333333333,6003.317666666666,6055.34125,7812.62,5761.94
2005-08-30,6051.65,431.2,43.65,2005,8,3,30,Tuesday,35,-1.3452512727883392,6073.955,6002.790333333333,6054.2688,7812.62,5761.94
2005-08-31,6133.88,433.8,43.98,2005,8,3,31,Wednesday,35,1.3588029710905447,6082.053333333332,6003.379999999999,6053.5668,7812.62,5761.94
2005-09-01,6242.7,442.3,43.9,2005,9,3,1,Thursday,35,1.7740810058233913,6094.107666666667,6005.084555555555,6053.208199999999,7812.62,5761.94
2005-09-02,6255.23,444.2,43.8,2005,9,3,2,Friday,35,0.20071443445943693,6104.854000000001,6006.850555555556,6053.0487,7812.62,5761.94
2005-09-06,6259.48,444.4,43.81,2005,9,3,6,Tuesday,36,0.06794314517610811,6115.230666666666,6008.165111111111,6052.8341,7812.62,5761.94
2005-09-07,6267.95,444.9,43.82,2005,9,3,7,Wednesday,36,0.13531475458026243,6127.187666666667,6010.39911111111,6052.475450000001,7812.62,5761.94
2005-09-08,6287.56,446.7,43.78,2005,9,3,8,Thursday,36,0.3128614618814751,6139.512333333333,6012.850444444445,6052.3207,7812.62,5761.94
2005-09-09,6317.05,449.0,43.76,2005,9,3,9,Friday,36,0.46902136917976733,6151.704,6016.2976666666655,6052.06935,7812.62,5761.94
2005-09-12,6331.24,449.7,43.79,2005,9,3,12,Monday,37,0.22463016756237852,6163.0233333333335,6020.307222222221,6051.65205,7812.62,5761.94
2005-09-13,6286.29,446.1,43.83,2005,9,3,13,Tuesday,37,-0.7099715063715761,6171.776333333332,6023.551666666667,6051.1017999999995,7812.62,5761.94
2005-09-14,6336.98,449.8,43.82,2005,9,3,14,Wednesday,37,0.8063579631229167,6182.126333333334,6027.4039999999995,6050.5087,7812.62,5761.94
2005-09-15,6414.36,455.5,43.8,2005,9,3,15,Thursday,37,1.221086384997272,6192.870666666667,6032.5673333333325,6050.171700000001,7812.62,5761.94
2005-09-16,6473.64,459.5,43.82,2005,9,3,16,Friday,37,0.9241763792490643,6205.027666666667,6038.3585555555555,6050.178099999999,7812.62,5761.94
2005-09-19,6576.58,466.7,43.83,2005,9,3,19,Monday,38,1.5901409407999223,6220.805666666666,6045.2605555555565,6050.585749999999,7812.62,5761.94
2005-09-20,6571.03,466.2,43.84,2005,9,3,20,Tuesday,38,-0.08439036702967417,6237.4220000000005,6052.314444444443,6050.8285,7812.62,5761.94
2005-09-21,6609.09,468.9,43.84,2005,9,3,21,Wednesday,38,0.5792090433311081,6255.54,6060.625777777778,6051.63795,7812.62,5761.94
2005-09-22,6578.17,466.6,43.85,2005,9,3,22,Thursday,38,-0.46784050451726955,6271.556333333333,6068.569666666667,6052.2488,7812.62,5761.94
2005-09-23,6534.47,463.5,43.85,2005,9,3,23,Friday,38,-0.6643184958734727,6281.686333333333,6076.229444444445,6053.10055,7812.62,5761.94
2005-09-26,6568.3,465.9,43.85,2005,9,3,26,Monday,39,0.5177160504218348,6292.451666666666,6084.157666666666,6053.69505,7812.62,5761.94
2005-09-27,6529.21,462.6,43.9,2005,9,3,27,Tuesday,39,-0.5951311602697795,6304.229,6091.386111111111,6054.4995499999995,7812.62,5761.94
2005-09-28,6644.53,469.7,44.0,2005,9,3,28,Wednesday,39,1.7662167398506012,6317.987,6100.0507777777775,6056.0487,7812.62,5761.94
2005-09-29,6670.78,472.2,43.94,2005,9,3,29,Thursday,39,0.3950618027159125,6335.460000000001,6109.568111111111,6058.6439,7812.62,5761.94
2005-09-30,6624.07,469.0,43.93,2005,9,3,30,Friday,39,-0.7002179655152818,6351.373666666667,6118.550333333333,6060.902999999999,7812.62,5761.94
2005-10-03,6602.59,466.1,44.06,2005,10,4,3,Monday,40,-0.32427193553207223,6367.55,6127.0647777777785,6062.8286499999995,7812.62,5761.94
2005-10-04,6599.59,466.1,44.04,2005,10,4,4,Tuesday,40,-0.04543671498609125,6383.065666666666,6135.373888888889,6064.75995,7812.62,5761.94
2005-10-05,6623.57,466.1,44.2,2005,10,4,5,Wednesday,40,0.3633559054426083,6398.632666666667,6144.013888888889,6067.0522,7812.62,5761.94
2005-10-06,6696.89,471.9,44.14,2005,10,4,6,Thursday,40,1.1069559165223675,6417.062,6153.188888888889,6069.40705,7812.62,5761.94
2005-10-07,6767.15,474.7,44.34,2005,10,4,7,Friday,40,1.0491437070042853,6437.318333333333,6163.51,6072.56,7812.62,5761.94
2005-10-10,6835.48,475.1,44.75,2005,10,4,10,Monday,41,1.0097308320341725,6460.789333333333,6174.597777777777,6075.5733,7812.62,5761.94
2005-10-11,6881.12,477.1,44.86,2005,10,4,11,Tuesday,41,0.6676926858099286,6485.687666666667,6185.0671111111105,6078.8501,7812.62,5761.94
2005-10-12,6818.21,473.9,44.75,2005,10,4,12,Wednesday,41,-0.9142407050015122,6511.239666666666,6194.893222222222,6081.940500000001,7812.62,5761.94
2005-10-13,6796.1,471.1,44.87,2005,10,4,13,Thursday,41,-0.3242786596482028,6533.313666666667,6204.098888888889,6084.940700000001,7812.62,5761.94
2005-10-14,6746.07,469.2,44.72,2005,10,4,14,Friday,41,-0.7361575020968014,6550.092666666666,6213.073666666667,6087.705299999999,7812.62,5761.94
2005-10-17,6830.24,474.1,44.81,2005,10,4,17,Monday,42,1.2476893954554313,6569.259666666666,6223.090222222222,6090.64375,7812.62,5761.94
2005-10-18,6833.3,472.1,45.02,2005,10,4,18,Tuesday,42,0.0448007683478302,6588.387000000001,6233.1577777777775,6093.64845,7812.62,5761.94
2005-10-19,6719.25,463.5,45.09,2005,10,4,19,Wednesday,42,-1.6690325318660104,6603.430333333334,6241.446,6096.73515,7812.62,5761.94
2005-10-20,6687.45,461.0,45.12,2005,10,4,20,Thursday,42,-0.4732671057037674,6616.759999999999,6248.978555555555,6099.46855,7812.62,5761.94
2005-10-21,6757.98,467.0,45.01,2005,10,4,21,Friday,42,1.054662090931524,6631.457666666667,6257.513666666667,6103.338299999999,7812.62,5761.94
2005-10-24,6735.01,465.0,45.05,2005,10,4,24,Monday,43,-0.33989446550595215,6644.916666666667,6265.6669999999995,6107.0554999999995,7812.62,5761.94
2005-10-25,6825.19,472.8,44.9,2005,10,4,25,Tuesday,43,1.3389735130311609,6662.88,6273.750222222223,6111.2892,7812.62,5761.94
2005-10-26,6808.15,471.2,44.94,2005,10,4,26,Wednesday,43,-0.24966337933449712,6678.585666666667,6281.302333333334,6115.66835,7812.62,5761.94
2005-10-27,6853.33,473.8,44.99,2005,10,4,27,Thursday,43,0.663616400931244,6693.218,6289.356555555555,6120.41865,7812.62,5761.94
2005-10-28,6844.8,473.0,45.01,2005,10,4,28,Friday,43,-0.12446504108221124,6705.589999999999,6297.238333333334,6125.138500000001,7812.62,5761.94
2005-10-31,6734.97,465.1,45.04,2005,10,4,31,Monday,44,-1.6045757363253865,6710.8696666666665,6304.117888888889,6129.29115,7812.62,5761.94
2005-11-01,6637.84,458.8,45.0,2005,11,4,1,Tuesday,44,-1.4421742041909602,6713.096666666667,6309.265222222222,6132.662849999999,7812.62,5761.94
2005-11-02,6721.0,462.8,45.17,2005,11,4,2,Wednesday,44,1.2528171814927713,6716.827,6315.507111111111,6136.53365,7812.62,5761.94
2005-11-03,6686.23,460.1,45.2,2005,11,4,3,Thursday,44,-0.5173337300996894,6720.429,6321.5038888888885,6140.3988500000005,7812.62,5761.94
2005-11-04,6666.22,456.3,45.44,2005,11,4,4,Friday,44,-0.29927178694121315,6724.8206666666665,6327.789777777779,6144.014050000001,7812.62,5761.94
2005-11-07,6755.84,459.0,45.78,2005,11,4,7,Monday,45,1.3443900741349601,6731.072,6335.180222222222,6148.2002,7812.62,5761.94
2005-11-08,6774.91,460.9,45.72,2005,11,4,8,Tuesday,45,0.28227429897687006,6739.262,6343.979000000001,6152.415,7812.62,5761.94
2005-11-09,6848.29,466.3,45.68,2005,11,4,9,Wednesday,45,1.0831140192268274,6746.054,6354.354444444445,6156.81755,7812.62,5761.94
2005-11-10,6854.2,466.6,45.69,2005,11,4,10,Thursday,45,0.08629891549569724,6752.168,6364.7023333333345,6161.18145,7812.62,5761.94
2005-11-11,6847.55,468.3,45.48,2005,11,4,11,Friday,45,-0.097020804762038,6759.617333333333,6374.916666666667,6165.8011,7812.62,5761.94
2005-11-14,6871.68,468.2,45.65,2005,11,4,14,Monday,46,0.3523888105964934,6768.5869999999995,6385.491666666667,6170.1975,7812.62,5761.94
2005-11-15,6856.67,468.1,45.56,2005,11,4,15,Tuesday,46,-0.21843275589085165,6777.156333333333,6395.616999999999,6174.54725,7812.62,5761.94
2005-11-16,7027.6,478.3,45.7,2005,11,4,16,Wednesday,46,2.492901072969822,6790.623999999999,6407.517444444446,6179.839500000001,7812.62,5761.94
2005-11-17,7134.3,486.2,45.64,2005,11,4,17,Thursday,46,1.5182992771358705,6805.204333333333,6421.048666666667,6185.90695,7812.62,5761.94
2005-11-18,7134.86,485.6,45.7,2005,11,4,18,Friday,46,0.007849403585491466,6817.461333333334,6435.240999999999,6192.088000000001,7812.62,5761.94
2005-11-21,7178.53,489.0,45.66,2005,11,4,21,Monday,47,0.6120652682743533,6828.896333333333,6449.672777777777,6198.71005,7812.62,5761.94
2005-11-22,7244.05,492.6,45.74,2005,11,4,22,Tuesday,47,0.9127216853589859,6840.994000000001,6464.8876666666665,6205.932300000001,7812.62,5761.94
2005-11-23,7227.2,492.1,45.68,2005,11,4,23,Wednesday,47,-0.2326046893657563,6854.6269999999995,6479.940555555556,6213.2586,7812.62,5761.94
2005-11-28,7345.49,498.3,45.85,2005,11,4,28,Monday,48,1.636733451405803,6872.9400000000005,6496.102333333333,6221.157000000001,7812.62,5761.94
2005-11-29,7349.26,499.1,45.8,2005,11,4,29,Tuesday,48,0.051324009698472395,6893.046333333333,6512.415555555556,6228.971500000001,7812.62,5761.94
2005-11-30,7292.54,494.6,45.86,2005,11,4,30,Wednesday,48,-0.7717783831297287,6908.4563333333335,6527.523333333333,6236.468100000001,7812.62,5761.94
2005-12-01,7417.1,502.5,45.91,2005,12,4,1,Thursday,48,1.708046853359746,6927.916333333333,6543.844666666667,6244.2858,7812.62,5761.94
2005-12-02,7461.27,503.3,46.11,2005,12,4,2,Friday,48,0.5955157676180711,6952.650333333333,6561.089444444445,6252.06585,7812.62,5761.94
2005-12-05,7565.56,508.9,46.24,2005,12,4,5,Monday,49,1.3977513211557824,6981.920666666667,6579.397666666666,6259.9815,7812.62,5761.94
2005-12-06,7565.2,510.2,46.12,2005,12,4,6,Tuesday,49,-0.004758405194071891,7008.8279999999995,6597.329888888889,6267.8609,7812.62,5761.94
2005-12-07,7632.61,514.3,46.16,2005,12,4,7,Wednesday,49,0.8910537725373979,7038.7480000000005,6615.562666666667,6276.1739,7812.62,5761.94
2005-12-08,7708.48,519.3,46.17,2005,12,4,8,Thursday,49,0.9940243245757374,7068.191000000001,6634.282444444445,6284.7537,7812.62,5761.94
2005-12-09,7812.62,527.0,46.11,2005,12,4,9,Friday,49,1.350979700278132,7101.673333333333,6654.128444444444,6293.84765,7812.62,5761.94
2005-12-12,7807.89,528.4,45.96,2005,12,4,12,Monday,50,-0.06054307005843862,7133.492,6673.193555555556,6302.4476,7812.62,5761.94
2005-12-13,7708.59,521.0,46.02,2005,12,4,13,Tuesday,50,-1.2717904581135309,7162.285000000001,6690.967555555555,6310.4671,7812.62,5761.94
2005-12-14,7422.4,506.5,45.58,2005,12,4,14,Wednesday,50,-3.712611515205766,7185.199333333334,6705.624888888889,6317.1256,7812.62,5761.94
2005-12-15,7325.98,503.9,45.22,2005,12,4,15,Thursday,50,-1.2990407415391259,7208.137333333333,6719.552,6323.281650000001,7812.62,5761.94
2005-12-16,7342.34,503.4,45.37,2005,12,4,16,Friday,50,0.22331483296433863,7228.848666666667,6733.738555555556,6329.427749999999,7812.62,5761.94
2005-12-19,7331.33,503.6,45.28,2005,12,4,19,Monday,51,-0.1499521950767746,7250.352,6747.445777777778,6335.715200000001,7812.62,5761.94
2005-12-20,7178.05,494.6,45.14,2005,12,4,20,Tuesday,51,-2.090752973880583,7267.4130000000005,6757.973333333333,6341.243299999999,7812.62,5761.94
2005-12-21,7148.49,493.0,45.1,2005,12,4,21,Wednesday,51,-0.41181100716769503,7280.501333333334,6768.008333333332,6346.8685,7812.62,5761.94
2005-12-22,7308.53,502.7,45.22,2005,12,4,22,Thursday,51,2.2387944866678167,7298.288666666666,6780.593222222223,6353.001700000001,7812.62,5761.94
2005-12-23,7293.49,503.0,45.1,2005,12,4,23,Friday,51,-0.20578693663431125,7313.1286666666665,6792.389888888889,6358.9911,7812.62,5761.94
2005-12-27,7362.72,508.0,45.08,2005,12,4,27,Tuesday,52,0.9492026450985902,7330.079333333333,6805.902444444446,6364.973000000001,7812.62,5761.94
2005-12-28,7442.66,514.2,45.02,2005,12,4,28,Wednesday,52,1.0857400525892569,7349.916333333333,6820.3024444444445,6371.214349999999,7812.62,5761.94
2005-12-29,7479.3,515.7,45.11,2005,12,4,29,Thursday,52,0.49229710882936484,7370.1703333333335,6835.435777777778,6377.6467999999995,7812.62,5761.94
2005-12-30,7476.32,517.1,44.97,2005,12,4,30,Friday,52,-0.03984330084366716,7390.825333333332,6850.349111111111,6383.8919000000005,7812.62,5761.94
2006-01-03,7654.19,530.7,44.86,2006,1,1,3,Tuesday,1,2.379111648511567,7411.711666666667,6866.989444444445,6391.34605,10372.28,7558.58
2006-01-04,7669.44,533.9,44.68,2006,1,1,4,Wednesday,1,0.19923728049604517,7429.549666666667,6883.938666666667,6398.87625,10372.28,7558.58
2006-01-05,7558.58,526.3,44.67,2006,1,1,5,Thursday,1,-1.4454771143655787,7443.6736666666675,6899.484444444445,6405.6065,10372.28,7558.58
2006-01-06,7685.09,539.7,44.29,2006,1,1,6,Friday,1,1.6737270757205769,7460.559,6916.748222222222,6413.319350000001,10372.28,7558.58
2006-01-09,7813.64,549.1,44.26,2006,1,1,9,Monday,2,1.67271951271879,7479.545333333333,6935.409000000001,6421.632949999999,10372.28,7558.58
2006-01-10,7731.34,544.3,44.18,2006,1,1,10,Tuesday,2,-1.053286304462453,7496.35,6954.072222222222,6430.109100000001,10372.28,7558.58
2006-01-11,7749.38,548.8,43.92,2006,1,1,11,Wednesday,2,0.2333360064361356,7509.812999999999,6972.022222222222,6438.5921499999995,10372.28,7558.58
2006-01-12,7745.85,548.3,43.94,2006,1,1,12,Thursday,2,-0.0455520312592661,7523.032666666667,6988.723888888889,6447.47875,10372.28,7558.58
2006-01-13,7879.28,556.1,44.07,2006,1,1,13,Friday,2,1.7225998437873091,7542.590666666667,7006.768888888889,6457.0812,10372.28,7558.58
2006-01-17,7864.16,553.4,44.2,2006,1,1,17,Tuesday,3,-0.1918957062066573,7557.492666666667,7024.598666666667,6466.5170499999995,10372.28,7558.58
2006-01-18,7742.05,543.7,44.29,2006,1,1,18,Wednesday,3,-1.5527405342719347,7566.852,7040.977555555555,6475.33535,10372.28,7558.58
2006-01-19,7928.03,558.4,44.16,2006,1,1,19,Thursday,3,2.402206134034257,7578.934333333334,7059.205,6484.92165,10372.28,7558.58
2006-01-20,7856.68,553.5,44.15,2006,1,1,20,Friday,3,-0.8999713674140875,7588.650333333334,7076.312000000001,6494.42965,10372.28,7558.58
2006-01-23,7910.45,558.3,44.07,2006,1,1,23,Monday,4,0.6843857710890466,7597.911666666667,7093.858777777778,6504.2373,10372.28,7558.58
2006-01-24,7919.88,557.7,44.17,2006,1,1,24,Tuesday,4,0.11920940022376314,7604.958333333333,7112.009777777778,6514.05,10372.28,7558.58
2006-01-25,7956.68,562.2,44.02,2006,1,1,25,Wednesday,4,0.4646535048510758,7609.760333333334,7130.006444444445,6523.84365,10372.28,7558.58
2006-01-26,7915.9,559.7,43.99,2006,1,1,26,Thursday,4,-0.5125253246328954,7613.360666666666,7146.6902222222225,6533.51665,10372.28,7558.58
2006-01-27,7891.87,558.7,43.94,2006,1,1,27,Friday,4,-0.3035662400990402,7619.47,7162.448333333333,6543.0202,10372.28,7558.58
2006-01-30,8007.62,565.8,44.02,2006,1,1,30,Monday,5,1.4666992740630658,7638.977333333333,7178.348777777776,6552.9893999999995,10372.28,7558.58
2006-01-31,8056.37,570.8,43.9,2006,1,1,31,Tuesday,5,0.6087951226456889,7663.323666666666,7194.852555555555,6563.28765,10372.28,7558.58
2006-02-01,8069.56,569.4,44.08,2006,2,1,1,Wednesday,5,0.16372137823859045,7687.564333333333,7211.08,6573.4912,10372.28,7558.58
2006-02-02,8128.22,572.5,44.16,2006,2,1,2,Thursday,5,0.7269293493077589,7714.127333333334,7228.302777777778,6584.41475,10372.28,7558.58
2006-02-03,8041.22,567.4,44.08,2006,2,1,3,Friday,5,-1.0703450447945517,7742.899666666666,7245.044444444443,6594.7733,10372.28,7558.58
2006-02-06,8091.9,570.2,44.14,2006,2,1,6,Monday,6,0.6302526233581407,7774.346666666666,7261.973333333333,6605.2562,10372.28,7558.58
2006-02-07,7830.05,551.0,44.2,2006,2,1,7,Tuesday,6,-3.2359520013840903,7791.730666666667,7276.427111111112,6614.00945,10372.28,7558.58
2006-02-08,7803.11,550.1,44.12,2006,2,1,8,Wednesday,6,-0.3440591056251274,7808.718,7289.300222222222,6622.529450000001,10372.28,7558.58
2006-02-09,8001.93,564.5,44.09,2006,2,1,9,Thursday,6,2.5479584422108736,7830.025,7304.090777777778,6632.13505,10372.28,7558.58
2006-02-10,7788.61,550.2,44.03,2006,2,1,10,Friday,6,-2.6658568620320455,7841.556666666667,7317.030111111112,6640.63165,10372.28,7558.58
2006-02-13,7650.86,539.0,44.15,2006,2,1,13,Monday,7,-1.7686082625783084,7847.275333333333,7328.677555555555,6648.4045,10372.28,7558.58
2006-02-14,7748.8,545.9,44.15,2006,2,1,14,Tuesday,7,1.2801175292712186,7856.358000000001,7341.446555555555,6656.44265,10372.28,7558.58
2006-02-15,7662.53,539.7,44.16,2006,2,1,15,Wednesday,7,-1.1133336774726499,7856.636,7352.990555555556,6664.4208499999995,10372.28,7558.58
2006-02-16,7766.02,546.0,44.24,2006,2,1,16,Thursday,7,1.3505983010833278,7859.855333333334,7364.869777777778,6672.91625,10372.28,7558.58
2006-02-17,7861.29,551.8,44.31,2006,2,1,17,Friday,7,1.2267545023062043,7869.9456666666665,7377.0268888888895,6682.1887,10372.28,7558.58
2006-02-21,7892.63,553.9,44.32,2006,2,1,21,Tuesday,8,0.3986623060591832,7876.863666666667,7388.773000000001,6691.79995,10372.28,7558.58
2006-02-22,7921.13,553.9,44.48,2006,2,1,22,Wednesday,8,0.36109636458316885,7880.446666666667,7400.328666666667,6701.43415,10372.28,7558.58
2006-02-23,7838.95,548.4,44.46,2006,2,1,23,Thursday,8,-1.0374782385846548,7884.033666666667,7411.670222222222,6710.67755,10372.28,7558.58
2006-02-24,7957.06,558.8,44.29,2006,2,1,24,Friday,8,1.5067068931425842,7890.9563333333335,7424.569777777778,6720.714550000001,10372.28,7558.58
2006-02-27,7920.08,554.7,44.41,2006,2,1,27,Monday,9,-0.4647445161906627,7896.764,7437.614333333334,6730.5528,10372.28,7558.58
2006-02-28,7989.71,561.6,44.25,2006,2,1,28,Tuesday,9,0.8791577862849786,7900.445000000001,7450.497333333334,6740.7243499999995,10372.28,7558.58
2006-03-01,8022.18,563.5,44.28,2006,3,1,1,Wednesday,9,0.40639772907902216,7905.712333333333,7463.707111111111,6751.154350000001,10372.28,7558.58
2006-03-02,8070.82,568.2,44.18,2006,3,1,2,Thursday,9,0.606318980626197,7916.671333333334,7478.7245555555555,6762.2031,10372.28,7558.58
2006-03-03,8039.57,566.0,44.18,2006,3,1,3,Friday,9,-0.38719733558671976,7920.389333333334,7493.748111111112,6773.08485,10372.28,7558.58
2006-03-06,7894.39,554.9,44.25,2006,3,1,6,Monday,10,-1.8058179728517754,7921.646333333333,7506.37488888889,6783.33135,10372.28,7558.58
2006-03-07,7854.21,552.7,44.2,2006,3,1,7,Tuesday,10,-0.5089690273726077,7919.7716666666665,7518.810444444445,6793.3286,10372.28,7558.58
2006-03-08,7740.66,542.5,44.38,2006,3,1,8,Wednesday,10,-1.4457214665765217,7913.797666666666,7528.982333333333,6802.63865,10372.28,7558.58
2006-03-09,7797.49,545.5,44.46,2006,3,1,9,Thursday,10,0.7341751220180104,7908.491333333334,7539.975,6812.30255,10372.28,7558.58
2006-03-10,7716.23,539.9,44.45,2006,3,1,10,Friday,10,-1.0421302239566832,7901.835666666667,7549.562777777778,6821.8126,10372.28,7558.58
2006-03-13,7793.78,546.1,44.39,2006,3,1,13,Monday,11,1.0050244743871062,7898.566,7560.107,6831.703149999999,10372.28,7558.58
2006-03-14,7864.83,551.7,44.34,2006,3,1,14,Tuesday,11,0.9116243979173211,7893.806333333333,7572.661,6841.845850000001,10372.28,7558.58
2006-03-15,7842.11,553.1,44.1,2006,3,1,15,Wednesday,11,-0.2888810056924318,7886.664333333333,7586.0417777777775,6851.79755,10372.28,7558.58
2006-03-16,7905.1,554.4,44.35,2006,3,1,16,Thursday,11,0.8032277027483659,7881.182333333333,7599.198444444444,6862.0932,10372.28,7558.58
2006-03-17,7874.99,554.1,44.21,2006,3,1,17,Friday,11,-0.3808933473327447,7872.741333333333,7612.406888888889,6872.11245,10372.28,7558.58
2006-03-20,7918.3,555.2,44.36,2006,3,1,20,Monday,12,0.5499689523415396,7868.644,7626.318888888888,6882.5127,10372.28,7558.58
2006-03-21,7867.71,552.4,44.3,2006,3,1,21,Tuesday,12,-0.6388997638381966,7861.171,7638.673,6892.66335,10372.28,7558.58
2006-03-22,7864.05,550.9,44.4,2006,3,1,22,Wednesday,12,-0.04651925401418788,7862.304333333333,7650.774555555555,6902.2892,10372.28,7558.58
2006-03-23,7865.37,550.1,44.47,2006,3,1,23,Thursday,12,0.016785244244377218,7864.379666666667,7662.075444444445,6911.946749999999,10372.28,7558.58
2006-03-24,8006.02,560.0,44.47,2006,3,1,24,Friday,12,1.7882184817751723,7864.5160000000005,7674.873444444444,6922.1389,10372.28,7558.58
2006-03-27,8128.33,567.0,44.59,2006,3,1,27,Monday,13,1.527725386646539,7875.839999999999,7689.104333333334,6933.08885,10372.28,7558.58
2006-03-28,8123.15,566.6,44.59,2006,3,1,28,Tuesday,13,-0.06372772758980183,7891.5830000000005,7703.009555555555,6944.06085,10372.28,7558.58
2006-03-29,8212.69,573.0,44.58,2006,3,1,29,Wednesday,13,1.1022817503062443,7907.046,7718.076444444445,6955.4882,10372.28,7558.58
2006-03-30,8386.41,586.7,44.46,2006,3,1,30,Thursday,13,2.1152630867596223,7931.175333333333,7733.1743333333325,6967.5537,10372.28,7558.58
2006-03-31,8329.09,581.8,44.53,2006,3,1,31,Friday,13,-0.6834867362792818,7949.944333333334,7746.449777777778,6979.151549999999,10372.28,7558.58
2006-04-03,8438.46,589.4,44.53,2006,4,2,3,Monday,14,1.313108634916893,7969.183333333333,7760.934222222223,6991.394750000001,10372.28,7558.58
2006-04-04,8402.78,586.0,44.6,2006,4,2,4,Tuesday,14,-0.4228259658752731,7986.1883333333335,7774.536999999999,7003.4025999999985,10372.28,7558.58
2006-04-05,8422.47,587.9,44.56,2006,4,2,5,Wednesday,14,0.23432721075642426,8002.899666666667,7787.6305555555555,7015.02645,10372.28,7558.58
2006-04-06,8504.09,595.2,44.44,2006,4,2,6,Thursday,14,0.9690743926662915,8025.071,7801.818222222222,7026.9046,10372.28,7558.58
2006-04-07,8427.55,588.4,44.55,2006,4,2,7,Friday,14,-0.900037511362195,8040.754,7813.841111111112,7038.4001,10372.28,7558.58
2006-04-10,8580.65,597.6,44.66,2006,4,2,10,Monday,15,1.8166608326263267,8062.772999999999,7827.523222222222,7050.62615,10372.28,7558.58
2006-04-11,8561.5,595.2,44.74,2006,4,2,11,Tuesday,15,-0.2231765658778695,8081.832666666666,7841.622777777777,7062.8546,10372.28,7558.58
2006-04-12,8656.05,597.5,45.06,2006,4,2,12,Wednesday,15,1.104362553290894,8102.961666666667,7855.388888888889,7075.261949999999,10372.28,7558.58
2006-04-13,8637.73,596.5,45.04,2006,4,2,13,Thursday,15,-0.21164387913655824,8121.858666666666,7868.460666666666,7087.654449999999,10372.28,7558.58
2006-04-17,8909.04,615.4,45.03,2006,4,2,17,Monday,16,3.140987273276674,8150.840999999999,7883.388222222223,7101.467049999999,10372.28,7558.58
2006-04-18,8979.42,620.0,45.05,2006,4,2,18,Tuesday,16,0.789984106031616,8187.008666666667,7899.101777777777,7115.8616999999995,10372.28,7558.58
2006-04-19,9172.68,632.6,45.1,2006,4,2,19,Wednesday,16,2.152254822694566,8230.957666666667,7916.2136666666665,7131.2716,10372.28,7558.58
2006-04-20,8987.08,619.8,45.1,2006,4,2,20,Thursday,16,-2.0233999223781995,8272.505,7930.420333333333,7146.291899999999,10372.28,7558.58
2006-04-21,9146.76,632.2,45.0,2006,4,2,21,Friday,16,1.776772878398769,8317.480666666666,7945.244111111111,7162.4532,10372.28,7558.58
2006-04-24,8944.21,620.6,44.83,2006,4,2,24,Monday,17,-2.2144453336482073,8358.413333333334,7957.869888888889,7177.559800000001,10372.28,7558.58
2006-04-25,9092.68,631.0,44.82,2006,4,2,25,Tuesday,17,1.6599565528984783,8401.710000000001,7973.248666666666,7193.3819,10372.28,7558.58
2006-04-26,9246.15,638.8,45.02,2006,4,2,26,Wednesday,17,1.6878412085325811,8447.753999999999,7993.512555555556,7210.012999999999,10372.28,7558.58
2006-04-27,9121.75,633.3,44.8,2006,4,2,27,Thursday,17,-1.3454248525061718,8490.408666666666,8013.4655555555555,7225.8948,10372.28,7558.58
2006-04-28,9409.38,651.8,44.9,2006,4,2,28,Friday,17,3.153232658207017,8540.551333333333,8036.4326666666675,7243.1589,10372.28,7558.58
2006-05-01,9461.86,657.5,44.76,2006,5,2,1,Monday,18,0.5577413177063839,8593.447,8060.1052222222215,7260.8857499999995,10372.28,7558.58
2006-05-02,9574.02,664.7,44.8,2006,5,2,2,Tuesday,18,1.1853906103028278,8648.637666666667,8086.727111111112,7279.468099999999,10372.28,7558.58
2006-05-03,9591.31,665.9,44.8,2006,5,2,3,Wednesday,18,0.18059289619196672,8706.091,8113.869555555556,7298.0263,10372.28,7558.58
2006-05-04,9730.36,674.2,44.89,2006,5,2,4,Thursday,18,1.4497498256234254,8768.301333333335,8140.7787777777785,7317.304550000001,10372.28,7558.58
2006-05-05,9819.5,682.2,44.77,2006,5,2,5,Friday,18,0.9161017680743511,8833.439,8168.8455555555565,7337.039850000001,10372.28,7558.58
2006-05-08,9753.99,677.8,44.76,2006,5,2,8,Monday,19,-0.6671419115026223,8891.704666666667,8195.415222222222,7356.35515,10372.28,7558.58
2006-05-09,10067.3,699.4,44.77,2006,5,2,9,Tuesday,19,3.212121398525114,8956.337,8224.577888888889,7377.2863,10372.28,7558.58
2006-05-10,10138.25,703.7,44.81,2006,5,2,10,Wednesday,19,0.7047569854876645,9023.507,8254.121777777777,7398.313349999999,10372.28,7558.58
2006-05-11,10372.28,719.8,44.82,2006,5,2,11,Thursday,19,2.3083865558651606,9095.493333333334,8286.299111111111,7420.43385,10372.28,7558.58
2006-05-12,10236.53,710.3,44.83,2006,5,2,12,Friday,19,-1.3087768552333734,9157.163999999999,8314.991777777777,7442.0703,10372.28,7558.58
2006-05-15,9944.71,683.6,45.25,2006,5,2,15,Monday,20,-2.8507707201561594,9211.018,8340.272555555555,7462.20475,10372.28,7558.58
2006-05-16,10003.39,691.5,44.99,2006,5,2,16,Tuesday,20,0.5900624553154321,9263.182333333334,8367.43711111111,7482.465200000001,10372.28,7558.58
2006-05-17,9906.78,690.5,44.62,2006,5,2,17,Wednesday,20,-0.9657726030875446,9313.315666666665,8392.122555555556,7502.040800000001,10372.28,7558.58
2006-05-18,9919.73,679.6,45.4,2006,5,2,18,Thursday,20,0.13071855840141033,9363.224333333335,8415.523555555556,7521.520950000001,10372.28,7558.58
2006-05-19,9563.31,656.7,45.29,2006,5,2,19,Friday,20,-3.593041342859127,9398.531666666668,8435.878777777778,7539.205099999999,10372.28,7558.58
2006-05-22,9566.62,657.0,45.29,2006,5,2,22,Monday,21,0.0346114472917991,9436.500666666667,8456.070333333333,7556.57805,10372.28,7558.58
2006-05-23,9819.07,673.0,45.38,2006,5,2,23,Tuesday,21,2.6388630467186758,9477.781333333334,8479.106111111112,7575.12875,10372.28,7558.58
2006-05-24,9355.27,637.0,45.68,2006,5,2,24,Wednesday,21,-4.723461590557953,9504.240333333331,8495.506000000001,7591.3889,10372.28,7558.58
2006-05-25,9541.25,648.4,45.77,2006,5,2,25,Thursday,21,1.987970416674223,9533.747,8514.140333333333,7608.7324499999995,10372.28,7558.58
2006-05-26,9575.11,650.9,45.76,2006,5,2,26,Friday,21,0.3548801257696965,9564.993,8534.507666666668,7626.28025,10372.28,7558.58
2006-05-30,9687.56,653.9,46.08,2006,5,2,30,Tuesday,22,1.1743990408465077,9590.943666666666,8554.057999999999,7644.229649999999,10372.28,7558.58
2006-05-31,9535.2,642.5,46.16,2006,5,2,31,Wednesday,22,-1.5727386462638604,9609.469666666666,8572.708222222222,7660.7528,10372.28,7558.58
2006-06-01,9306.0,627.6,46.12,2006,6,2,1,Thursday,22,-2.4037251447269092,9613.913666666665,8588.214333333333,7676.0561,10372.28,7558.58
2006-06-02,9315.67,635.5,45.59,2006,6,2,2,Friday,22,0.10391145497528065,9624.866666666667,8603.72311111111,7691.755,10372.28,7558.58
2006-06-05,9446.32,643.2,45.68,2006,6,2,5,Monday,23,1.4024756136703065,9634.852,8620.274666666666,7707.82765,10372.28,7558.58
2006-06-06,9278.05,629.4,45.85,2006,6,2,6,Tuesday,23,-1.781328602037624,9645.980000000001,8635.409666666666,7723.48495,10372.28,7558.58
2006-06-07,9224.36,627.4,45.73,2006,6,2,7,Wednesday,23,-0.5786776316143882,9650.369333333334,8650.215111111112,7738.873450000001,10372.28,7558.58
2006-06-08,8961.18,609.1,45.76,2006,6,2,8,Thursday,23,-2.853097667480453,9640.870333333332,8660.810222222222,7753.09285,10372.28,7558.58
2006-06-09,8967.5,608.2,45.86,2006,6,2,9,Friday,23,0.07052642620726246,9635.728666666666,8670.933888888889,7767.25975,10372.28,7558.58
2006-06-12,8939.05,606.8,45.82,2006,6,2,12,Monday,24,-0.31725676052412055,9620.051,8680.594888888889,7781.172200000001,10372.28,7558.58
2006-06-13,8308.15,562.5,45.94,2006,6,2,13,Tuesday,24,-7.057796969476615,9581.594000000001,8682.594111111111,7791.9929,10372.28,7558.58
2006-06-14,8283.5,562.3,45.82,2006,6,2,14,Wednesday,24,-0.2966966171771057,9538.576666666666,8685.28611111111,7802.6131000000005,10372.28,7558.58
2006-06-15,8343.55,566.5,45.81,2006,6,2,15,Thursday,24,0.7249351119695602,9496.984666666665,8688.082222222223,7813.6741,10372.28,7558.58
2006-06-16,8520.17,578.0,45.85,2006,6,2,16,Friday,24,2.1168447483385533,9456.644999999999,8695.750222222223,7825.6041000000005,10372.28,7558.58
2006-06-19,8379.25,568.8,45.82,2006,6,2,19,Monday,25,-1.6539576088270502,9408.636666666665,8702.151777777779,7837.2420999999995,10372.28,7558.58
2006-06-20,8506.0,576.9,45.86,2006,6,2,20,Tuesday,25,1.5126652146671749,9367.037,8707.752555555555,7849.1027,10372.28,7558.58
2006-06-21,8658.51,587.5,45.84,2006,6,2,21,Wednesday,25,1.792969668469313,9320.077333333333,8717.418111111112,7861.181750000001,10372.28,7558.58
2006-06-22,8595.37,582.2,45.92,2006,6,2,22,Thursday,25,-0.7292247742394453,9268.648,8727.912666666667,7872.88245,10372.28,7558.58
2006-06-23,8638.46,584.8,45.94,2006,6,2,23,Friday,25,0.5013164063908615,9210.854,8737.797777777778,7884.77735,10372.28,7558.58
2006-06-26,8696.56,584.8,46.25,2006,6,2,26,Monday,26,0.6725735837174618,9159.521666666667,8749.287,7896.9204,10372.28,7558.58
2006-06-27,8650.09,581.6,46.26,2006,6,2,27,Tuesday,26,-0.5343492139420536,9116.367666666667,8759.11,7908.733049999999,10372.28,7558.58
2006-06-28,8608.45,578.3,46.3,2006,6,2,28,Wednesday,26,-0.48138227463528915,9069.869666666666,8767.411777777777,7920.19005,10372.28,7558.58
2006-06-29,8722.97,586.5,46.26,2006,6,2,29,Thursday,26,1.3303207894568514,9030.409333333335,8776.637777777776,7932.1487,10372.28,7558.58
2006-06-30,9034.79,613.5,45.81,2006,6,2,30,Friday,26,3.574699901524392,9000.911333333333,8789.011777777778,7945.8912,10372.28,7558.58
2006-07-05,9267.26,627.3,45.95,2006,7,3,5,Wednesday,27,2.573053717905993,8991.043000000001,8804.881888888889,7960.5426,10372.28,7558.58
2006-07-06,9365.68,634.1,45.94,2006,7,3,6,Thursday,27,1.0620183312003872,8984.345,8820.533222222222,7975.2992,10372.28,7558.58
2006-07-07,9314.95,632.8,45.78,2006,7,3,7,Friday,27,-0.541658480750995,8967.541,8836.031777777778,7989.50575,10372.28,7558.58
2006-07-10,9230.02,624.1,46.0,2006,7,3,10,Monday,28,-0.9117601275369203,8963.366,8849.813,8002.7729500000005,10372.28,7558.58
2006-07-11,9511.78,641.2,46.14,2006,7,3,11,Tuesday,28,3.0526477732442547,8962.383666666667,8866.364111111112,8017.4767,10372.28,7558.58
2006-07-12,9608.37,649.4,46.02,2006,7,3,12,Wednesday,28,1.015477649819485,8963.492333333334,8883.448,8032.473099999999,10372.28,7558.58
2006-07-13,9702.14,652.9,46.22,2006,7,3,13,Thursday,28,0.9759199531241824,8963.978333333334,8901.921,8048.09295,10372.28,7558.58
2006-07-14,9928.65,666.6,46.33,2006,7,3,14,Friday,28,2.334639574361952,8977.093333333332,8924.523888888887,8065.0638500000005,10372.28,7558.58
2006-07-17,9743.26,650.6,46.58,2006,7,3,17,Monday,29,-1.86722263348994,8991.668666666666,8945.513333333332,8080.93865,10372.28,7558.58
2006-07-18,9405.26,628.3,46.56,2006,7,3,18,Tuesday,29,-3.469064768876129,8994.655,8964.008888888888,8095.3189,10372.28,7558.58
2006-07-19,9653.86,641.6,46.8,2006,7,3,19,Wednesday,29,2.643201782832172,9001.573,8984.635222222221,8110.3655499999995,10372.28,7558.58
2006-07-20,9496.77,631.7,46.76,2006,7,3,20,Thursday,29,-1.6272247577652887,9008.863666666666,9004.419,8124.495499999999,10372.28,7558.58
2006-07-21,9280.01,619.6,46.58,2006,7,3,21,Friday,29,-2.2824602470102984,9010.718666666666,9020.932666666666,8137.7752,10372.28,7558.58
2006-07-24,9228.47,612.7,46.85,2006,7,3,24,Monday,30,-0.5553873325567671,9019.628333333334,9036.084222222222,8150.9046,10372.28,7558.58
2006-07-25,9276.86,617.6,46.72,2006,7,3,25,Tuesday,30,0.5243556082427769,9029.940333333334,9052.02588888889,8164.29095,10372.28,7558.58
2006-07-26,9328.95,621.6,46.68,2006,7,3,26,Wednesday,30,0.5615046470465179,9042.937,9067.846444444445,8177.81785,10372.28,7558.58
2006-07-27,9462.57,632.4,46.54,2006,7,3,27,Thursday,30,1.4323155339025284,9081.417666666668,9085.486222222222,8191.64625,10372.28,7558.58
2006-07-28,9483.17,634.8,46.47,2006,7,3,28,Friday,30,0.21769984264317088,9121.406666666668,9102.873666666666,8205.22635,10372.28,7558.58
2006-07-31,9465.03,634.2,46.42,2006,7,3,31,Monday,31,-0.19128624710934572,9158.789333333332,9120.621666666668,8218.3741,10372.28,7558.58
2006-08-01,9649.77,646.3,46.44,2006,8,3,1,Tuesday,31,1.951816317539401,9196.442666666668,9140.463,8232.217349999999,10372.28,7558.58
2006-08-02,9741.48,651.6,46.5,2006,8,3,2,Wednesday,31,0.9503853459719602,9241.850333333334,9161.308666666668,8246.8337,10372.28,7558.58
2006-08-03,9626.38,644.9,46.43,2006,8,3,3,Thursday,31,-1.1815453093369843,9279.196333333333,9179.312666666667,8260.9851,10372.28,7558.58
2006-08-04,9613.78,644.0,46.43,2006,8,3,4,Friday,31,-0.13089032429635106,9311.038666666665,9195.817666666666,8275.32365,10372.28,7558.58
2006-08-07,9684.67,647.8,46.5,2006,8,3,7,Monday,32,0.7373790538165004,9347.348666666667,9213.16788888889,8289.595800000001,10372.28,7558.58
2006-08-08,9632.51,645.7,46.4,2006,8,3,8,Tuesday,32,-0.5385831422237364,9380.483666666667,9228.943666666668,8303.59185,10372.28,7558.58
2006-08-09,9704.12,650.5,46.4,2006,8,3,9,Wednesday,32,0.7434199393512309,9414.068999999998,9243.584888888889,8318.5162,10372.28,7558.58
2006-08-10,9453.43,634.9,46.31,2006,8,3,10,Thursday,32,-2.5833357378103328,9440.847000000002,9256.077555555557,8332.3461,10372.28,7558.58
2006-08-11,9455.6,633.5,46.42,2006,8,3,11,Friday,32,0.0229546312819906,9469.085333333333,9267.379111111111,8345.834200000001,10372.28,7558.58
2006-08-14,9393.7,628.5,46.49,2006,8,3,14,Monday,33,-0.6546385210880246,9491.443000000001,9278.389333333334,8359.12765,10372.28,7558.58
2006-08-15,9294.42,622.5,46.44,2006,8,3,15,Tuesday,33,-1.0568785462597319,9500.097333333333,9288.077666666666,8371.4738,10372.28,7558.58
2006-08-16,9392.65,628.7,46.47,2006,8,3,16,Wednesday,33,1.056870681548716,9504.277,9297.950555555555,8384.3963,10372.28,7558.58
2006-08-17,9159.33,615.4,46.29,2006,8,3,17,Thursday,33,-2.484069990897131,9497.398666666666,9306.081444444444,8395.9263,10372.28,7558.58
2006-08-18,9129.69,612.1,46.39,2006,8,3,18,Friday,33,-0.3236044557844209,9491.223333333333,9312.181888888888,8407.35075,10372.28,7558.58
2006-08-21,9331.94,625.7,46.39,2006,8,3,21,Monday,34,2.2152997527846052,9494.620666666666,9320.742333333334,8420.335599999999,10372.28,7558.58
2006-08-22,9315.53,624.6,46.39,2006,8,3,22,Tuesday,34,-0.1758476801179576,9488.079,9328.06988888889,8433.72405,10372.28,7558.58
2006-08-23,9302.71,623.7,46.39,2006,8,3,23,Wednesday,34,-0.13761965234400098,9477.890333333335,9335.458555555555,8446.6326,10372.28,7558.58
2006-08-24,9251.22,619.5,46.45,2006,8,3,24,Thursday,34,-0.5534946268345386,9462.859666666665,9339.260555555555,8459.45755,10372.28,7558.58
2006-08-25,9288.56,622.0,46.45,2006,8,3,25,Friday,34,0.40362244114831025,9441.523333333334,9342.695444444445,8472.569249999999,10372.28,7558.58
2006-08-28,9196.81,615.3,46.49,2006,8,3,28,Monday,35,-0.9877742082734065,9423.308333333332,9342.963555555556,8484.7741,10372.28,7558.58
2006-08-29,9109.21,610.7,46.39,2006,8,3,29,Tuesday,35,-0.9525041835158121,9413.44,9344.320555555556,8496.4456,10372.28,7558.58
2006-08-30,9192.57,617.7,46.29,2006,8,3,30,Wednesday,35,0.9151177764043172,9398.063666666667,9344.829555555556,8508.167000000001,10372.28,7558.58
2006-08-31,9352.43,625.9,46.48,2006,8,3,31,Thursday,35,1.7390131377841067,9393.252333333334,9349.365333333333,8520.65815,10372.28,7558.58
2006-09-01,9336.44,624.4,46.51,2006,9,3,1,Friday,35,-0.1709716084482782,9395.133333333333,9352.073777777778,8533.1026,10372.28,7558.58
2006-09-04,9285.05,624.4,46.25,2006,9,3,4,Monday,36,-0.550423930320354,9397.019333333334,9352.506000000001,8545.16945,10372.28,7558.58
2006-09-05,9474.4,638.5,46.15,2006,9,3,5,Tuesday,36,2.039299734519484,9403.604,9356.424333333332,8558.2581,10372.28,7558.58
2006-09-06,9379.02,633.5,46.05,2006,9,3,6,Wednesday,36,-1.00671282614202,9405.273,9356.087,8570.0152,10372.28,7558.58
2006-09-07,9135.33,617.0,46.05,2006,9,3,7,Thursday,36,-2.598245872170024,9394.365,9352.45888888889,8580.02035,10372.28,7558.58
2006-09-08,9045.37,609.6,46.15,2006,9,3,8,Friday,36,-0.9847482247493988,9379.771666666667,9346.585000000001,8589.572900000001,10372.28,7558.58
2006-09-11,8754.73,590.0,46.15,2006,9,3,11,Monday,37,-3.2131355599605227,9356.095,9337.289666666667,8597.4539,10372.28,7558.58
2006-09-12,8714.58,586.9,46.18,2006,9,3,12,Tuesday,37,-0.45860923180954805,9324.921999999999,9326.003222222222,8604.80655,10372.28,7558.58
2006-09-13,8713.15,589.1,46.0,2006,9,3,13,Wednesday,37,-0.016409281916052176,9290.644333333334,9313.710444444443,8612.2363,10372.28,7558.58
2006-09-14,8551.44,579.3,45.91,2006,9,3,14,Thursday,37,-1.855930404044448,9254.813,9300.348777777777,8618.26605,10372.28,7558.58
2006-09-15,8533.65,576.4,46.05,2006,9,3,15,Friday,37,-0.2080351379416867,9218.808666666668,9283.308222222222,8624.188,10372.28,7558.58
2006-09-18,8678.55,586.2,46.05,2006,9,3,18,Monday,38,1.6979838638800482,9185.271333333332,9267.089333333333,8631.11805,10372.28,7558.58
2006-09-19,8536.05,576.8,46.03,2006,9,3,19,Tuesday,38,-1.641979362912005,9148.722666666668,9246.686777777779,8636.712800000001,10372.28,7558.58
2006-09-20,8583.59,580.0,46.03,2006,9,3,20,Wednesday,38,0.5569320704541525,9111.371666666668,9228.320777777777,8642.324400000001,10372.28,7558.58
2006-09-21,8570.85,582.2,45.79,2006,9,3,21,Thursday,38,-0.1484227461936105,9081.95233333333,9213.055666666667,8647.350849999999,10372.28,7558.58
2006-09-22,8682.91,589.4,45.82,2006,9,3,22,Friday,38,1.3074549198737628,9056.196,9198.383666666667,8652.939400000001,10372.28,7558.58
2006-09-25,8684.97,589.9,45.79,2006,9,3,25,Monday,39,0.023724765084520705,9032.571666666665,9184.807999999999,8658.2012,10372.28,7558.58
2006-09-26,8722.74,591.2,45.89,2006,9,3,26,Tuesday,39,0.43488923968650894,9013.515666666668,9171.50811111111,8663.2725,10372.28,7558.58
2006-09-27,8801.21,597.3,45.83,2006,9,3,27,Wednesday,39,0.8996026477918528,8993.801000000001,9163.040333333334,8668.21545,10372.28,7558.58
2006-09-28,8914.09,605.0,45.83,2006,9,3,28,Thursday,39,1.2825509219755116,8985.626333333332,9155.79,8673.74645,10372.28,7558.58
2006-09-29,8798.04,598.6,45.72,2006,9,3,29,Friday,39,-1.301871531474319,8974.571333333333,9144.44522222222,8679.1937,10372.28,7558.58
2006-10-02,8784.63,597.7,45.71,2006,10,4,2,Monday,40,-0.15242031179674154,8956.327666666666,9138.104777777777,8686.00485,10372.28,7558.58
2006-10-03,8470.47,576.3,45.72,2006,10,4,3,Tuesday,40,-3.57624623917,8928.158999999998,9126.207222222221,8691.7273,10372.28,7558.58
2006-10-04,8245.11,562.0,45.63,2006,10,4,4,Wednesday,40,-2.6605371366641872,8892.905666666666,9111.429444444444,8696.241150000002,10372.28,7558.58
2006-10-05,8370.18,571.0,45.59,2006,10,4,5,Thursday,40,1.5168991074709703,8863.537666666667,9096.791888888889,8701.4354,10372.28,7558.58
2006-10-06,8371.19,572.4,45.49,2006,10,4,6,Friday,40,0.012066646117525615,8832.958666666667,9083.858444444444,8707.4011,10372.28,7558.58
2006-10-09,8485.16,578.4,45.63,2006,10,4,9,Monday,41,1.361455181401916,8809.237,9074.738,8714.08445,10372.28,7558.58
2006-10-10,8397.34,571.9,45.67,2006,10,4,10,Tuesday,41,-1.0349834298940652,8785.508,9064.534333333335,8719.5285,10372.28,7558.58
2006-10-11,8381.5,572.3,45.55,2006,10,4,11,Wednesday,41,-0.1886311617726566,8758.472333333333,9052.703,8724.96855,10372.28,7558.58
2006-10-12,8433.04,576.3,45.51,2006,10,4,12,Thursday,41,0.6149257292847432,8727.826,9043.314,8730.32015,10372.28,7558.58
2006-10-13,8565.03,588.8,45.24,2006,10,4,13,Friday,41,1.565153254342433,8702.112333333333,9035.98811111111,8735.932,10372.28,7558.58
2006-10-16,8671.7,594.7,45.35,2006,10,4,16,Monday,42,1.2454130341633451,8681.667333333333,9032.771666666667,8741.894,10372.28,7558.58
2006-10-17,8556.89,589.7,45.13,2006,10,4,17,Tuesday,42,-1.323961852923894,8651.083666666667,9028.209333333332,8747.296849999999,10372.28,7558.58
2006-10-18,8560.05,588.9,45.21,2006,10,4,18,Wednesday,42,0.03692930492269486,8623.784666666666,9023.998222222222,8751.82615,10372.28,7558.58
2006-10-19,8705.9,599.0,45.21,2006,10,4,19,Thursday,42,1.7038451878201633,8609.470333333333,9028.417666666668,8757.008450000001,10372.28,7558.58
2006-10-20,8624.03,593.0,45.23,2006,10,4,20,Friday,42,-0.9403967424390203,8595.425666666666,9032.201333333334,8762.335700000001,10372.28,7558.58
2006-10-23,8448.32,579.7,45.33,2006,10,4,23,Monday,43,-2.0374465302184785,8585.212,9033.365444444444,8766.15185,10372.28,7558.58
2006-10-24,8483.74,584.4,45.15,2006,10,4,24,Tuesday,43,0.4192549524639322,8577.517333333333,9032.960666666666,8769.50235,10372.28,7558.58
2006-10-25,8556.08,587.6,45.29,2006,10,4,25,Wednesday,43,0.8526899692824275,8572.281666666668,9034.925444444443,8773.626049999999,10372.28,7558.58
2006-10-26,8667.02,596.8,45.17,2006,10,4,26,Thursday,43,1.2966218174678135,8576.134333333333,9036.714555555554,8778.21425,10372.28,7558.58
2006-10-27,8655.62,598.2,45.01,2006,10,4,27,Friday,43,-0.13153309903518595,8580.2,9036.682444444443,8782.7631,10372.28,7558.58
2006-10-30,8715.45,604.7,44.83,2006,10,4,30,Monday,44,0.6912272026729394,8581.43,9038.016666666666,8786.94395,10372.28,7558.58
2006-10-31,8707.97,604.1,44.83,2006,10,4,31,Tuesday,44,-0.08582459884459714,8587.160666666667,9038.789,8791.163,10372.28,7558.58
2006-11-01,8863.77,616.6,44.71,2006,11,4,1,Wednesday,44,1.789165557529504,8596.5,9040.646888888888,8796.7716,10372.28,7558.58
2006-11-02,9011.78,625.4,44.82,2006,11,4,2,Thursday,44,1.6698312343393473,8611.197666666667,9044.665666666668,8802.19035,10372.28,7558.58
2006-11-03,9029.77,626.9,44.8,2006,11,4,3,Friday,44,0.19962759854323942,8622.759666666667,9049.347,8808.0558,10372.28,7558.58
2006-11-06,9015.94,625.8,44.81,2006,11,4,6,Monday,45,-0.15316004726587673,8633.792,9052.602222222224,8813.583250000001,10372.28,7558.58
2006-11-07,9003.43,625.7,44.76,2006,11,4,7,Tuesday,45,-0.13875425080468462,8643.148333333334,9052.253777777778,8819.001,10372.28,7558.58
2006-11-08,8841.47,616.4,44.61,2006,11,4,8,Wednesday,45,-1.7988699862163782,8644.490333333333,9047.522777777778,8823.42495,10372.28,7558.58
2006-11-09,9075.6,635.0,44.45,2006,11,4,9,Thursday,45,2.6480890621129793,8649.874000000002,9044.299666666666,8829.223450000001,10372.28,7558.58
2006-11-10,9012.99,628.4,44.61,2006,11,4,10,Friday,45,-0.6898717440169344,8657.039,9040.944555555556,8834.82905,10372.28,7558.58
2006-11-13,8991.08,624.2,44.8,2006,11,4,13,Monday,46,-0.2430935793782063,8663.920666666667,9038.289666666666,8839.74635,10372.28,7558.58
2006-11-14,9043.08,623.8,45.09,2006,11,4,14,Tuesday,46,0.5783509878679816,8683.007666666666,9033.081888888888,8844.6799,10372.28,7558.58
2006-11-15,9044.85,622.5,45.19,2006,11,4,15,Wednesday,46,0.019572977348425447,8709.665666666668,9026.820555555556,8849.55635,10372.28,7558.58
2006-11-16,8932.84,620.6,44.77,2006,11,4,16,Thursday,46,-1.2383842739238426,8728.421,9018.272777777776,8853.57945,10372.28,7558.58
2006-11-17,8946.39,621.5,44.77,2006,11,4,17,Friday,46,0.15168748124896325,8747.594333333334,9007.358777777778,8858.105300000001,10372.28,7558.58
2006-11-20,8974.43,621.2,44.94,2006,11,4,20,Monday,47,0.3134225089673093,8763.903333333334,8998.816222222224,8862.517950000001,10372.28,7558.58
2006-11-21,9068.09,628.2,44.9,2006,11,4,21,Tuesday,47,1.0436317404002304,8786.261666666665,8995.06988888889,8868.70815,10372.28,7558.58
2006-11-22,9009.81,628.7,44.57,2006,11,4,22,Wednesday,47,-0.6426932242622252,8807.205333333333,8987.913777777778,8874.74165,10372.28,7558.58
2006-11-24,9000.92,628.7,44.53,2006,11,4,24,Friday,47,-0.098670227230091,8826.134666666669,8982.404333333334,8879.7366,10372.28,7558.58
2006-11-28,9136.75,637.2,44.6,2006,11,4,28,Tuesday,48,1.509067961941657,8845.192000000001,8980.812555555556,8886.4773,10372.28,7558.58
2006-11-29,9115.44,635.5,44.61,2006,11,4,29,Wednesday,48,-0.2332339179686338,8859.983333333334,8979.556666666667,8893.8002,10372.28,7558.58
2006-11-30,9265.85,646.9,44.55,2006,11,4,30,Thursday,48,1.6500574848827831,8883.615333333331,8979.434333333335,8901.38545,10372.28,7558.58
2006-12-01,9210.3,644.7,44.44,2006,12,4,1,Friday,48,-0.5995132664569525,8905.290333333334,8978.116,8909.1243,10372.28,7558.58
2006-12-04,9238.6,645.2,44.54,2006,12,4,4,Monday,49,0.30726469278961055,8923.047,8975.627444444446,8916.4872,10372.28,7558.58
2006-12-05,9188.19,642.3,44.49,2006,12,4,5,Tuesday,49,-0.5456454441149061,8941.852333333334,8972.349888888888,8923.1217,10372.28,7558.58
2006-12-06,9043.92,630.5,44.62,2006,12,4,6,Wednesday,49,-1.5701677914801593,8961.705666666667,8967.67088888889,8928.87815,10372.28,7558.58
2006-12-07,9055.67,631.9,44.57,2006,12,4,7,Thursday,49,0.1299215384479302,8980.77,8961.069777777777,8934.55085,10372.28,7558.58
2006-12-08,8950.61,626.1,44.47,2006,12,4,8,Friday,49,-1.1601571170327452,8993.921,8952.282333333333,8940.109149999998,10372.28,7558.58
2006-12-11,9052.55,630.0,44.69,2006,12,4,11,Monday,50,1.1389167889115814,9006.772,8945.906444444445,8945.586599999999,10372.28,7558.58
2006-12-12,9025.77,627.0,44.77,2006,12,4,12,Tuesday,50,-0.29582824728942025,9019.110333333334,8939.373000000001,8951.11505,10372.28,7558.58
2006-12-13,9030.65,627.9,44.73,2006,12,4,13,Wednesday,50,0.05406740920719244,9029.617,8932.106111111112,8956.31975,10372.28,7558.58
2006-12-14,8999.46,626.6,44.67,2006,12,4,14,Thursday,50,-0.34537934700160644,9039.333333333334,8925.072222222223,8961.20615,10372.28,7558.58
2006-12-15,8793.91,615.0,44.47,2006,12,4,15,Friday,50,-2.284025930444711,9037.004666666668,8914.958777777778,8964.821600000001,10372.28,7558.58
2006-12-18,8827.18,614.0,44.72,2006,12,4,18,Monday,51,0.37833000337734735,9030.851333333334,8908.000444444444,8968.75965,10372.28,7558.58
2006-12-19,8931.45,621.6,44.69,2006,12,4,19,Tuesday,51,1.1812379491525027,9027.573999999999,8902.176555555556,8973.94495,10372.28,7558.58
2006-12-20,8913.49,620.6,44.67,2006,12,4,20,Wednesday,51,-0.20108716949656102,9024.158999999998,8896.84088888889,8979.24135,10372.28,7558.58
2006-12-21,8850.79,618.2,44.53,2006,12,4,21,Thursday,51,-0.703428174598264,9019.071,8891.911666666665,8984.792,10372.28,7558.58
2006-12-22,8818.69,619.1,44.31,2006,12,4,22,Friday,51,-0.3626794896274821,9018.311666666666,8885.534333333333,8989.898000000001,10372.28,7558.58
2006-12-26,8884.22,623.7,44.31,2006,12,4,26,Tuesday,52,0.743080888431269,9011.932333333332,8882.477555555555,8995.73795,10372.28,7558.58
2006-12-27,8925.0,627.2,44.26,2006,12,4,27,Wednesday,52,0.4590160982056002,9008.999333333333,8880.203222222222,9001.39405,10372.28,7558.58
2006-12-28,9026.65,634.1,44.28,2006,12,4,28,Thursday,52,1.1389355742296825,9010.185,8876.81111111111,9007.20315,10372.28,7558.58
2006-12-29,8993.91,635.2,44.04,2006,12,4,29,Friday,52,-0.3627037716096182,9008.546,8873.237555555555,9012.962150000001,10372.28,7558.58
2007-01-02,9010.66,635.2,44.12,2007,1,1,2,Tuesday,1,0.18623713157013277,9007.406333333334,8869.992555555555,9018.48995,10593.7,8413.04
2007-01-03,8893.54,627.1,44.11,2007,1,1,3,Wednesday,1,-1.2997937997882403,9006.096333333333,8866.018333333333,9023.5827,10593.7,8413.04
2007-01-04,8844.94,623.9,44.1,2007,1,1,4,Thursday,1,-0.5464640626792083,9002.714666666667,8861.089222222223,9028.2159,10593.7,8413.04
2007-01-05,8584.34,604.9,44.14,2007,1,1,5,Friday,1,-2.9463173294561718,8989.711666666668,8854.284000000001,9031.79905,10593.7,8413.04
2007-01-08,8643.69,607.5,44.26,2007,1,1,8,Monday,2,0.6913752251192395,8975.565,8849.111555555555,9035.69725,10593.7,8413.04
2007-01-09,8714.5,613.1,44.21,2007,1,1,9,Tuesday,2,0.8192103141135165,8965.721333333333,8843.799666666666,9039.9429,10593.7,8413.04
2007-01-10,8725.63,611.6,44.38,2007,1,1,10,Wednesday,2,0.12771817086463244,8956.545000000002,8836.835222222222,9043.54095,10593.7,8413.04
2007-01-11,8746.88,612.4,44.42,2007,1,1,11,Thursday,2,0.24353542380322057,8943.549333333332,8830.284555555556,9046.6337,10593.7,8413.04
2007-01-12,8899.8,625.5,44.26,2007,1,1,12,Friday,2,1.7482805297431847,8936.361333333334,8826.003999999999,9050.516950000001,10593.7,8413.04
2007-01-16,8860.89,624.6,44.12,2007,1,1,16,Tuesday,3,-0.43720083597383885,8922.862666666666,8819.187222222223,9053.757950000001,10593.7,8413.04
2007-01-17,8946.97,632.1,44.03,2007,1,1,17,Wednesday,3,0.9714599774966137,8914.085,8814.386666666667,9056.560749999999,10593.7,8413.04
2007-01-18,8888.29,627.1,44.08,2007,1,1,18,Thursday,3,-0.6558644993779894,8902.408,8811.641777777779,9059.35675,10593.7,8413.04
2007-01-19,9007.35,635.5,44.08,2007,1,1,19,Friday,3,1.339515249839951,8896.380000000001,8811.219333333333,9062.2012,10593.7,8413.04
2007-01-22,8968.03,633.3,44.04,2007,1,1,22,Monday,4,-0.436532387439148,8893.850333333334,8813.589333333333,9065.027450000001,10593.7,8413.04
2007-01-23,9142.76,645.2,44.08,2007,1,1,23,Tuesday,4,1.9483654715695575,8896.753333333332,8818.34688888889,9068.6289,10593.7,8413.04
2007-01-24,9178.85,647.6,44.08,2007,1,1,24,Wednesday,4,0.3947385690973082,8904.361333333332,8823.521333333334,9072.002700000001,10593.7,8413.04
2007-01-25,9181.69,647.8,44.08,2007,1,1,25,Thursday,4,0.030940695185122102,8908.666,8830.52411111111,9075.7734,10593.7,8413.04
2007-01-26,9120.41,644.5,44.01,2007,1,1,26,Friday,4,-0.66741525797539,8911.820666666667,8837.043666666666,9078.4722,10593.7,8413.04
2007-01-29,9111.97,643.1,44.07,2007,1,1,29,Monday,5,-0.09253969942141227,8914.531333333334,8841.859444444444,9081.22455,10593.7,8413.04
2007-01-30,9107.88,644.2,43.97,2007,1,1,30,Tuesday,5,-0.04488601257467417,8918.145333333332,8848.213111111112,9083.4837,10593.7,8413.04
2007-01-31,9224.45,652.0,44.01,2007,1,1,31,Wednesday,5,1.2798807186743977,8932.496666666668,8855.333777777778,9086.4173,10593.7,8413.04
2007-02-01,9288.16,657.4,43.94,2007,2,1,1,Thursday,5,0.6906644840613652,8947.862666666666,8863.303888888888,9088.3129,10593.7,8413.04
2007-02-02,9127.85,646.2,43.94,2007,2,1,2,Friday,5,-1.7259607930957155,8954.409333333333,8868.247666666666,9089.05505,10593.7,8413.04
2007-02-05,9200.51,650.9,43.97,2007,2,1,5,Monday,6,0.7960253509862625,8963.976666666666,8873.975888888888,9089.1942,10593.7,8413.04
2007-02-06,9257.38,653.6,44.05,2007,2,1,6,Tuesday,6,0.6181179086811373,8977.529666666667,8879.916333333333,9090.5457,10593.7,8413.04
2007-02-07,9230.58,652.3,44.01,2007,2,1,7,Wednesday,6,-0.2894987566676499,8991.259333333332,8884.687111111112,9090.964800000002,10593.7,8413.04
2007-02-08,9319.28,658.0,44.05,2007,2,1,8,Thursday,6,0.9609363658621639,9005.761333333332,8889.189222222221,9092.840149999998,10593.7,8413.04
2007-02-09,9413.7,667.5,43.87,2007,2,1,9,Friday,6,1.013168399275477,9022.051333333333,8896.02988888889,9094.44525,10593.7,8413.04
2007-02-12,9389.11,662.6,44.07,2007,2,1,12,Monday,7,-0.26121503765788034,9034.133333333333,8902.746333333334,9095.16005,10593.7,8413.04
2007-02-13,9383.42,663.9,43.96,2007,2,1,13,Tuesday,7,-0.06060212309793034,9047.117,8912.890222222224,9096.468400000002,10593.7,8413.04
2007-02-14,9414.22,667.4,43.87,2007,2,1,14,Wednesday,7,0.3282385313670311,9060.569,8925.880333333333,9096.4926,10593.7,8413.04
2007-02-15,9443.06,667.3,44.01,2007,2,1,15,Thursday,7,0.3063450822266667,9078.886333333332,8937.801222222222,9096.3986,10593.7,8413.04
2007-02-16,9419.13,668.8,43.81,2007,2,1,16,Friday,7,-0.25341361804330775,9098.026,8949.445,9095.62415,10593.7,8413.04
2007-02-20,9320.26,657.1,44.12,2007,2,1,20,Tuesday,8,-1.0496723158083476,9122.556666666667,8958.72388888889,9094.268900000001,10593.7,8413.04
2007-02-21,9639.38,680.2,44.08,2007,2,1,21,Wednesday,8,3.423938817157457,9155.746333333334,8972.524333333333,9093.813999999998,10593.7,8413.04
2007-02-22,9648.36,679.4,44.17,2007,2,1,22,Thursday,8,0.09315951855826121,9186.875,8986.600555555555,9092.9583,10593.7,8413.04
2007-02-23,9666.64,683.1,44.01,2007,2,1,23,Friday,8,0.18946225057936417,9218.242,9000.307222222222,9092.52155,10593.7,8413.04
2007-02-26,9733.08,686.5,44.1,2007,2,1,26,Monday,9,0.6873122408613597,9251.115333333333,9013.285555555556,9090.85045,10593.7,8413.04
2007-02-27,9699.73,683.9,44.11,2007,2,1,27,Tuesday,9,-0.3426459044824526,9277.779666666667,9024.708111111111,9088.65785,10593.7,8413.04
2007-02-28,9472.99,669.4,44.02,2007,2,1,28,Wednesday,9,-2.3375908401573997,9298.182999999999,9034.887,9084.1614,10593.7,8413.04
2007-03-01,9410.84,662.3,44.2,2007,3,1,1,Thursday,9,-0.6560758535583799,9313.645333333336,9044.340222222223,9080.03295,10593.7,8413.04
2007-03-02,9082.08,641.5,44.03,2007,3,1,2,Friday,9,-3.4934182283409387,9320.105,9048.519999999999,9075.719799999999,10593.7,8413.04
2007-03-05,9112.18,636.7,44.51,2007,3,1,5,Monday,10,0.33142187692687397,9323.599333333334,9053.943888888889,9071.26375,10593.7,8413.04
2007-03-06,9130.58,643.8,44.11,2007,3,1,6,Tuesday,10,0.20192752996537333,9329.017666666665,9061.524555555556,9067.382749999999,10593.7,8413.04
2007-03-07,9294.58,650.6,44.44,2007,3,1,7,Wednesday,10,1.7961619086629854,9334.078333333335,9070.53388888889,9064.257,10593.7,8413.04
2007-03-08,9266.94,653.4,44.11,2007,3,1,8,Thursday,10,-0.29737761146818587,9337.014666666666,9078.432333333334,9062.77515,10593.7,8413.04
2007-03-09,9197.2,650.0,44.01,2007,3,1,9,Friday,10,-0.7525677300165956,9337.531666666668,9084.323222222223,9060.92805,10593.7,8413.04
2007-03-12,9183.52,648.4,44.05,2007,3,1,12,Monday,11,-0.14874092114991466,9339.635333333334,9090.188777777777,9057.7503,10593.7,8413.04
2007-03-13,9164.28,647.6,44.01,2007,3,1,13,Tuesday,11,-0.20950572329564432,9341.378999999999,9095.175777777777,9056.795349999999,10593.7,8413.04
2007-03-14,9114.18,640.9,44.23,2007,3,1,14,Wednesday,11,-0.5466877921669777,9341.589,9099.689222222223,9054.66,10593.7,8413.04
2007-03-15,9165.83,645.7,44.15,2007,3,1,15,Thursday,11,0.5666993629706685,9339.635,9103.045444444444,9052.6136,10593.7,8413.04
2007-03-16,9208.81,652.6,43.89,2007,3,1,16,Friday,11,0.46891552647168044,9336.99,9105.234666666667,9050.21985,10593.7,8413.04
2007-03-19,9243.16,653.1,44.02,2007,3,1,19,Monday,12,0.37301236533275883,9340.833666666667,9107.605666666666,9048.75965,10593.7,8413.04
2007-03-20,9191.37,657.9,43.45,2007,3,1,20,Tuesday,12,-0.5603062156232186,9340.529,9109.554888888888,9048.1865,10593.7,8413.04
2007-03-21,9204.2,659.0,43.44,2007,3,1,21,Wednesday,12,0.13958746084641316,9338.756333333333,9111.785666666667,9047.62915,10593.7,8413.04
2007-03-22,9263.95,663.4,43.43,2007,3,1,22,Thursday,12,0.6491601660111757,9339.868666666667,9116.479888888889,9046.7173,10593.7,8413.04
2007-03-23,9143.15,656.7,43.31,2007,3,1,23,Friday,12,-1.303979404033928,9333.997666666668,9117.230444444443,9046.042800000001,10593.7,8413.04
2007-03-26,9204.44,663.4,43.15,2007,3,1,26,Monday,13,0.6703379032390488,9327.022333333332,9119.357666666667,9045.9432,10593.7,8413.04
2007-03-27,9164.69,662.1,43.05,2007,3,1,27,Tuesday,13,-0.4318567995445721,9319.541666666666,9121.286666666667,9046.96075,10593.7,8413.04
2007-03-28,9233.52,666.5,43.09,2007,3,1,28,Wednesday,13,0.7510346776595789,9314.545,9123.402666666667,9048.29085,10593.7,8413.04
2007-03-29,9267.4,661.5,43.58,2007,3,1,29,Thursday,13,0.3669239899843024,9309.651000000002,9125.875444444446,9049.9326,10593.7,8413.04
2007-03-30,9175.44,663.0,43.04,2007,3,1,30,Friday,13,-0.9922955737315609,9300.730333333335,9128.571,9054.26905,10593.7,8413.04
2007-04-02,9240.42,665.7,43.17,2007,4,2,2,Monday,14,0.7081949203525895,9294.773333333334,9131.838,9059.05365,10593.7,8413.04
2007-04-03,9182.24,664.0,43.01,2007,4,2,3,Tuesday,14,-0.6296250603327613,9290.172666666667,9134.146999999999,9063.2471,10593.7,8413.04
2007-04-04,9250.17,672.1,42.81,2007,4,2,4,Wednesday,14,0.7397976964226727,9277.198999999999,9136.17011111111,9066.8971,10593.7,8413.04
2007-04-05,9254.79,674.2,42.7,2007,4,2,5,Thursday,14,0.0499450280373237,9264.08,9138.892111111112,9071.2748,10593.7,8413.04
2007-04-09,9261.24,671.9,42.87,2007,4,2,9,Monday,15,0.0696936397260206,9250.566666666668,9141.784555555556,9075.051,10593.7,8413.04
2007-04-10,9264.18,676.5,42.59,2007,4,2,10,Tuesday,15,0.03174520906488176,9234.936666666666,9143.200444444445,9078.07935,10593.7,8413.04
2007-04-11,9272.42,676.8,42.61,2007,4,2,11,Wednesday,15,0.08894473121203728,9220.693,9144.944666666666,9081.4646,10593.7,8413.04
2007-04-12,9235.89,675.1,42.55,2007,4,2,12,Thursday,15,-0.3939640352788265,9212.789666666667,9144.611777777776,9084.45175,10593.7,8413.04
2007-04-13,9335.6,685.4,42.37,2007,4,2,13,Friday,15,1.079592762581627,9210.281666666666,9146.004,9087.64695,10593.7,8413.04
2007-04-16,9268.71,690.1,41.78,2007,4,2,16,Monday,16,-0.7165045631775224,9216.502666666667,9146.338555555556,9090.74005,10593.7,8413.04
2007-04-17,9260.45,688.2,41.85,2007,4,2,17,Tuesday,16,-0.08911704001957066,9221.445000000002,9147.141444444444,9094.00005,10593.7,8413.04
2007-04-18,9268.57,689.1,41.83,2007,4,2,18,Wednesday,16,0.08768472374451886,9226.044666666667,9149.637555555555,9096.72805,10593.7,8413.04
2007-04-19,9256.81,684.3,42.08,2007,4,2,19,Thursday,16,-0.12688041413077,9224.785666666667,9151.872444444445,9097.838150000001,10593.7,8413.04
2007-04-20,9237.49,692.0,41.52,2007,4,2,20,Friday,16,-0.2087112082888143,9223.804,9155.06,9097.6893,10593.7,8413.04
2007-04-23,9232.13,690.6,41.58,2007,4,2,23,Monday,17,-0.058024420053504056,9224.968333333332,9157.055333333334,9097.02155,10593.7,8413.04
2007-04-24,9021.84,684.2,41.01,2007,4,2,24,Tuesday,17,-2.2778058801165013,9219.579,9157.011666666665,9095.556,10593.7,8413.04
2007-04-25,8985.55,684.1,40.85,2007,4,2,25,Wednesday,17,-0.40224610500740887,9213.621333333334,9156.510555555555,9094.33365,10593.7,8413.04
2007-04-26,8837.59,674.9,40.73,2007,4,2,26,Thursday,17,-1.6466437780658816,9204.401666666667,9154.712,9090.962699999998,10593.7,8413.04
2007-04-27,8886.48,678.7,40.72,2007,4,2,27,Friday,17,0.5532051158743334,9195.09,9155.740555555556,9087.35325,10593.7,8413.04
2007-04-30,8963.43,680.5,40.97,2007,4,2,30,Monday,18,0.8659221649067073,9186.910666666667,9157.254444444445,9083.6597,10593.7,8413.04
2007-05-01,8914.52,674.4,41.11,2007,5,2,1,Tuesday,18,-0.5456616496140376,9175.956,9157.066333333332,9078.58905,10593.7,8413.04
2007-05-02,8856.93,672.3,40.98,2007,5,2,2,Wednesday,18,-0.6460246878126963,9164.807999999999,9156.437888888888,9074.1574,10593.7,8413.04
2007-05-03,8972.66,681.8,40.93,2007,5,2,3,Thursday,18,1.3066604342588217,9157.09,9157.792,9071.9944,10593.7,8413.04
2007-05-04,8951.37,687.2,40.51,2007,5,2,4,Friday,18,-0.23727634837382716,9146.670666666667,9159.266222222222,9068.481950000001,10593.7,8413.04
2007-05-07,9002.72,688.0,40.7,2007,5,2,7,Monday,19,0.5736552058511535,9141.989666666665,9160.582888888888,9066.011700000001,10593.7,8413.04
2007-05-08,8962.79,685.1,40.69,2007,5,2,8,Tuesday,19,-0.4435326212522295,9133.934666666668,9161.002777777778,9064.4256,10593.7,8413.04
2007-05-09,8883.15,680.3,40.61,2007,5,2,9,Wednesday,19,-0.8885626016006287,9124.55,9159.408333333333,9062.699,10593.7,8413.04
2007-05-10,8813.4,665.1,41.22,2007,5,2,10,Thursday,19,-0.7851944411610745,9110.546,9157.402666666667,9060.3817,10593.7,8413.04
2007-05-11,8769.64,670.6,40.67,2007,5,2,11,Friday,19,-0.49651666780130554,9093.954,9154.724666666667,9057.58515,10593.7,8413.04
2007-05-14,8737.88,668.5,40.65,2007,5,2,14,Monday,20,-0.36215853786473184,9079.368666666667,9152.995111111111,9053.9617,10593.7,8413.04
2007-05-15,8845.38,673.0,40.88,2007,5,2,15,Tuesday,20,1.230275535942349,9066.200666666668,9153.0,9050.77275,10593.7,8413.04
2007-05-16,8651.26,660.2,40.76,2007,5,2,16,Wednesday,20,-2.194591979089633,9048.501333333332,9153.743555555555,9046.7039,10593.7,8413.04
2007-05-17,8550.74,656.2,40.53,2007,5,2,17,Thursday,20,-1.1619116752935477,9025.187000000002,9152.710777777778,9041.20875,10593.7,8413.04
2007-05-18,8565.47,661.0,40.31,2007,5,2,18,Friday,20,0.17226579220044336,9002.209666666666,9151.05488888889,9035.3287,10593.7,8413.04
2007-05-21,8639.11,662.9,40.53,2007,5,2,21,Monday,21,0.8597309896596572,8981.472,9150.093555555555,9030.39235,10593.7,8413.04
2007-05-22,8591.07,659.1,40.54,2007,5,2,22,Tuesday,21,-0.5560757994747201,8959.035,9148.362333333333,9025.2788,10593.7,8413.04
2007-05-23,8616.5,661.9,40.49,2007,5,2,23,Wednesday,21,0.2960050377892376,8937.171,9145.214555555554,9019.93795,10593.7,8413.04
2007-05-24,8501.69,653.0,40.49,2007,5,2,24,Thursday,21,-1.3324435675738378,8912.697666666667,9141.223444444444,9014.28385,10593.7,8413.04
2007-05-25,8470.06,655.1,40.22,2007,5,2,25,Friday,21,-0.37204367602207133,8883.846333333333,9135.924444444445,9008.11355,10593.7,8413.04
2007-05-29,8528.45,657.1,40.37,2007,5,2,29,Tuesday,22,0.6893693787293209,8859.171,9131.926222222222,9003.48865,10593.7,8413.04
2007-05-30,8510.13,653.1,40.53,2007,5,2,30,Wednesday,22,-0.2148104286242125,8834.160333333333,9126.401555555556,8998.7613,10593.7,8413.04
2007-05-31,8616.69,661.0,40.55,2007,5,2,31,Thursday,22,1.252154784944537,8812.431,9122.497777777777,8994.87625,10593.7,8413.04
2007-06-01,8678.22,671.2,40.22,2007,6,2,1,Friday,22,0.7140793042339721,8793.144666666665,9117.336222222222,8991.79525,10593.7,8413.04
2007-06-04,8654.51,670.7,40.13,2007,6,2,4,Monday,23,-0.2732127095187664,8773.712,9111.510222222221,8988.10455,10593.7,8413.04
2007-06-05,8645.69,669.6,40.16,2007,6,2,5,Tuesday,23,-0.10191218220326759,8754.163999999999,9105.554666666667,8985.53635,10593.7,8413.04
2007-06-06,8713.48,669.3,40.49,2007,6,2,6,Wednesday,23,0.7840901073251416,8743.885333333334,9101.033222222222,8983.4553,10593.7,8413.04
2007-06-07,8585.0,660.1,40.45,2007,6,2,7,Thursday,23,-1.4744969862787283,8730.533666666666,9095.178,8979.7206,10593.7,8413.04
2007-06-08,8459.04,645.5,40.76,2007,6,2,8,Friday,23,-1.4672102504368012,8717.915333333334,9087.968666666668,8975.43815,10593.7,8413.04
2007-06-11,8521.56,654.3,40.51,2007,6,2,11,Monday,24,0.7390909606763696,8705.751333333334,9080.158777777777,8971.5324,10593.7,8413.04
2007-06-12,8458.74,648.5,40.57,2007,6,2,12,Tuesday,24,-0.7371889654006925,8688.928333333333,9070.943,8967.57,10593.7,8413.04
2007-06-13,8451.08,648.2,40.55,2007,6,2,13,Wednesday,24,-0.0905572224704887,8673.480333333333,9063.423333333334,8963.3826,10593.7,8413.04
2007-06-14,8496.45,651.6,40.56,2007,6,2,14,Thursday,24,0.5368544612049719,8661.464333333333,9055.600444444444,8959.880799999999,10593.7,8413.04
2007-06-15,8513.86,654.5,40.46,2007,6,2,15,Friday,24,0.20490910909849447,8646.171,9047.33911111111,8956.904050000001,10593.7,8413.04
2007-06-18,8525.92,655.8,40.44,2007,6,2,18,Monday,25,0.14165137787089943,8631.989333333333,9039.509555555556,8953.5708,10593.7,8413.04
2007-06-19,8635.72,660.7,40.65,2007,6,2,19,Tuesday,25,1.2878375588792679,8619.756,9031.914444444445,8949.98725,10593.7,8413.04
2007-06-20,8538.89,656.1,40.48,2007,6,2,20,Wednesday,25,-1.121273038032733,8605.626,9022.194333333333,8945.9995,10593.7,8413.04
2007-06-21,8478.6,650.6,40.53,2007,6,2,21,Thursday,25,-0.7060636686969768,8592.141,9012.077555555556,8941.96725,10593.7,8413.04
2007-06-22,8508.2,653.5,40.49,2007,6,2,22,Friday,25,0.3491142405585901,8581.967666666667,9002.352888888889,8937.136250000001,10593.7,8413.04
2007-06-25,8512.64,651.3,40.65,2007,6,2,25,Monday,26,0.05218495098844311,8573.401,8992.335333333333,8932.80435,10593.7,8413.04
2007-06-26,8413.04,642.1,40.75,2007,6,2,26,Tuesday,26,-1.1700248101646271,8562.573,8980.890666666666,8929.1929,10593.7,8413.04
2007-06-27,8421.21,641.7,40.82,2007,6,2,27,Wednesday,26,0.09711115126040948,8548.434000000001,8969.802666666666,8926.0721,10593.7,8413.04
2007-06-28,8475.67,647.5,40.71,2007,6,2,28,Thursday,26,0.6467004147860056,8542.581,8960.418333333333,8924.6768,10593.7,8413.04
2007-06-29,8445.19,648.1,40.53,2007,6,2,29,Friday,26,-0.3596175877541241,8539.062666666667,8947.149555555556,8923.329850000002,10593.7,8413.04
2007-07-02,8555.07,656.5,40.53,2007,7,3,2,Monday,27,1.3010956532653495,8538.716,8935.00188888889,8922.53945,10593.7,8413.04
2007-07-03,8471.0,652.9,40.35,2007,7,3,3,Tuesday,27,-0.9826921346055562,8533.112333333333,8921.717,8922.13725,10593.7,8413.04
2007-07-05,8420.96,648.4,40.4,2007,7,3,5,Thursday,27,-0.5907212843820231,8527.442000000001,8907.137888888888,8921.5738,10593.7,8413.04
2007-07-06,8458.96,652.7,40.31,2007,7,3,6,Friday,27,0.4512549638046037,8522.190666666667,8893.351555555555,8920.47585,10593.7,8413.04
2007-07-09,8542.85,660.5,40.23,2007,7,3,9,Monday,28,0.9917294797469278,8523.562666666667,8883.016666666666,8920.50985,10593.7,8413.04
2007-07-10,8557.22,662.5,40.17,2007,7,3,10,Tuesday,28,0.16821084298563882,8526.468,8873.532,8920.377999999999,10593.7,8413.04
2007-07-11,8557.46,660.3,40.31,2007,7,3,11,Wednesday,28,0.002804649173437923,8527.435,8867.702888888889,8920.31105,10593.7,8413.04
2007-07-12,8671.27,666.7,40.45,2007,7,3,12,Thursday,28,1.329950709673211,8532.806333333334,8862.803888888888,8920.252849999999,10593.7,8413.04
2007-07-13,8605.19,665.8,40.2,2007,7,3,13,Friday,28,-0.762056769077657,8532.423,8856.966222222223,8919.85395,10593.7,8413.04
2007-07-16,8589.29,665.0,40.17,2007,7,3,16,Monday,29,-0.1847722130481677,8529.458666666666,8849.129666666666,8919.186699999998,10593.7,8413.04
2007-07-17,8610.85,664.7,40.29,2007,7,3,17,Tuesday,29,0.251010269766172,8528.003333333334,8841.83977777778,8918.2349,10593.7,8413.04
2007-07-18,8721.84,672.6,40.33,2007,7,3,18,Wednesday,29,1.2889552134806692,8530.541666666666,8836.557999999999,8917.27365,10593.7,8413.04
2007-07-19,8751.23,677.2,40.19,2007,7,3,19,Thursday,29,0.33697018060407924,8531.8,8831.754777777778,8917.0396,10593.7,8413.04
2007-07-20,8822.64,683.9,40.12,2007,7,3,20,Friday,29,0.8159995794876806,8539.721333333333,8827.958777777778,8917.22965,10593.7,8413.04
2007-07-23,8766.45,680.8,40.05,2007,7,3,23,Monday,30,-0.6368841979271345,8549.968333333332,8824.09511111111,8918.70955,10593.7,8413.04
2007-07-24,8846.74,684.2,40.22,2007,7,3,24,Tuesday,30,0.9158781490797185,8560.807666666666,8820.549666666666,8921.7177,10593.7,8413.04
2007-07-25,8709.05,673.3,40.23,2007,7,3,25,Wednesday,30,-1.5563925242518817,8569.151333333333,8814.996777777777,8923.412049999999,10593.7,8413.04
2007-07-26,8557.43,662.5,40.18,2007,7,3,26,Thursday,30,-1.7409476349314668,8572.696333333333,8807.377555555555,8924.34325,10593.7,8413.04
2007-07-27,8555.69,660.0,40.32,2007,7,3,27,Friday,30,-0.020333207516742835,8574.671,8800.314444444444,8924.6959,10593.7,8413.04
2007-07-30,8637.45,664.1,40.45,2007,7,3,30,Monday,31,0.955621346729485,8578.790666666666,8794.01722222222,8925.89645,10593.7,8413.04
2007-07-31,8661.86,666.9,40.4,2007,7,3,31,Tuesday,31,0.2826065563331648,8583.322,8787.327333333335,8927.29825,10593.7,8413.04
2007-08-01,8613.67,663.6,40.37,2007,8,3,1,Wednesday,31,-0.5563470201550347,8582.587000000001,8781.444222222222,8928.2014,10593.7,8413.04
2007-08-02,8578.78,664.6,40.15,2007,8,3,2,Thursday,31,-0.40505382723042826,8583.916666666666,8774.492444444446,8928.27015,10593.7,8413.04
2007-08-03,8690.71,672.5,40.19,2007,8,3,3,Friday,31,1.3047309757331371,8590.987000000001,8769.225999999999,8928.3652,10593.7,8413.04
2007-08-06,8676.49,671.5,40.19,2007,8,3,6,Monday,32,-0.16362299512927558,8596.596666666666,8763.036777777777,8928.9632,10593.7,8413.04
2007-08-07,8696.77,670.6,40.34,2007,8,3,7,Tuesday,32,0.23373507028765506,8602.734333333334,8756.696444444444,8929.6468,10593.7,8413.04
2007-08-08,8724.58,674.5,40.23,2007,8,3,8,Wednesday,32,0.3197738930660332,8613.119,8751.68688888889,8929.7402,10593.7,8413.04
2007-08-09,8598.3,661.4,40.44,2007,8,3,9,Thursday,32,-1.447404918059103,8619.021999999999,8744.552222222223,8929.61155,10593.7,8413.04
2007-08-10,8706.45,670.3,40.4,2007,8,3,10,Friday,32,1.2578067757580191,8626.714666666667,8739.265666666666,8930.9022,10593.7,8413.04
2007-08-13,8687.9,669.7,40.35,2007,8,3,13,Monday,33,-0.21306043220832294,8634.805,8733.018222222223,8931.923,10593.7,8413.04
2007-08-14,8739.19,668.6,40.65,2007,8,3,14,Tuesday,33,0.5903613071053027,8640.942333333332,8727.289333333334,8932.83855,10593.7,8413.04
2007-08-15,8790.85,668.9,40.88,2007,8,3,15,Wednesday,33,0.5911302992611445,8651.604,8722.062777777777,8933.4577,10593.7,8413.04
2007-08-16,8565.14,648.3,41.09,2007,8,3,16,Thursday,33,-2.567556038380825,8656.41,8714.295666666667,8933.0053,10593.7,8413.04
2007-08-17,8655.95,656.9,40.99,2007,8,3,17,Friday,33,1.0602278538354382,8662.976333333334,8707.446,8932.707799999998,10593.7,8413.04
2007-08-20,8660.71,656.7,41.02,2007,8,3,20,Monday,34,0.05499107550295257,8666.905,8701.055111111113,8932.4715,10593.7,8413.04
2007-08-21,8648.04,656.7,40.96,2007,8,3,21,Tuesday,34,-0.14629285589747854,8669.932333333334,8693.415555555555,8931.392849999998,10593.7,8413.04
2007-08-22,8679.65,659.1,40.96,2007,8,3,22,Wednesday,34,0.36551634821300194,8674.005333333333,8686.870444444445,8929.7322,10593.7,8413.04
2007-08-23,8637.82,658.9,40.78,2007,8,3,23,Thursday,34,-0.48193187513321245,8672.890333333333,8679.952333333335,8927.77245,10593.7,8413.04
2007-08-24,8771.08,668.0,40.84,2007,8,3,24,Friday,34,1.5427503698850042,8678.42,8674.424666666666,8926.548149999999,10593.7,8413.04
2007-08-27,8768.18,666.8,40.9,2007,8,3,27,Monday,35,-0.0330632031631195,8684.383,8668.995444444445,8925.3719,10593.7,8413.04
2007-08-28,8735.13,664.4,40.89,2007,8,3,28,Tuesday,35,-0.3769311305196865,8688.525666666666,8663.413666666667,8924.8402,10593.7,8413.04
2007-08-29,8760.75,666.3,40.9,2007,8,3,29,Wednesday,35,0.29329843974847947,8689.822666666667,8658.17611111111,8923.265949999999,10593.7,8413.04
2007-08-30,8763.97,665.0,40.99,2007,8,3,30,Thursday,35,0.03675484404872531,8690.247333333333,8655.31088888889,8922.020849999999,10593.7,8413.04
2007-08-31,8779.39,673.0,40.58,2007,8,3,31,Friday,35,0.17594765842421367,8688.805666666667,8653.020222222223,8920.9624,10593.7,8413.04
2007-09-04,8934.04,682.5,40.72,2007,9,3,4,Tuesday,36,1.7615119045856442,8694.392,8654.091888888888,8920.4172,10593.7,8413.04
2007-09-05,8949.65,681.7,40.83,2007,9,3,5,Wednesday,36,0.17472498444150997,8697.822333333334,8654.793777777777,8919.9412,10593.7,8413.04
2007-09-06,9074.21,695.6,40.58,2007,9,3,6,Thursday,36,1.3917862709714957,8709.994333333332,8656.024666666666,8920.64805,10593.7,8413.04
2007-09-07,9089.1,700.8,40.34,2007,9,3,7,Friday,36,0.16409141952855588,8727.716666666667,8657.964444444446,8921.361599999998,10593.7,8413.04
2007-09-10,9121.52,703.3,40.34,2007,9,3,10,Monday,37,0.3566909815053254,8746.577666666668,8660.904333333334,8922.09705,10593.7,8413.04
2007-09-11,9240.16,712.2,40.35,2007,9,3,11,Tuesday,37,1.300660416246413,8766.668,8663.876555555556,8922.9574,10593.7,8413.04
2007-09-12,9217.5,711.9,40.27,2007,9,3,12,Wednesday,37,-0.24523384876452559,8785.189333333334,8666.833555555555,8923.995850000001,10593.7,8413.04
2007-09-13,9205.81,709.5,40.36,2007,9,3,13,Thursday,37,-0.12682397613236196,8804.927333333333,8669.090111111112,8925.0203,10593.7,8413.04
2007-09-14,9190.68,709.6,40.28,2007,9,3,14,Friday,37,-0.16435272941760504,8825.323999999999,8671.622222222222,8925.28995,10593.7,8413.04
2007-09-17,9292.16,715.8,40.38,2007,9,3,17,Monday,38,1.1041620424168785,8845.372333333333,8676.166777777778,8926.17355,10593.7,8413.04
2007-09-18,9255.33,715.8,40.22,2007,9,3,18,Tuesday,38,-0.396355637440593,8864.667,8681.07711111111,8926.12095,10593.7,8413.04
2007-09-19,9292.79,722.0,40.03,2007,9,3,19,Wednesday,38,0.4047397553625931,8884.534333333333,8686.889888888889,8926.5334,10593.7,8413.04
2007-09-20,9328.22,732.4,39.62,2007,9,3,20,Thursday,38,0.3812633235013241,8904.655666666666,8693.449222222222,8926.9815,10593.7,8413.04
2007-09-21,9351.93,731.4,39.77,2007,9,3,21,Friday,38,0.25417496585631305,8929.776666666667,8699.077555555556,8927.8002,10593.7,8413.04
2007-09-24,9281.09,732.1,39.43,2007,9,3,24,Monday,39,-0.757490699780694,8948.931333333334,8706.075666666668,8928.98605,10593.7,8413.04
2007-09-25,9328.61,731.6,39.66,2007,9,3,25,Tuesday,39,0.5120088265494704,8970.288333333334,8714.718666666666,8930.35075,10593.7,8413.04
2007-09-26,9280.21,728.3,39.63,2007,9,3,26,Wednesday,39,-0.5188339956328059,8988.322333333334,8722.66022222222,8931.99875,10593.7,8413.04
2007-09-27,9340.99,732.7,39.65,2007,9,3,27,Thursday,39,0.6549420756642332,9006.660333333333,8730.45888888889,8933.44095,10593.7,8413.04
2007-09-28,9451.13,742.8,39.58,2007,9,3,28,Friday,39,1.1791041420663007,9036.193333333333,8740.015111111112,8935.56775,10593.7,8413.04
2007-10-01,9529.45,747.2,39.67,2007,10,4,1,Monday,40,0.8286839774714894,9065.31,8750.159000000001,8938.061749999999,10593.7,8413.04
2007-10-02,9285.25,729.8,39.57,2007,10,4,2,Tuesday,40,-2.5625823106265377,9086.128,8758.865222222223,8939.4907,10593.7,8413.04
2007-10-03,9219.57,729.3,39.32,2007,10,4,3,Wednesday,40,-0.7073584448453185,9105.179,8767.193111111112,8941.619,10593.7,8413.04
2007-10-04,9302.35,737.8,39.22,2007,10,4,4,Thursday,40,0.8978726773591461,9125.935666666666,8775.792,8943.994850000001,10593.7,8413.04
2007-10-05,9391.52,741.3,39.4,2007,10,4,5,Friday,40,0.9585749837406787,9151.059000000001,8785.585222222222,8946.295199999999,10593.7,8413.04
2007-10-08,9271.35,732.8,39.35,2007,10,4,8,Monday,41,-1.2795585805066678,9167.734666666665,8792.859222222223,8948.084499999999,10593.7,8413.04
2007-10-09,9282.85,737.4,39.15,2007,10,4,9,Tuesday,41,0.12403803113893996,9184.890333333333,8799.577333333335,8950.2448,10593.7,8413.04
2007-10-10,9325.37,740.4,39.17,2007,10,4,10,Wednesday,41,0.45804898280161765,9204.565,8807.031333333334,8952.778199999999,10593.7,8413.04
2007-10-11,9477.39,751.3,39.24,2007,10,4,11,Thursday,41,1.6301766042526866,9228.453,8816.272444444445,8955.744050000001,10593.7,8413.04
2007-10-12,9410.65,748.7,39.1,2007,10,4,12,Friday,41,-0.7042023173046585,9250.009,8824.018777777777,8958.1723,10593.7,8413.04
2007-10-15,9550.56,757.1,39.24,2007,10,4,15,Monday,42,1.4867198333802678,9275.714666666667,8834.747222222222,8960.791850000001,10593.7,8413.04
2007-10-16,9529.58,757.0,39.15,2007,10,4,16,Tuesday,42,-0.21967298252667522,9295.566,8846.64211111111,8963.4702,10593.7,8413.04
2007-10-17,9612.84,757.5,39.47,2007,10,4,17,Wednesday,42,0.8737006247914403,9317.672333333332,8858.767444444446,8966.481099999999,10593.7,8413.04
2007-10-18,9717.23,764.1,39.56,2007,10,4,18,Thursday,42,1.085943384057142,9339.106333333333,8872.750666666667,8970.599549999999,10593.7,8413.04
2007-10-19,9690.16,764.0,39.45,2007,10,4,19,Friday,42,-0.27857733119417416,9359.141666666666,8886.518222222221,8974.825649999999,10593.7,8413.04
2007-10-22,9635.24,755.8,39.65,2007,10,4,22,Monday,43,-0.5667605075664439,9376.265666666666,8899.171444444444,8980.08015,10593.7,8413.04
2007-10-23,9618.21,759.0,39.42,2007,10,4,23,Tuesday,43,-0.1767470244643743,9388.867333333334,8911.442000000001,8984.95275,10593.7,8413.04
2007-10-24,9641.36,761.6,39.38,2007,10,4,24,Wednesday,43,0.240689275863204,9402.996000000001,8923.835777777778,8989.58705,10593.7,8413.04
2007-10-25,9737.69,767.3,39.47,2007,10,4,25,Thursday,43,0.9991329024121143,9420.725333333334,8936.079888888888,8994.647350000001,10593.7,8413.04
2007-10-26,9888.38,783.9,39.24,2007,10,4,26,Friday,43,1.547492269727191,9443.982,8951.074222222222,9000.35485,10593.7,8413.04
2007-10-29,9948.9,789.1,39.22,2007,10,4,29,Monday,44,0.6120314955533779,9465.873333333331,8967.41088888889,9005.600349999999,10593.7,8413.04
2007-10-30,9912.34,784.3,39.31,2007,10,4,30,Tuesday,44,-0.36747781161735604,9487.773666666668,8983.012444444445,9010.8576,10593.7,8413.04
2007-10-31,9975.02,792.0,39.17,2007,10,4,31,Wednesday,44,0.6323431197880591,9510.514666666666,8999.261111111111,9015.99785,10593.7,8413.04
2007-11-01,9979.49,790.7,39.26,2007,11,4,1,Thursday,44,0.04481194022667445,9532.223666666667,9016.66611111111,9021.45385,10593.7,8413.04
2007-11-02,10153.01,805.7,39.19,2007,11,4,2,Friday,44,1.7387662094956902,9558.926333333335,9035.908333333333,9027.18215,10593.7,8413.04
2007-11-05,10199.1,808.1,39.26,2007,11,4,5,Monday,45,0.45395404909480686,9589.526666666667,9055.057555555557,9033.3375,10593.7,8413.04
2007-11-06,10348.57,820.8,39.22,2007,11,4,6,Tuesday,45,1.4655214675804773,9623.525333333333,9076.206222222221,9039.36655,10593.7,8413.04
2007-11-07,10454.19,831.0,39.13,2007,11,4,7,Wednesday,45,1.0206241055527476,9662.658,9097.307555555555,9045.74325,10593.7,8413.04
2007-11-08,10539.25,835.2,39.25,2007,11,4,8,Thursday,45,0.8136450552362229,9702.6,9120.288111111111,9052.53105,10593.7,8413.04
2007-11-09,10450.58,832.5,39.04,2007,11,4,9,Friday,45,-0.8413312142704688,9735.915,9142.839444444446,9059.1819,10593.7,8413.04
2007-11-12,10174.22,805.8,39.27,2007,11,4,12,Monday,46,-2.6444465283266605,9757.407333333333,9161.897888888889,9064.49315,10593.7,8413.04
2007-11-13,10086.39,797.2,39.35,2007,11,4,13,Tuesday,46,-0.8632602794120814,9784.112,9179.048333333332,9069.3857,10593.7,8413.04
2007-11-14,10261.99,813.0,39.26,2007,11,4,14,Wednesday,46,1.7409598478742128,9818.859333333332,9197.990222222223,9074.5734,10593.7,8413.04
2007-11-15,9908.3,785.9,39.21,2007,11,4,15,Thursday,46,-3.4466024620955604,9839.057666666666,9212.999555555556,9077.6741,10593.7,8413.04
2007-11-16,9895.93,785.7,39.17,2007,11,4,16,Friday,46,-0.12484482706416333,9855.871333333333,9226.60688888889,9081.514500000001,10593.7,8413.04
2007-11-19,9778.84,776.8,39.15,2007,11,4,19,Monday,47,-1.1832137050282299,9872.787666666667,9239.647444444443,9084.40615,10593.7,8413.04
2007-11-20,9949.04,790.3,39.16,2007,11,4,20,Tuesday,47,1.7404927373799062,9894.994,9254.755777777778,9087.86445,10593.7,8413.04
2007-11-21,10066.32,797.6,39.26,2007,11,4,21,Wednesday,47,1.1788072014988327,9919.692333333332,9270.927666666666,9092.04315,10593.7,8413.04
2007-11-23,10490.91,824.0,39.6,2007,11,4,23,Friday,47,4.217926710058895,9953.476333333334,9290.583999999999,9097.9013,10593.7,8413.04
2007-11-26,10516.37,826.0,39.6,2007,11,4,26,Monday,48,0.24268628746220156,9990.333666666667,9310.196666666667,9103.414649999999,10593.7,8413.04
2007-11-27,10390.12,813.7,39.72,2007,11,4,27,Tuesday,48,-1.2005093012132484,10018.319,9327.61311111111,9108.4197,10593.7,8413.04
2007-11-28,10194.6,800.1,39.63,2007,11,4,28,Wednesday,48,-1.8817876983133974,10040.486333333332,9343.481444444446,9112.4756,10593.7,8413.04
2007-11-29,10118.61,795.3,39.57,2007,11,4,29,Thursday,48,-0.7453946206815387,10057.345333333333,9357.613333333335,9115.99755,10593.7,8413.04
2007-11-30,9922.26,782.2,39.46,2007,11,4,30,Friday,48,-1.9404839202222468,10064.179666666665,9371.093444444445,9118.39355,10593.7,8413.04
2007-12-03,10009.52,788.3,39.49,2007,12,4,3,Monday,49,0.8794367412263027,10074.825,9387.227777777778,9121.345500000001,10593.7,8413.04
2007-12-04,10138.01,801.3,39.35,2007,12,4,4,Tuesday,49,1.2836779386024455,10091.584,9404.80911111111,9125.434249999998,10593.7,8413.04
2007-12-05,10101.73,797.5,39.4,2007,12,4,5,Wednesday,49,-0.3578611581562918,10107.701333333333,9421.07888888889,9127.746000000001,10593.7,8413.04
2007-12-06,10147.05,801.2,39.39,2007,12,4,6,Thursday,49,0.44863602571043604,10124.557666666666,9437.580999999998,9130.23945,10593.7,8413.04
2007-12-07,10052.75,794.4,39.36,2007,12,4,7,Friday,49,-0.9293341414499667,10135.059666666666,9453.570777777777,9132.17,10593.7,8413.04
2007-12-10,10216.91,807.7,39.34,2007,12,4,10,Monday,50,1.6329859988560402,10146.010666666667,9471.772222222222,9134.58915,10593.7,8413.04
2007-12-11,10250.4,811.4,39.29,2007,12,4,11,Tuesday,50,0.32778990908208794,10156.060666666666,9489.102111111111,9137.3425,10593.7,8413.04
2007-12-12,10277.19,813.5,39.29,2007,12,4,12,Wednesday,50,0.2613556544134976,10168.222333333333,9506.887666666667,9141.3635,10593.7,8413.04
2007-12-13,10097.86,799.0,39.31,2007,12,4,13,Thursday,50,-1.7449322236914977,10172.317000000001,9522.455333333333,9144.7986,10593.7,8413.04
2007-12-14,10008.23,793.3,39.24,2007,12,4,14,Friday,50,-0.887613811243182,10173.275,9536.71811111111,9149.42935,10593.7,8413.04
2007-12-17,10061.14,794.8,39.37,2007,12,4,17,Monday,51,0.5286649087800743,10170.212666666666,9552.97188888889,9154.174149999999,10593.7,8413.04
2007-12-18,10164.94,803.0,39.37,2007,12,4,18,Tuesday,51,1.031692233683268,10169.074,9569.177333333333,9159.34595,10593.7,8413.04
2007-12-19,10171.02,801.1,39.49,2007,12,4,19,Wednesday,51,0.05981343716736642,10163.155666666666,9585.656444444445,9163.72815,10593.7,8413.04
2007-12-20,10146.64,799.2,39.49,2007,12,4,20,Thursday,51,-0.2397006396605339,10152.904,9601.294777777777,9168.12665,10593.7,8413.04
2007-12-21,10237.79,811.6,39.24,2007,12,4,21,Friday,51,0.8983269338421529,10142.855333333333,9617.371888888889,9173.3296,10593.7,8413.04
2007-12-24,10257.37,812.8,39.25,2007,12,4,24,Monday,52,0.19125221361251388,10136.415,9636.174444444445,9178.69885,10593.7,8413.04
2007-12-26,10460.6,826.0,39.39,2007,12,4,26,Wednesday,52,1.9813070991881787,10145.961000000001,9656.226111111111,9185.18045,10593.7,8413.04
2007-12-27,10442.11,828.6,39.2,2007,12,4,27,Thursday,52,-0.17675850333632726,10157.818333333333,9676.019444444444,9191.8201,10593.7,8413.04
2007-12-28,10593.7,839.6,39.24,2007,12,4,28,Friday,52,1.4517180914585204,10168.875333333333,9697.637888888888,9198.95945,10593.7,8413.04
2007-12-31,10534.39,834.9,39.24,2007,12,4,31,Monday,1,-0.5598610494916945,10189.745,9718.246111111112,9205.58735,10593.7,8413.04
2008-01-02,10849.06,857.0,39.38,2008,1,1,2,Wednesday,1,2.987073765068504,10221.516000000001,9742.815444444443,9213.61685,13922.43,10723.27
2008-01-03,10961.93,866.4,39.35,2008,1,1,3,Thursday,1,1.0403666308417492,10260.952333333333,9767.158222222222,9222.46965,13922.43,10723.27
2008-01-04,10848.58,863.1,39.1,2008,1,1,4,Friday,1,-1.03403324049689,10290.937000000002,9790.273777777778,9230.69155,13922.43,10723.27
2008-01-07,10837.2,859.6,39.21,2008,1,1,7,Monday,2,-0.10489852128111599,10316.633,9813.630111111112,9238.5578,13922.43,10723.27
2008-01-08,11064.38,878.0,39.2,2008,1,1,8,Tuesday,2,2.096297936736402,10335.748666666665,9839.226,9248.16395,13922.43,10723.27
2008-01-09,11088.09,879.5,39.21,2008,1,1,9,Wednesday,2,0.21429126620742256,10354.806,9865.049555555555,9257.582199999999,13922.43,10723.27
2008-01-10,11242.76,891.7,39.22,2008,1,1,10,Thursday,2,1.3949201350277551,10383.227333333334,9892.420333333333,9267.97255,13922.43,10723.27
2008-01-11,11263.37,896.1,39.1,2008,1,1,11,Friday,2,0.18331797530144467,10418.853000000001,9918.301777777779,9278.1218,13922.43,10723.27
2008-01-14,11367.87,901.6,39.22,2008,1,1,14,Monday,3,0.9277862664548886,10460.494999999999,9945.17088888889,9288.62415,13922.43,10723.27
2008-01-15,11353.06,901.0,39.19,2008,1,1,15,Tuesday,3,-0.13027946308324934,10508.188333333334,9970.491444444444,9299.51225,13922.43,10723.27
2008-01-16,11090.06,880.6,39.17,2008,1,1,16,Wednesday,3,-2.3165560650608708,10544.206333333334,9992.724333333334,9308.76045,13922.43,10723.27
2008-01-17,11081.87,879.5,39.19,2008,1,1,17,Thursday,3,-0.07384991605093871,10575.668333333333,10014.506000000001,9318.2586,13922.43,10723.27
2008-01-18,11124.58,880.8,39.28,2008,1,1,18,Friday,3,0.3854042684131809,10609.763333333334,10035.444,9327.630650000001,13922.43,10723.27
2008-01-22,11243.16,889.6,39.31,2008,1,1,22,Tuesday,4,1.0659278822211737,10646.300333333334,10057.951333333333,9337.5725,13922.43,10723.27
2008-01-23,11199.68,882.5,39.47,2008,1,1,23,Wednesday,4,-0.3867240170912778,10684.531333333334,10080.105444444443,9347.264700000002,13922.43,10723.27
2008-01-24,11461.29,905.5,39.37,2008,1,1,24,Thursday,4,2.3358703105803125,10726.010666666667,10105.334444444445,9358.25025,13922.43,10723.27
2008-01-25,11497.06,910.5,39.28,2008,1,1,25,Friday,4,0.31209401385008384,10767.566,10129.833333333334,9369.37345,13922.43,10723.27
2008-01-28,11712.63,927.1,39.29,2008,1,1,28,Monday,5,1.8750010872344625,10815.414,10157.136666666667,9381.757150000001,13922.43,10723.27
2008-01-29,11662.09,925.1,39.21,2008,1,1,29,Tuesday,5,-0.43150001323356557,10867.554999999998,10183.462222222222,9393.3896,13922.43,10723.27
2008-01-30,11645.91,920.6,39.35,2008,1,1,30,Wednesday,5,-0.13874014006065583,10922.144333333334,10209.214333333333,9405.2756,13922.43,10723.27
2008-01-31,11662.68,922.7,39.31,2008,1,1,31,Thursday,5,0.14399905202771013,10975.529,10234.889333333333,9417.286750000001,13922.43,10723.27
2008-02-01,11473.75,908.7,39.27,2008,2,1,1,Friday,5,-1.619953561274079,11019.155999999999,10259.252222222221,9428.31265,13922.43,10723.27
2008-02-04,11425.48,904.9,39.27,2008,2,1,4,Monday,6,-0.4206994225950611,11060.971333333333,10282.550777777778,9439.155999999999,13922.43,10723.27
2008-02-05,11236.56,885.9,39.45,2008,2,1,5,Tuesday,6,-1.6534972710118057,11097.302,10304.288,9449.15135,13922.43,10723.27
2008-02-06,11448.9,900.7,39.54,2008,2,1,6,Wednesday,6,1.8897242572459838,11137.672333333334,10327.709222222222,9460.235200000001,13922.43,10723.27
2008-02-07,11495.1,906.1,39.46,2008,2,1,7,Thursday,6,0.40353221706890263,11178.929999999998,10350.42,9472.6015,13922.43,10723.27
2008-02-08,11673.59,918.4,39.53,2008,2,1,8,Friday,6,1.55274856243095,11219.363000000001,10374.243777777778,9486.0417,13922.43,10723.27
2008-02-11,11728.12,922.9,39.53,2008,2,1,11,Monday,7,0.46712279598650763,11262.230000000001,10401.386777777778,9500.49435,13922.43,10723.27
2008-02-12,11545.44,907.4,39.58,2008,2,1,12,Tuesday,7,-1.5576238988004976,11293.954666666667,10427.229777777779,9513.789149999999,13922.43,10723.27
2008-02-13,11551.18,906.5,39.63,2008,2,1,13,Wednesday,7,0.04971659806816131,11327.847666666667,10452.216777777778,9526.7279,13922.43,10723.27
2008-02-14,11545.73,907.4,39.58,2008,2,1,14,Thursday,7,-0.04718132692937971,11351.07,10476.152444444446,9539.88395,13922.43,10723.27
2008-02-15,11489.81,902.8,39.58,2008,2,1,15,Friday,7,-0.4843349013011755,11368.666,10500.802,9553.04835,13922.43,10723.27
2008-02-19,11822.5,926.6,39.69,2008,2,1,19,Tuesday,8,2.8955222061983754,11401.13,10529.020333333332,9567.29755,13922.43,10723.27
2008-02-20,12059.49,934.6,40.13,2008,2,1,20,Wednesday,8,2.0045675618523884,11441.873,10559.399444444443,9582.83815,13922.43,10723.27
2008-02-21,12141.26,946.1,39.92,2008,2,1,21,Thursday,8,0.6780552079731494,11477.769,10588.998,9598.53085,13922.43,10723.27
2008-02-22,12141.52,944.7,39.97,2008,2,1,22,Friday,8,0.0021414581353296214,11512.883333333333,10619.341,9614.4245,13922.43,10723.27
2008-02-25,12031.58,937.6,39.91,2008,2,1,25,Monday,9,-0.9054879454961196,11539.177333333333,10646.907888888889,9630.166650000001,13922.43,10723.27
2008-02-26,12110.85,946.1,39.81,2008,2,1,26,Tuesday,9,0.6588494611680318,11567.426666666666,10675.588666666668,9646.6539,13922.43,10723.27
2008-02-27,12227.23,958.2,39.69,2008,2,1,27,Wednesday,9,0.9609564976859497,11596.071999999998,10704.637444444445,9663.941850000001,13922.43,10723.27
2008-02-28,12346.69,964.5,39.82,2008,2,1,28,Thursday,9,0.976999696578873,11629.193,10733.853666666666,9681.9859,13922.43,10723.27
2008-02-29,12473.36,972.1,39.91,2008,2,1,29,Friday,9,1.025942985528916,11675.303000000002,10764.77811111111,9700.1258,13922.43,10723.27
2008-03-03,12702.53,981.5,40.25,2008,3,1,3,Monday,10,1.837275601762478,11729.325,10798.85911111111,9720.38215,13922.43,10723.27
2008-03-04,12460.8,963.9,40.21,2008,3,1,4,Tuesday,10,-1.9030067238573811,11773.865666666667,10830.443444444445,9739.93245,13922.43,10723.27
2008-03-05,12737.99,986.2,40.17,2008,3,1,5,Wednesday,10,2.224496019517219,11823.693333333335,10864.850444444444,9760.79505,13922.43,10723.27
2008-03-06,12552.57,975.0,40.04,2008,3,1,6,Thursday,10,-1.4556456709418075,11868.789666666667,10896.12688888889,9780.36235,13922.43,10723.27
2008-03-07,12577.48,972.2,40.24,2008,3,1,7,Friday,10,0.19844541795026593,11905.996000000001,10926.005777777778,9800.2944,13922.43,10723.27
2008-03-10,12571.11,969.9,40.31,2008,3,1,10,Monday,11,-0.050646075366445054,11941.797666666667,10955.141444444444,9820.06745,13922.43,10723.27
2008-03-11,12583.31,974.2,40.17,2008,3,1,11,Tuesday,11,0.09704791382780797,11970.820333333333,10984.818888888889,9840.47555,13922.43,10723.27
2008-03-12,12581.04,978.8,39.98,2008,3,1,12,Wednesday,11,-0.018039768550548452,12001.452,11013.774666666668,9861.03045,13922.43,10723.27
2008-03-13,12800.82,992.3,40.12,2008,3,1,13,Thursday,11,1.746914404532518,12039.948999999999,11045.122777777779,9882.3923,13922.43,10723.27
2008-03-14,12861.21,998.2,40.08,2008,3,1,14,Friday,11,0.4717666524488129,12079.9,11075.21388888889,9904.1477,13922.43,10723.27
2008-03-17,12998.71,1001.4,40.37,2008,3,1,17,Monday,12,1.06910625050054,12130.731999999998,11106.320666666667,9926.0578,13922.43,10723.27
2008-03-18,12951.11,1003.2,40.15,2008,3,1,18,Tuesday,12,-0.3661901834874248,12181.586333333335,11135.237777777778,9947.422250000001,13922.43,10723.27
2008-03-19,12189.51,944.7,40.13,2008,3,1,19,Wednesday,12,-5.880577031621225,12213.351333333334,11154.51911111111,9965.09725,13922.43,10723.27
2008-03-20,11907.63,919.6,40.28,2008,3,1,20,Thursday,12,-2.3124801571187126,12228.642333333331,11169.723333333333,9981.406949999999,13922.43,10723.27
2008-03-24,11864.22,918.3,40.19,2008,3,1,24,Monday,13,-0.3645561711272505,12240.946333333333,11185.430444444444,9997.16065,13922.43,10723.27
2008-03-25,12034.85,934.6,40.05,2008,3,1,25,Tuesday,13,1.4381897840734625,12252.988333333333,11206.104111111112,10014.4099,13922.43,10723.27
2008-03-26,12221.81,949.0,40.06,2008,3,1,26,Wednesday,13,1.5534884107404778,12269.444666666666,11229.831,10033.22375,13922.43,10723.27
2008-03-27,12185.06,948.8,39.94,2008,3,1,27,Thursday,13,-0.30069195970154894,12290.765333333333,11251.198444444444,10051.54125,13922.43,10723.27
2008-03-28,11852.6,930.6,39.62,2008,3,1,28,Friday,13,-2.7284231673869397,12300.812666666667,11272.801777777777,10068.51055,13922.43,10723.27
2008-03-31,11749.9,916.2,39.89,2008,3,1,31,Monday,14,-0.8664765536675612,12307.618333333334,11293.401444444444,10085.004649999999,13922.43,10723.27
2008-04-01,11322.84,882.9,39.89,2008,4,2,1,Tuesday,14,-3.6345841241201993,12302.052666666666,11310.557,10099.1366,13922.43,10723.27
2008-04-02,11489.51,895.2,39.92,2008,4,2,2,Wednesday,14,1.4719805278534448,12290.953000000001,11327.673333333332,10114.01485,13922.43,10723.27
2008-04-03,11604.81,905.0,39.88,2008,4,2,3,Thursday,14,1.0035240841428372,12275.797,11344.767666666667,10129.409300000001,13922.43,10723.27
2008-04-04,11633.01,909.0,39.81,2008,4,2,4,Friday,14,0.24300268595522923,12258.855333333335,11357.457666666667,10144.395750000001,13922.43,10723.27
2008-04-07,11828.51,922.7,39.87,2008,4,2,7,Monday,15,1.680562468355129,12248.421666666667,11372.037,10160.84385,13922.43,10723.27
2008-04-08,11704.05,914.0,39.83,2008,4,2,8,Tuesday,15,-1.0522035319748713,12237.503999999999,11386.636222222221,10176.9711,13922.43,10723.27
2008-04-09,11951.44,933.6,39.82,2008,4,2,9,Wednesday,15,2.113712774637855,12232.190333333334,11406.156666666666,10194.1873,13922.43,10723.27
2008-04-10,11905.38,928.3,39.89,2008,4,2,10,Thursday,15,-0.38539288989445364,12221.462000000001,11426.009666666667,10211.151,13922.43,10723.27
2008-04-11,11810.95,923.6,39.78,2008,4,2,11,Friday,15,-0.7931708185710873,12203.604,11446.995111111111,10228.14055,13922.43,10723.27
2008-04-14,11861.94,925.4,39.87,2008,4,2,14,Monday,16,0.4317180243756935,12183.223333333332,11467.577555555556,10245.3442,13922.43,10723.27
2008-04-15,11902.74,928.7,39.86,2008,4,2,15,Tuesday,16,0.34395722790705463,12156.563666666667,11487.185666666668,10262.47955,13922.43,10723.27
2008-04-16,12102.3,945.1,39.83,2008,4,2,16,Wednesday,16,1.6765887518336076,12144.613666666668,11509.414222222222,10280.765099999999,13922.43,10723.27
2008-04-17,12047.42,939.8,39.87,2008,4,2,17,Thursday,16,-0.45346752270228885,12121.594666666668,11530.529444444444,10298.226850000001,13922.43,10723.27
2008-04-18,11629.68,912.2,39.65,2008,4,2,18,Friday,16,-3.46746440316682,12090.831666666667,11548.050888888889,10314.02025,13922.43,10723.27
2008-04-21,11709.49,914.7,39.82,2008,4,2,21,Monday,17,0.6862613588680011,12061.898666666666,11564.63511111111,10330.4629,13922.43,10723.27
2008-04-22,11810.04,922.3,39.83,2008,4,2,22,Tuesday,17,0.8587052040695209,12036.529666666667,11581.964444444444,10347.2183,13922.43,10723.27
2008-04-23,11613.21,906.2,39.86,2008,4,2,23,Wednesday,17,-1.6666327971793682,12004.193,11596.809111111112,10362.5701,13922.43,10723.27
2008-04-24,11414.48,886.8,40.03,2008,4,2,24,Thursday,17,-1.7112409058305134,11965.307666666668,11611.438222222223,10376.8564,13922.43,10723.27
2008-04-25,11428.19,887.2,40.06,2008,4,2,25,Friday,17,0.12011059636531929,11919.553333333335,11627.215555555556,10391.21005,13922.43,10723.27
2008-04-28,11491.85,892.9,40.03,2008,4,2,28,Monday,18,0.5570435913298644,11873.908,11643.112333333333,10405.31295,13922.43,10723.27
2008-04-29,11326.78,874.2,40.3,2008,4,2,29,Tuesday,18,-1.4364092813602625,11818.177000000001,11656.021666666666,10418.9209,13922.43,10723.27
2008-04-30,11202.93,862.8,40.39,2008,4,2,30,Wednesday,18,-1.0934263753688223,11759.904333333334,11667.487333333333,10431.9891,13922.43,10723.27
2008-05-01,11022.45,848.9,40.39,2008,5,2,1,Thursday,18,-1.611007120458663,11721.002333333332,11677.218555555555,10444.0471,13922.43,10723.27
2008-05-02,11143.19,856.1,40.49,2008,5,2,2,Friday,18,1.0954007502869123,11695.521,11687.278555555557,10456.15385,13922.43,10723.27
2008-05-05,11363.86,872.3,40.52,2008,5,2,5,Monday,19,1.9803126393788562,11678.842333333334,11699.57288888889,10469.216999999999,13922.43,10723.27
2008-05-06,11455.16,876.0,40.67,2008,5,2,6,Tuesday,19,0.8034241886119675,11659.519333333334,11710.623555555558,10482.3796,13922.43,10723.27
2008-05-07,11551.24,869.6,41.32,2008,5,2,7,Wednesday,19,0.8387486512628328,11637.167,11722.947222222223,10496.30355,13922.43,10723.27
2008-05-08,11806.07,880.6,41.7,2008,5,2,8,Thursday,19,2.2060835027235104,11624.534000000001,11736.418000000001,10511.1002,13922.43,10723.27
2008-05-09,11776.46,884.5,41.41,2008,5,2,9,Friday,19,-0.2508031885292916,11621.996000000001,11750.218777777776,10526.43725,13922.43,10723.27
2008-05-12,11884.85,883.7,41.83,2008,5,2,12,Monday,20,0.9203954329229713,11626.494333333334,11761.727555555555,10543.07435,13922.43,10723.27
2008-05-13,11720.36,868.5,41.97,2008,5,2,13,Tuesday,20,-1.3840309301337395,11639.744999999999,11770.154555555555,10558.8977,13922.43,10723.27
2008-05-14,11787.31,865.4,42.37,2008,5,2,14,Wednesday,20,0.5712281875300596,11649.671666666665,11780.58488888889,10574.647000000003,13922.43,10723.27
2008-05-15,11973.68,879.0,42.37,2008,5,2,15,Thursday,20,1.5811071397969556,11661.967333333334,11793.212444444445,10591.2061,13922.43,10723.27
2008-05-16,12245.26,899.0,42.37,2008,5,2,16,Friday,20,2.2681414569288627,11682.375666666665,11806.333333333334,10609.36405,13922.43,10723.27
2008-05-19,12322.62,905.0,42.35,2008,5,2,19,Monday,21,0.6317546544540642,11698.846,11820.050333333334,10628.083250000001,13922.43,10723.27
2008-05-20,12596.91,919.5,42.61,2008,5,2,20,Tuesday,21,2.2259065036493775,11728.608,11835.096444444447,10647.61425,13922.43,10723.27
2008-05-21,12716.05,928.0,42.62,2008,5,2,21,Wednesday,21,0.9457874986802173,11754.095,11851.237333333334,10667.81205,13922.43,10723.27
2008-05-22,12712.81,917.9,43.08,2008,5,2,22,Thursday,21,-0.025479610413614573,11781.009333333332,11866.181111111111,10687.89225,13922.43,10723.27
2008-05-23,12680.19,925.6,42.61,2008,5,2,23,Friday,21,-0.25659157967434787,11809.984,11880.927000000001,10707.6703,13922.43,10723.27
2008-05-27,12493.62,907.7,42.81,2008,5,2,27,Tuesday,22,-1.4713501927021588,11831.04,11896.522111111111,10727.1469,13922.43,10723.27
2008-05-28,12383.23,900.5,42.77,2008,5,2,28,Wednesday,22,-0.8835709746254583,11847.056333333334,11910.981666666665,10745.530799999999,13922.43,10723.27
2008-05-29,12035.75,877.2,42.68,2008,5,2,29,Thursday,22,-2.80605302493776,11844.838,11921.105777777779,10762.27005,13922.43,10723.27
2008-05-30,12132.96,887.3,42.53,2008,5,2,30,Friday,22,0.8076771285545181,11847.689333333334,11930.992444444442,10779.238900000002,13922.43,10723.27
2008-06-02,12111.64,892.9,42.19,2008,6,2,2,Monday,23,-0.17571969247405228,11863.754666666668,11941.125333333333,10795.842849999999,13922.43,10723.27
2008-06-03,11973.1,881.6,42.24,2008,6,2,3,Tuesday,23,-1.143858304903378,11872.541666666666,11946.812111111109,10812.88265,13922.43,10723.27
2008-06-04,12026.4,879.9,42.51,2008,6,2,4,Wednesday,23,0.4451645772606927,11879.753666666666,11952.693666666668,10829.7349,13922.43,10723.27
2008-06-05,11994.45,871.8,42.79,2008,6,2,5,Thursday,23,-0.26566553582118013,11892.461666666668,11955.825,10846.403600000001,13922.43,10723.27
2008-06-06,12296.98,895.4,42.72,2008,6,2,6,Friday,23,2.5222498738999954,11921.878333333332,11962.879333333332,10864.6483,13922.43,10723.27
2008-06-09,12314.12,894.7,42.81,2008,6,2,9,Monday,24,0.1393838161890315,11951.409333333333,11970.30388888889,10882.820650000001,13922.43,10723.27
2008-06-10,11951.12,867.9,42.83,2008,6,2,10,Tuesday,24,-2.9478354929138306,11966.718333333332,11973.508777777779,10899.387149999999,13922.43,10723.27
2008-06-11,12046.57,879.7,42.59,2008,6,2,11,Wednesday,24,0.7986699154556076,11990.711333333335,11979.873444444445,10915.7646,13922.43,10723.27
2008-06-12,11946.38,869.2,42.75,2008,6,2,12,Thursday,24,-0.8316890201941374,12015.492999999999,11985.661222222223,10931.6556,13922.43,10723.27
2008-06-13,11984.45,870.3,42.83,2008,6,2,13,Friday,24,0.3186739413948203,12047.559666666668,11993.97111111111,10947.902200000002,13922.43,10723.27
2008-06-16,12162.76,883.6,42.81,2008,6,2,16,Monday,25,1.487844665378879,12081.545333333335,12001.90288888889,10964.912250000001,13922.43,10723.27
2008-06-17,12143.4,884.3,42.71,2008,6,2,17,Tuesday,25,-0.15917439791626187,12107.529999999999,12009.106222222223,10981.8094,13922.43,10723.27
2008-06-18,12271.27,890.9,42.84,2008,6,2,18,Wednesday,25,1.0529999835301451,12134.733666666667,12015.747111111112,10999.268799999998,13922.43,10723.27
2008-06-19,12423.51,901.7,42.85,2008,6,2,19,Thursday,25,1.2406213863764615,12163.809333333335,12023.473666666669,11016.71615,13922.43,10723.27
2008-06-20,12402.35,901.3,42.8,2008,6,2,20,Friday,25,-0.1703222358254597,12183.685333333333,12032.994888888888,11033.979650000001,13922.43,10723.27
2008-06-23,12202.32,884.8,42.9,2008,6,2,23,Monday,26,-1.6128395021911213,12197.880666666666,12040.229777777777,11049.6202,13922.43,10723.27
2008-06-24,12249.57,889.2,42.85,2008,6,2,24,Tuesday,26,0.3872214464134771,12210.038,12048.050222222222,11065.42255,13922.43,10723.27
2008-06-25,12077.84,880.0,42.69,2008,6,2,25,Wednesday,26,-1.4019267615108078,12221.954,12054.583888888887,11080.20415,13922.43,10723.27
2008-06-26,12521.27,913.1,42.65,2008,6,2,26,Thursday,26,3.6714346273837073,12246.419333333333,12062.347999999998,11096.609700000003,13922.43,10723.27
2008-06-27,12762.25,929.3,42.72,2008,6,2,27,Friday,26,1.9245651599238744,12272.704999999998,12070.156444444443,11114.333450000002,13922.43,10723.27
2008-06-30,12760.47,926.2,42.85,2008,6,2,30,Monday,27,-0.013947383886070419,12289.878666666667,12077.036555555553,11132.10675,13922.43,10723.27
2008-07-01,12985.04,942.5,42.85,2008,7,3,1,Tuesday,27,1.7598881545899392,12311.959333333332,12086.409000000001,11151.07855,13922.43,10723.27
2008-07-02,13096.31,944.8,43.11,2008,7,3,2,Wednesday,27,0.8569091816428731,12328.606,12098.239333333333,11170.0993,13922.43,10723.27
2008-07-03,12942.36,931.9,43.2,2008,7,3,3,Thursday,27,-1.175521960002468,12336.149666666666,12107.478333333334,11188.534450000001,13922.43,10723.27
2008-07-07,12864.77,927.3,43.15,2008,7,3,7,Monday,28,-0.5995042635191683,12341.215,12114.562111111109,11206.39435,13922.43,10723.27
2008-07-08,12831.64,921.9,43.29,2008,7,3,8,Tuesday,28,-0.25752500822012747,12346.263333333334,12119.950444444445,11223.91145,13922.43,10723.27
2008-07-09,12841.51,927.3,43.07,2008,7,3,9,Wednesday,28,0.076919240253015,12357.859666666667,12124.041,11241.359349999999,13922.43,10723.27
2008-07-10,13035.6,940.9,43.09,2008,7,3,10,Thursday,28,1.511426615717304,12379.605333333333,12127.741777777775,11260.1319,13922.43,10723.27
2008-07-11,13213.08,959.5,42.83,2008,7,3,11,Friday,28,1.3615023474178312,12418.849666666667,12136.100444444444,11279.554250000001,13922.43,10723.27
2008-07-14,13346.38,972.7,42.68,2008,7,3,14,Monday,29,1.0088488073938695,12459.297,12142.860333333336,11299.8851,13922.43,10723.27
2008-07-15,13551.41,977.7,43.11,2008,7,3,15,Tuesday,29,1.5362218069618905,12507.289333333332,12153.958555555555,11320.9372,13922.43,10723.27
2008-07-16,13325.15,961.8,43.09,2008,7,3,16,Wednesday,29,-1.669641756835638,12552.357666666669,12162.266,11340.3073,13922.43,10723.27
2008-07-17,13326.18,970.0,42.73,2008,7,3,17,Thursday,29,0.007729744130458016,12595.683666666668,12170.655666666667,11359.29095,13922.43,10723.27
2008-07-18,13147.08,957.3,42.72,2008,7,3,18,Friday,29,-1.34397104046321,12634.104666666668,12176.919777777777,11378.6001,13922.43,10723.27
2008-07-21,13207.23,963.1,42.65,2008,7,3,21,Monday,30,0.45751604158490444,12664.446333333333,12183.877444444444,11398.538400000001,13922.43,10723.27
2008-07-22,13000.16,948.0,42.65,2008,7,3,22,Tuesday,30,-1.5678533651643844,12687.314333333334,12186.092333333334,11417.02745,13922.43,10723.27
2008-07-23,12454.56,922.4,42.0,2008,7,3,23,Wednesday,30,-4.196871423120951,12704.095666666666,12181.574000000002,11432.342649999999,13922.43,10723.27
2008-07-24,12448.86,922.0,42.0,2008,7,3,24,Thursday,30,-0.04576636990788474,12717.505333333334,12175.464555555556,11448.230199999998,13922.43,10723.27
2008-07-25,12594.98,926.6,42.28,2008,7,3,25,Friday,30,1.1737620954850314,12739.125333333333,12171.507555555554,11464.79085,13922.43,10723.27
2008-07-28,12582.92,927.6,42.19,2008,7,3,28,Monday,31,-0.09575243470016925,12759.074333333332,12175.878777777778,11481.0786,13922.43,10723.27
2008-07-29,12526.46,916.4,42.52,2008,7,3,29,Tuesday,31,-0.4487034805911616,12771.197666666667,12182.754666666668,11496.32395,13922.43,10723.27
2008-07-30,12311.44,902.9,42.41,2008,7,3,30,Wednesday,31,-1.7165264567962413,12776.799,12187.72377777778,11510.8279,13922.43,10723.27
2008-07-31,12468.19,913.9,42.43,2008,7,3,31,Thursday,31,1.2732060587551164,12783.363000000001,12192.538666666667,11525.41605,13922.43,10723.27
2008-08-01,12401.34,909.0,42.43,2008,8,3,1,Friday,31,-0.5361644312446345,12782.624,12194.533444444445,11539.774849999998,13922.43,10723.27
2008-08-04,12279.92,900.1,42.43,2008,8,3,4,Monday,32,-0.9790877437438228,12778.543000000001,12195.587444444443,11553.11025,13922.43,10723.27
2008-08-05,11986.6,878.6,42.43,2008,8,3,5,Tuesday,32,-2.388614909543385,12771.352333333334,12197.076333333334,11564.4571,13922.43,10723.27
2008-08-06,11945.67,875.6,42.43,2008,8,3,6,Wednesday,32,-0.34146463550965844,12761.222333333333,12199.251555555555,11575.734649999999,13922.43,10723.27
2008-08-07,11878.82,870.7,42.43,2008,8,3,7,Thursday,32,-0.5596169992976519,12754.588333333331,12205.429111111112,11586.952550000002,13922.43,10723.27
2008-08-08,11702.83,857.8,42.43,2008,8,3,8,Friday,32,-1.481544463170581,12727.307,12207.799333333332,11597.375650000002,13922.43,10723.27
2008-08-11,11207.59,821.5,42.43,2008,8,3,11,Monday,33,-4.231796924333686,12675.484999999999,12203.385777777778,11605.2068,13922.43,10723.27
2008-08-12,11026.14,808.2,42.43,2008,8,3,12,Tuesday,33,-1.618992129440855,12617.673999999999,12196.642777777779,11611.64905,13922.43,10723.27
2008-08-13,11255.34,825.0,42.43,2008,8,3,13,Wednesday,33,2.0786966245667227,12560.017333333333,12190.274222222222,11618.48385,13922.43,10723.27
2008-08-14,11026.14,808.2,42.43,2008,8,3,14,Thursday,33,-2.0363667379217354,12491.011666666665,12182.74188888889,11623.870050000001,13922.43,10723.27
2008-08-15,10723.27,786.0,42.43,2008,8,3,15,Friday,33,-2.7468361548102838,12417.042,12169.095555555557,11627.9247,13922.43,10723.27
2008-08-18,10910.18,799.7,42.43,2008,8,3,18,Monday,34,1.743031743115675,12351.889,12158.03777777778,11632.6005,13922.43,10723.27
2008-08-19,11065.7,811.1,42.43,2008,8,3,19,Tuesday,34,1.4254576918071082,12293.024333333333,12149.75722222222,11638.03155,13922.43,10723.27
2008-08-20,11054.79,810.3,42.43,2008,8,3,20,Wednesday,34,-0.09859294938413532,12233.466999999999,12140.788888888888,11642.540450000002,13922.43,10723.27
2008-08-21,11364.48,833.0,42.43,2008,8,3,21,Thursday,34,2.8014100674910836,12177.763,12134.808222222222,11648.36735,13922.43,10723.27
2008-08-22,11288.08,827.4,42.43,2008,8,3,22,Friday,34,-0.6722700906684698,12113.596333333331,12125.761333333334,11653.0649,13922.43,10723.27
2008-08-25,11184.4,819.8,42.43,2008,8,3,25,Monday,35,-0.9184910099857557,12041.530333333332,12116.172222222222,11656.71595,13922.43,10723.27
2008-08-26,11545.19,822.2,43.67,2008,8,3,26,Tuesday,35,3.2258324094274204,11974.656333333334,12115.233444444444,11661.745649999999,13922.43,10723.27
2008-08-27,11622.45,828.1,43.65,2008,8,3,27,Wednesday,35,0.66919643591834,11917.899666666666,12114.266333333333,11667.605,13922.43,10723.27
2008-08-28,11660.68,830.9,43.65,2008,8,3,28,Thursday,35,0.32893236796027736,11862.383,12112.606777777779,11675.0373,13922.43,10723.27
2008-08-29,11631.56,829.3,43.62,2008,8,3,29,Friday,35,-0.24972814621446737,11811.865666666668,12112.810666666666,11682.763149999999,13922.43,10723.27
2008-09-02,11454.3,805.0,44.26,2008,9,3,2,Tuesday,36,-1.5239572335954965,11753.434666666666,12113.253111111111,11688.724700000002,13922.43,10723.27
2008-09-03,11327.64,802.7,43.89,2008,9,3,3,Wednesday,36,-1.1057856001676192,11697.684000000001,12112.135888888888,11695.821399999999,13922.43,10723.27
2008-09-04,11386.88,797.9,44.39,2008,9,3,4,Thursday,36,0.5229685971658737,11662.094666666668,12110.969555555555,11703.27615,13922.43,10723.27
2008-09-05,11430.04,797.6,44.57,2008,9,3,5,Friday,36,0.37903271133095107,11628.133999999998,12112.11688888889,11711.53215,13922.43,10723.27
2008-09-08,11326.81,797.5,44.18,2008,9,3,8,Monday,37,-0.9031464456817462,11585.861666666666,12113.493333333336,11718.420999999998,13922.43,10723.27
2008-09-09,11333.47,787.1,44.79,2008,9,3,9,Tuesday,37,0.05879854963577458,11544.213333333335,12116.949111111111,11724.75675,13922.43,10723.27
2008-09-10,10979.54,757.9,45.06,2008,9,3,10,Wednesday,37,-3.1228741065181143,11492.649333333333,12115.130777777778,11727.1999,13922.43,10723.27
2008-09-11,10817.95,741.3,45.39,2008,9,3,11,Thursday,37,-1.4717374316228216,11442.866333333333,12109.065111111113,11728.7078,13922.43,10723.27
2008-09-12,11149.24,760.3,45.61,2008,9,3,12,Friday,37,3.0624101608899945,11398.901333333333,12105.666,11732.503400000001,13922.43,10723.27
2008-09-15,11538.73,783.1,45.83,2008,9,3,15,Monday,38,3.4934219731569183,11370.147666666666,12105.527,11739.22405,13922.43,10723.27
2008-09-16,11656.18,776.5,46.69,2008,9,3,16,Tuesday,38,1.017876317411015,11349.356333333331,12103.861555555553,11746.911900000001,13922.43,10723.27
2008-09-17,12544.33,846.6,46.09,2008,9,3,17,Wednesday,38,7.619563184508138,11367.947333333334,12112.393444444444,11760.022249999998,13922.43,10723.27
2008-09-18,13354.27,892.7,46.53,2008,9,3,18,Thursday,38,6.456622234906129,11414.900666666666,12128.720333333335,11776.746,13922.43,10723.27
2008-09-19,12646.08,860.6,45.71,2008,9,3,19,Friday,38,-5.303097810662816,11440.476,12139.006111111112,11789.28635,13922.43,10723.27
2008-09-22,13148.38,903.9,45.24,2008,9,3,22,Monday,39,3.971981831524074,11488.661,12154.12911111111,11804.5196,13922.43,10723.27
2008-09-23,13031.04,885.5,45.77,2008,9,3,23,Tuesday,39,-0.8924293334996225,11549.442666666668,12165.877555555555,11818.93955,13922.43,10723.27
2008-09-24,13117.71,889.0,45.9,2008,9,3,24,Wednesday,39,0.6651042434064891,11619.161666666669,12175.571444444444,11834.264349999998,13922.43,10723.27
2008-09-25,13028.57,877.7,46.17,2008,9,3,25,Thursday,39,-0.679539340326929,11678.269333333332,12183.415333333334,11848.322650000002,13922.43,10723.27
2008-09-26,13198.86,882.9,46.5,2008,9,3,26,Friday,39,1.3070505819134492,11750.693333333335,12190.103666666664,11863.064949999998,13922.43,10723.27
2008-09-29,13276.67,888.2,46.49,2008,9,3,29,Monday,40,0.5895206101133033,11835.806666666667,12196.332777777778,11878.062349999998,13922.43,10723.27
2008-09-30,13097.75,874.2,46.6,2008,9,3,30,Tuesday,40,-1.347627078175473,11908.725666666667,12200.60988888889,11893.0618,13922.43,10723.27
2008-10-01,13185.51,880.7,46.57,2008,10,4,1,Wednesday,40,0.6700387471130664,11979.386,12206.224555555555,11908.9482,13922.43,10723.27
2008-10-02,12515.88,839.0,46.4,2008,10,4,2,Thursday,40,-5.078529385666542,12028.089000000002,12206.47188888889,11921.221899999999,13922.43,10723.27
2008-10-03,12518.18,828.9,46.97,2008,10,4,3,Friday,40,0.01837665429837987,12066.545666666667,12207.971333333333,11932.9881,13922.43,10723.27
2008-10-06,13192.83,862.7,47.56,2008,10,4,6,Monday,41,5.38936171232558,12130.037333333335,12220.827777777778,11948.097149999998,13922.43,10723.27
2008-10-07,13476.13,878.4,47.72,2008,10,4,7,Tuesday,41,2.147378538190825,12206.428333333333,12235.75188888889,11964.7446,13922.43,10723.27
2008-10-08,13922.43,903.1,47.95,2008,10,4,8,Wednesday,41,3.3117816465112915,12285.669666666667,12255.871777777777,11983.167800000001,13922.43,10723.27
2008-10-09,13511.33,883.1,47.59,2008,10,4,9,Thursday,41,-2.9527891323569255,12348.632333333333,12272.963222222224,11999.4376,13922.43,10723.27
2008-10-10,13317.16,855.4,48.42,2008,10,4,10,Friday,41,-1.4370902050353296,12403.848333333333,12287.305,12013.7204,13922.43,10723.27
2008-10-13,12982.88,838.9,48.14,2008,10,4,13,Monday,42,-2.5101448056492615,12448.892333333333,12298.287555555555,12026.42425,13922.43,10723.27
2008-10-14,12905.53,836.3,48.0,2008,10,4,14,Tuesday,42,-0.5957846024918889,12497.266666666666,12305.049222222222,12037.983400000001,13922.43,10723.27
2008-10-15,13002.52,835.5,48.4,2008,10,4,15,Wednesday,42,0.7515382940491477,12553.096,12312.698111111109,12050.324049999997,13922.43,10723.27
2008-10-16,12537.3,801.5,48.65,2008,10,4,16,Thursday,42,-3.577921818232166,12591.443333333333,12319.211222222222,12058.765250000002,13922.43,10723.27
2008-10-17,12323.67,785.1,48.82,2008,10,4,17,Friday,42,-1.7039553970950583,12621.231,12322.29011111111,12065.57395,13922.43,10723.27
2008-10-20,12330.25,787.6,48.69,2008,10,4,20,Monday,43,0.053393185633821005,12654.679,12326.555333333334,12072.9823,13922.43,10723.27
2008-10-21,12043.66,766.1,48.9,2008,10,4,21,Tuesday,43,-2.3242837736461186,12678.352,12327.213222222224,12079.0146,13922.43,10723.27
2008-10-22,11601.34,733.3,49.21,2008,10,4,22,Wednesday,43,-3.672637719762928,12699.078666666666,12320.975222222223,12081.6994,13922.43,10723.27
2008-10-23,11371.38,713.3,49.58,2008,10,4,23,Thursday,43,-1.9821848165815448,12717.526333333333,12312.397222222222,12083.11585,13922.43,10723.27
2008-10-24,11663.12,729.1,49.76,2008,10,4,24,Friday,43,2.5655637222571137,12734.655666666666,12305.639999999998,12085.217649999999,13922.43,10723.27
2008-10-27,11856.33,741.7,49.72,2008,10,4,27,Monday,44,1.6565893174382174,12745.242333333334,12299.338,12088.18245,13922.43,10723.27
2008-10-28,11686.28,739.3,49.17,2008,10,4,28,Tuesday,44,-1.434254950730951,12746.245666666666,12291.381666666668,12089.7745,13922.43,10723.27
2008-10-29,11975.92,752.8,49.48,2008,10,4,29,Wednesday,44,2.478461922870223,12727.298666666667,12288.86611111111,12092.888799999999,13922.43,10723.27
2008-10-30,11701.67,737.2,49.37,2008,10,4,30,Thursday,44,-2.290011957327709,12672.212,12282.778333333334,12095.94685,13922.43,10723.27
2008-10-31,11385.24,716.8,49.4,2008,10,4,31,Friday,44,-2.7041439384293042,12630.184,12275.08277777778,12097.463699999998,13922.43,10723.27
2008-11-03,11281.62,725.4,48.37,2008,11,4,3,Monday,45,-0.9101257417498343,12567.958666666666,12261.308888888889,12098.2489,13922.43,10723.27
2008-11-04,11582.76,756.0,47.65,2008,11,4,4,Tuesday,45,2.669297494508771,12519.682666666666,12248.203444444445,12099.946899999999,13922.43,10723.27
2008-11-05,11256.24,741.3,47.23,2008,11,4,5,Wednesday,45,-2.8190172290542215,12457.633666666665,12231.489777777779,12100.2297,13922.43,10723.27
2008-11-06,11160.95,731.2,47.48,2008,11,4,6,Thursday,45,-0.8465526676758817,12395.379666666668,12211.22211111111,12098.728000000001,13922.43,10723.27
2008-11-07,11210.1,733.2,47.56,2008,11,4,7,Friday,45,0.44037469928635,12329.087666666666,12190.264222222222,12097.293199999998,13922.43,10723.27
2008-11-10,11336.64,745.6,47.29,2008,11,4,10,Monday,46,1.1288034897101618,12264.42,12172.422888888887,12095.41325,13922.43,10723.27
2008-11-11,11270.35,732.0,47.89,2008,11,4,11,Tuesday,46,-0.5847411578739248,12203.506666666666,12154.707111111113,12093.45455,13922.43,10723.27
2008-11-12,11372.3,717.7,49.28,2008,11,4,12,Wednesday,46,0.9045859267901912,12143.066333333332,12138.492222222223,12092.0865,13922.43,10723.27
2008-11-13,11103.76,704.9,48.99,2008,11,4,13,Thursday,46,-2.3613517054597466,12095.995666666666,12119.183888888889,12089.291900000002,13922.43,10723.27
2008-11-14,11643.87,742.4,48.78,2008,11,4,14,Friday,46,4.864208160118744,12066.852,12103.720222222222,12090.1425,13922.43,10723.27
2008-11-17,11636.74,741.9,48.79,2008,11,4,17,Monday,47,-0.06123393682685441,12014.982333333332,12086.205333333333,12091.198799999998,13922.43,10723.27
2008-11-18,11678.36,732.6,49.58,2008,11,4,18,Tuesday,47,0.3576603069244566,11955.056666666667,12067.671777777778,12093.4078,13922.43,10723.27
2008-11-19,11747.52,735.9,49.65,2008,11,4,19,Wednesday,47,0.5922064399453308,11882.559666666666,12047.628555555557,12094.900899999999,13922.43,10723.27
2008-11-20,12130.53,748.6,50.4,2008,11,4,20,Thursday,47,3.260347715943457,11836.533,12034.355000000001,12098.078050000002,13922.43,10723.27
2008-11-21,12611.81,791.7,49.55,2008,11,4,21,Friday,47,3.967510075816949,11813.021333333334,12026.417555555554,12102.76915,13922.43,10723.27
2008-11-24,13117.88,819.4,49.79,2008,11,4,24,Monday,48,4.012667491819166,11817.521333333332,12026.093111111113,12109.717950000002,13922.43,10723.27
2008-11-25,13046.35,818.4,49.58,2008,11,4,25,Tuesday,48,-0.5452862810149117,11822.215333333334,12024.305555555555,12117.2225,13922.43,10723.27
2008-11-26,12812.11,808.5,49.29,2008,11,4,26,Wednesday,48,-1.7954447029245757,11815.868333333334,12022.21611111111,12123.527150000002,13922.43,10723.27
2008-11-28,13086.6,816.2,49.87,2008,11,4,28,Friday,48,2.142426188972779,11834.178333333333,12029.238777777779,12131.231500000002,13922.43,10723.27
2008-12-01,12498.79,774.6,50.19,2008,12,4,1,Monday,49,-4.491693793651519,11840.015666666668,12029.793555555554,12136.2764,13922.43,10723.27
2008-12-02,12582.54,781.3,50.09,2008,12,4,2,Tuesday,49,0.6700648622786742,11848.425333333334,12029.655333333332,12140.076600000002,13922.43,10723.27
2008-12-03,12321.17,768.8,49.85,2008,12,4,3,Wednesday,49,-2.0772435454208815,11857.675666666668,12026.747,12141.385,13922.43,10723.27
2008-12-04,12174.24,763.8,49.58,2008,12,4,4,Thursday,49,-1.1925003875443707,11876.772333333334,12022.833444444444,12141.5499,13922.43,10723.27
2008-12-05,11959.11,750.5,49.56,2008,12,4,5,Friday,49,-1.7670918266766478,11896.363333333335,12018.918666666666,12140.63785,13922.43,10723.27
2008-12-08,12193.38,767.4,49.42,2008,12,4,8,Monday,50,1.9589250370637856,11914.038666666667,12015.865222222223,12141.44685,13922.43,10723.27
2008-12-09,12141.46,772.4,48.89,2008,12,4,9,Tuesday,50,-0.4258048219607735,11923.543,12012.977666666666,12141.5999,13922.43,10723.27
2008-12-10,12707.93,807.1,48.97,2008,12,4,10,Wednesday,50,4.665583875415313,11957.598,12017.733333333334,12144.003399999998,13922.43,10723.27
2008-12-11,12833.58,824.9,48.39,2008,12,4,11,Thursday,50,0.9887526922165879,11986.186666666666,12027.144222222221,12146.437849999998,13922.43,10723.27
2008-12-12,12698.89,818.9,48.23,2008,12,4,12,Friday,50,-1.0495122950883617,12019.427333333333,12035.513333333332,12147.5655,13922.43,10723.27
2008-12-15,12754.4,835.4,47.49,2008,12,4,15,Monday,51,0.43712481957085547,12065.066,12045.242,12147.824849999999,13922.43,10723.27
2008-12-16,12926.62,841.7,47.77,2008,12,4,16,Tuesday,51,1.3502791193627406,12119.899333333335,12058.839666666667,12150.15395,13922.43,10723.27
2008-12-17,13267.91,867.5,47.57,2008,12,4,17,Wednesday,51,2.640210666051912,12176.071,12081.732111111112,12152.80355,13922.43,10723.27
2008-12-18,12891.72,859.6,46.65,2008,12,4,18,Thursday,51,-2.835337291253859,12230.587000000001,12102.460777777778,12154.4993,13922.43,10723.27
2008-12-19,12648.92,836.4,47.04,2008,12,4,19,Friday,51,-1.8833794094193723,12280.186,12117.945,12154.8565,13922.43,10723.27
2008-12-22,13040.62,846.2,47.93,2008,12,4,22,Monday,52,3.096707070643201,12341.203333333333,12140.328111111112,12157.20405,13922.43,10723.27
2008-12-23,13089.54,837.2,48.63,2008,12,4,23,Tuesday,52,0.3751355380342325,12399.633333333333,12166.619999999997,12159.735200000001,13922.43,10723.27
2008-12-24,13092.35,847.1,48.07,2008,12,4,24,Wednesday,52,0.02146752292286891,12460.366666666667,12190.866333333333,12162.29175,13922.43,10723.27
2008-12-26,13623.45,870.4,48.68,2008,12,4,26,Friday,52,4.056567384770493,12535.405,12219.285777777777,12166.4049,13922.43,10723.27
2008-12-29,13501.91,874.6,48.02,2008,12,4,29,Monday,1,-0.8921381881975665,12615.343333333332,12246.476,12169.608400000001,13922.43,10723.27
2008-12-30,13541.11,869.3,48.45,2008,12,4,30,Tuesday,1,0.2903292941517144,12678.584666666666,12270.660777777777,12172.320399999999,13922.43,10723.27
2008-12-31,13654.49,883.6,48.06,2008,12,4,31,Wednesday,1,0.837302111865279,12745.842999999999,12296.95422222222,12175.8373,13922.43,10723.27
2009-01-02,13631.17,878.8,48.24,2009,1,1,2,Friday,1,-0.17078631278062417,12810.936666666668,12324.140555555554,12183.045600000001,18004.53,12623.05
2009-01-05,13291.72,857.2,48.23,2009,1,1,5,Monday,2,-2.4902484526273305,12862.41,12343.546444444446,12189.966049999999,18004.53,12623.05
2009-01-06,13495.66,865.4,48.51,2009,1,1,6,Tuesday,2,1.5343386709921747,12907.914333333336,12364.35988888889,12198.123249999999,18004.53,12623.05
2009-01-07,13129.15,841.1,48.55,2009,1,1,7,Wednesday,2,-2.7157619560658763,12925.158999999998,12380.67622222222,12203.59475,18004.53,12623.05
2009-01-08,13277.89,853.9,48.37,2009,1,1,8,Thursday,2,1.1328989310046778,12930.492666666667,12398.968777777776,12208.87515,18004.53,12623.05
2009-01-09,13312.4,854.3,48.47,2009,1,1,9,Friday,2,0.25990575309782216,12939.361,12419.614333333333,12214.511849999999,18004.53,12623.05
2009-01-12,12788.91,820.3,48.49,2009,1,1,12,Monday,3,-3.932348787596529,12938.587666666666,12435.850666666667,12219.1934,18004.53,12623.05
2009-01-13,12885.46,820.1,48.87,2009,1,1,13,Tuesday,3,0.7549509692381884,12931.883000000002,12452.501555555556,12224.8712,18004.53,12623.05
2009-01-14,12641.32,808.2,48.65,2009,1,1,14,Wednesday,3,-1.8946937090332794,12936.634,12465.960222222222,12231.463600000001,18004.53,12623.05
2009-01-15,12623.05,806.7,48.67,2009,1,1,15,Thursday,3,-0.1445260463306064,12937.984333333334,12480.362888888889,12237.131300000001,18004.53,12623.05
2009-01-16,13125.88,839.3,48.64,2009,1,1,16,Friday,3,3.9834271432023227,12964.807999999999,12500.278555555557,12244.73665,18004.53,12623.05
2009-01-20,13438.24,854.6,48.91,2009,1,1,20,Tuesday,4,2.379726159312745,13006.941333333332,12527.597444444446,12253.7628,18004.53,12623.05
2009-01-21,13420.8,849.6,49.13,2009,1,1,21,Wednesday,4,-0.1297788996178162,13055.664333333332,12556.517999999998,12261.724250000001,18004.53,12623.05
2009-01-22,13542.31,858.2,49.08,2009,1,1,22,Thursday,4,0.9053856700047769,13100.628666666666,12583.107666666667,12270.91555,18004.53,12623.05
2009-01-23,14109.61,895.3,49.02,2009,1,1,23,Friday,4,4.189093293537072,13166.233666666667,12611.673,12281.7064,18004.53,12623.05
2009-01-26,14157.28,908.5,48.47,2009,1,1,26,Monday,5,0.337854837943774,13214.545333333333,12639.463000000002,12292.965900000001,18004.53,12623.05
2009-01-27,14105.44,899.2,48.79,2009,1,1,27,Tuesday,5,-0.3661720330458973,13256.940666666667,12656.808666666668,12304.43835,18004.53,12623.05
2009-01-28,13931.61,888.1,48.79,2009,1,1,28,Wednesday,5,-1.2323614151703133,13298.031333333334,12663.223555555556,12314.786699999999,18004.53,12623.05
2009-01-29,14221.86,905.1,48.87,2009,1,1,29,Thursday,5,2.0833916539438,13346.946666666665,12680.732222222221,12326.3823,18004.53,12623.05
2009-01-30,14528.95,927.3,48.73,2009,1,1,30,Friday,5,2.159281556702153,13400.357666666667,12696.071888888888,12338.51555,18004.53,12623.05
2009-02-02,14262.16,906.7,48.92,2009,2,1,2,Monday,6,-1.8362648367569623,13433.499333333333,12709.751,12349.58925,18004.53,12623.05
2009-02-03,13976.73,892.0,48.74,2009,2,1,3,Tuesday,6,-2.001309759531522,13469.666333333333,12719.295666666669,12361.324499999999,18004.53,12623.05
2009-02-04,14073.52,901.6,48.55,2009,2,1,4,Wednesday,6,0.6925081903993435,13517.152999999998,12730.906222222224,12373.14465,18004.53,12623.05
2009-02-05,14309.01,913.6,48.72,2009,2,1,5,Thursday,6,1.673284295613331,13559.432666666666,12743.241222222225,12385.6395,18004.53,12623.05
2009-02-06,14130.07,913.9,48.09,2009,2,1,6,Friday,6,-1.250540743210049,13594.117,12752.723444444444,12398.223800000002,18004.53,12623.05
2009-02-09,13925.61,892.4,48.54,2009,2,1,9,Monday,7,-1.4469850467832002,13621.892333333331,12761.921888888888,12410.77945,18004.53,12623.05
2009-02-10,14274.44,913.7,48.59,2009,2,1,10,Tuesday,7,2.5049531043882522,13643.591999999999,12774.02111111111,12425.0107,18004.53,12623.05
2009-02-11,14749.54,943.8,48.61,2009,2,1,11,Wednesday,7,3.32832671544383,13685.179666666667,12798.839555555556,12441.29915,18004.53,12623.05
2009-02-12,14865.38,948.5,48.75,2009,2,1,12,Thursday,7,0.7853804254234209,13729.322000000002,12824.919555555556,12458.99215,18004.53,12623.05
2009-02-13,14759.61,941.5,48.76,2009,2,1,13,Friday,7,-0.7115189789968279,13766.159333333335,12842.328222222222,12476.775549999998,18004.53,12623.05
2009-02-17,15373.88,967.0,49.45,2009,2,1,17,Tuesday,8,4.161830834283542,13824.249666666667,12863.41433333333,12498.5327,18004.53,12623.05
2009-02-18,15683.88,977.7,49.9,2009,2,1,18,Wednesday,8,2.0164070488386754,13903.988333333335,12882.986,12521.23615,18004.53,12623.05
2009-02-19,15565.63,976.1,49.6,2009,2,1,19,Thursday,8,-0.7539588418172039,13972.987333333333,12905.811555555554,12542.245,18004.53,12623.05
2009-02-20,15804.11,1001.8,49.07,2009,2,1,20,Friday,8,1.532093464896711,14062.152666666667,12933.444333333333,12563.989749999999,18004.53,12623.05
2009-02-23,15765.35,994.6,49.3,2009,2,1,23,Monday,9,-0.24525265896023773,14145.068,12964.36066666667,12585.060300000001,18004.53,12623.05
2009-02-24,15508.22,969.1,49.77,2009,2,1,24,Tuesday,9,-1.6309818684647093,14218.261999999999,12993.279444444446,12603.57105,18004.53,12623.05
2009-02-25,15446.98,965.7,49.75,2009,2,1,25,Wednesday,9,-0.39488735651157514,14306.864333333333,13020.440111111113,12621.92365,18004.53,12623.05
2009-02-26,15197.91,941.8,50.19,2009,2,1,26,Thursday,9,-1.6124187381611144,14383.946,13050.002444444444,12638.488949999997,18004.53,12623.05
2009-02-27,15331.71,941.5,50.65,2009,2,1,27,Friday,9,0.880384210723717,14473.625666666665,13083.425111111112,12656.5457,18004.53,12623.05
2009-03-02,15561.49,939.0,51.55,2009,3,1,2,Monday,10,1.4987238866375652,14571.573666666665,13119.327777777778,12675.416599999999,18004.53,12623.05
2009-03-03,15229.63,912.9,51.89,2009,3,1,3,Tuesday,10,-2.1325721380150653,14641.698666666665,13154.727444444445,12691.69635,18004.53,12623.05
2009-03-04,14981.4,906.0,51.43,2009,3,1,4,Wednesday,10,-1.6299148436304756,14693.137333333334,13192.283666666666,12705.37705,18004.53,12623.05
2009-03-05,15406.44,927.0,51.69,2009,3,1,5,Thursday,10,2.837118026352692,14759.325333333334,13237.117666666665,12720.79615,18004.53,12623.05
2009-03-06,15618.32,942.1,51.56,2009,3,1,6,Friday,10,1.3752690433351145,14828.525666666666,13281.064333333334,12735.9032,18004.53,12623.05
2009-03-09,15279.61,917.7,51.79,2009,3,1,9,Monday,11,-2.168671150290169,14867.525666666666,13319.100777777778,12748.720999999998,18004.53,12623.05
2009-03-10,14835.92,895.6,51.52,2009,3,1,10,Tuesday,11,-2.90380448192068,14890.146999999999,13354.096777777777,12759.336549999998,18004.53,12623.05
2009-03-11,14952.88,910.4,51.09,2009,3,1,11,Wednesday,11,0.7883569067506313,14918.394999999999,13387.174111111113,12770.7,18004.53,12623.05
2009-03-12,15331.99,923.7,51.63,2009,3,1,12,Thursday,11,2.535364424779707,14965.074333333332,13427.511,12784.89185,18004.53,12623.05
2009-03-13,15391.99,929.8,51.49,2009,3,1,13,Friday,11,0.3913386324932322,15004.078666666666,13472.030444444445,12799.935650000001,18004.53,12623.05
2009-03-16,15196.99,921.6,51.29,2009,3,1,16,Monday,12,-1.2668927149770748,15026.346666666668,13515.534555555556,12815.74185,18004.53,12623.05
2009-03-17,15113.01,916.4,51.29,2009,3,1,17,Tuesday,12,-0.5526094312097274,15054.708333333332,13554.759555555556,12830.6421,18004.53,12623.05
2009-03-18,14637.61,888.7,51.23,2009,3,1,18,Wednesday,12,-3.145634125829333,15076.737666666666,13592.330333333333,12843.27195,18004.53,12623.05
2009-03-19,15501.76,958.3,50.31,2009,3,1,19,Thursday,12,5.903627709714909,15124.345666666666,13640.561555555556,12860.915249999998,18004.53,12623.05
2009-03-20,15545.52,955.8,50.59,2009,3,1,20,Friday,12,0.2822905270111198,15165.562666666667,13688.732888888888,12878.510849999999,18004.53,12623.05
2009-03-23,15398.41,952.1,50.3,2009,3,1,23,Monday,13,-0.9463176529315276,15207.840666666667,13733.863666666666,12895.530649999999,18004.53,12623.05
2009-03-24,14939.75,923.3,50.33,2009,3,1,24,Tuesday,13,-2.978619221075418,15241.645333333336,13774.634777777777,12908.744499999999,18004.53,12623.05
2009-03-25,15156.29,935.4,50.4,2009,3,1,25,Wednesday,13,1.4494218444083717,15271.040333333334,13816.67911111111,12922.955349999998,18004.53,12623.05
2009-03-26,15208.93,939.6,50.35,2009,3,1,26,Thursday,13,0.3473145472935535,15286.353333333333,13862.292111111112,12939.244400000001,18004.53,12623.05
2009-03-27,15112.05,923.0,50.92,2009,3,1,27,Friday,13,-0.6369941869677986,15294.575666666666,13900.827444444443,12954.5718,18004.53,12623.05
2009-03-30,15002.21,915.5,50.97,2009,3,1,30,Monday,14,-0.7268371928361828,15302.662333333334,13938.221555555556,12969.85095,18004.53,12623.05
2009-03-31,15063.68,922.6,50.78,2009,3,1,31,Tuesday,14,0.4097396316942614,15292.322333333334,13975.836222222222,12985.2471,18004.53,12623.05
2009-04-01,15049.07,926.1,50.54,2009,4,2,1,Wednesday,14,-0.09698825253856569,15271.162,14012.52011111111,12999.67865,18004.53,12623.05
2009-04-02,14657.09,907.4,50.24,2009,4,2,2,Thursday,14,-2.604679226025264,15240.877333333334,14040.592999999999,13012.2471,18004.53,12623.05
2009-04-03,14353.33,895.6,49.85,2009,4,2,3,Friday,14,-2.0724441208998523,15192.518,14059.943222222224,13022.6574,18004.53,12623.05
2009-04-06,13985.02,871.5,49.91,2009,4,2,6,Monday,15,-2.566024748263984,15133.173666666667,14069.578111111112,13030.46495,18004.53,12623.05
2009-04-07,14138.57,882.2,49.85,2009,4,2,7,Tuesday,15,1.0979605320549979,15087.518666666667,14081.71388888889,13039.14605,18004.53,12623.05
2009-04-08,14249.08,884.8,50.09,2009,4,2,8,Wednesday,15,0.7816207721148549,15047.588666666668,14097.680222222221,13049.37985,18004.53,12623.05
2009-04-09,14133.47,882.2,49.83,2009,4,2,9,Thursday,15,-0.8113506275492899,15012.107333333332,14109.312111111109,13058.799350000001,18004.53,12623.05
2009-04-13,14307.84,894.7,49.74,2009,4,2,13,Monday,16,1.233738069985657,14977.978333333334,14129.412666666669,13069.949349999999,18004.53,12623.05
2009-04-14,14245.06,890.9,49.73,2009,4,2,14,Tuesday,16,-0.43878041689032754,14934.097333333335,14147.885111111113,13078.568299999999,18004.53,12623.05
2009-04-15,14236.4,892.8,49.6,2009,4,2,15,Wednesday,16,-0.06079300473287308,14900.989666666666,14169.165444444443,13085.939049999997,18004.53,12623.05
2009-04-16,14065.8,879.3,49.76,2009,4,2,16,Thursday,16,-1.198336658143917,14870.469666666666,14190.182777777778,13092.4657,18004.53,12623.05
2009-04-17,13841.14,867.4,49.63,2009,4,2,17,Friday,16,-1.5972074108831391,14818.293,14211.094222222222,13096.746200000001,18004.53,12623.05
2009-04-20,14273.96,887.0,50.05,2009,4,2,20,Monday,17,3.1270545634246805,14773.481,14234.211777777777,13102.634450000001,18004.53,12623.05
2009-04-21,14255.8,882.1,50.27,2009,4,2,21,Tuesday,17,-0.12722468046708624,14739.354,14257.704444444444,13109.20165,18004.53,12623.05
2009-04-22,14419.16,891.8,50.29,2009,4,2,22,Wednesday,17,1.145919555549324,14725.462,14276.718111111113,13116.973600000001,18004.53,12623.05
2009-04-23,14518.98,905.9,49.85,2009,4,2,23,Thursday,17,0.6922733363108557,14710.998666666668,14295.444777777779,13125.4103,18004.53,12623.05
2009-04-24,14571.6,913.6,49.61,2009,4,2,24,Friday,17,0.36242215362236596,14685.652333333333,14316.252666666667,13134.060750000002,18004.53,12623.05
2009-04-27,14611.87,907.4,50.09,2009,4,2,27,Monday,18,0.27635949380988567,14659.648333333334,14336.891222222222,13141.9421,18004.53,12623.05
2009-04-28,14477.23,892.8,50.44,2009,4,2,28,Tuesday,18,-0.9214426353368999,14635.65633333333,14354.120222222224,13148.26285,18004.53,12623.05
2009-04-29,14427.29,899.8,49.87,2009,4,2,29,Wednesday,18,-0.34495549217632426,14612.799,14367.002222222221,13153.6674,18004.53,12623.05
2009-04-30,14085.79,890.7,49.19,2009,4,2,30,Thursday,18,-2.367041904612721,14594.404999999999,14380.269666666667,13156.3393,18004.53,12623.05
2009-05-01,14037.91,887.6,49.19,2009,5,2,1,Friday,18,-0.33991703695711584,14545.609999999999,14395.702888888889,13159.903100000001,18004.53,12623.05
2009-05-04,14380.5,901.6,49.61,2009,5,2,4,Monday,19,2.4404630033957986,14506.776000000002,14410.590444444444,13165.1747,18004.53,12623.05
2009-05-05,14327.12,903.7,49.31,2009,5,2,5,Tuesday,19,-0.37119710719376586,14471.066333333332,14424.341333333334,13171.0749,18004.53,12623.05
2009-05-06,14434.05,910.5,49.31,2009,5,2,6,Wednesday,19,0.7463467884682995,14454.209666666666,14439.24911111111,13177.208999999999,18004.53,12623.05
2009-05-07,14470.67,915.0,49.19,2009,5,2,7,Thursday,19,0.2537056474101185,14431.355666666666,14448.662666666669,13184.56155,18004.53,12623.05
2009-05-08,14449.42,914.4,49.15,2009,5,2,8,Friday,19,-0.14684876374072564,14406.038666666667,14459.190555555555,13194.53585,18004.53,12623.05
2009-05-11,14469.27,913.0,49.29,2009,5,2,11,Monday,20,0.13737575625873966,14384.612666666666,14469.503444444445,13204.6379,18004.53,12623.05
2009-05-12,14629.74,923.5,49.27,2009,5,2,12,Tuesday,20,1.1090400552342894,14372.196999999998,14480.339555555556,13214.811700000002,18004.53,12623.05
2009-05-13,14738.19,925.5,49.53,2009,5,2,13,Wednesday,20,0.7412982048895067,14361.347333333333,14492.639777777778,13225.588049999998,18004.53,12623.05
2009-05-14,14844.84,928.0,49.76,2009,5,2,14,Thursday,20,0.7236302422481966,14354.539666666667,14509.896666666666,13237.179949999998,18004.53,12623.05
2009-05-15,14788.57,930.9,49.41,2009,5,2,15,Friday,20,-0.37905427070955566,14358.922333333332,14524.262333333332,13249.5656,18004.53,12623.05
2009-05-18,14095.79,921.3,47.59,2009,5,2,18,Monday,21,-4.684563821924625,14350.337666666666,14535.002777777778,13257.7036,18004.53,12623.05
2009-05-19,14125.23,926.3,47.43,2009,5,2,19,Tuesday,21,0.20885668699659465,14355.011333333332,14544.417666666664,13266.32305,18004.53,12623.05
2009-05-20,14227.54,937.0,47.23,2009,5,2,20,Wednesday,21,0.7243067900487343,14357.977,14554.585888888889,13276.06115,18004.53,12623.05
2009-05-21,14438.0,950.8,47.23,2009,5,2,21,Thursday,21,1.479243776506678,14364.274333333333,14572.909111111108,13288.31815,18004.53,12623.05
2009-05-22,14528.42,958.5,47.15,2009,5,2,22,Friday,21,0.6262640254882879,14377.439333333334,14591.164222222222,13301.231900000002,18004.53,12623.05
2009-05-26,14563.02,953.1,47.53,2009,5,2,26,Tuesday,22,0.23815390799550862,14385.945333333333,14612.516444444444,13314.652900000001,18004.53,12623.05
2009-05-27,14559.64,953.2,47.51,2009,5,2,27,Wednesday,22,-0.023209471661789216,14396.431333333334,14634.034111111112,13328.936949999998,18004.53,12623.05
2009-05-28,14688.27,961.5,47.51,2009,5,2,28,Thursday,22,0.8834696462275193,14411.493666666667,14651.394,13346.340349999999,18004.53,12623.05
2009-05-29,14780.73,978.8,46.97,2009,5,2,29,Friday,22,0.6294818926939616,14435.32466666667,14666.310555555556,13365.113299999999,18004.53,12623.05
2009-06-01,14756.32,978.6,46.9,2009,6,2,1,Monday,23,-0.16514745888734916,14465.830666666667,14681.149666666668,13382.6182,18004.53,12623.05
2009-06-02,14835.17,983.2,46.93,2009,6,2,2,Tuesday,23,0.5343473169462376,14484.537666666667,14695.514777777778,13401.663349999999,18004.53,12623.05
2009-06-03,14540.6,964.5,46.89,2009,6,2,3,Wednesday,23,-1.985619308710318,14494.030999999999,14700.303555555556,13420.75,18004.53,12623.05
2009-06-04,14867.77,981.2,47.13,2009,6,2,4,Thursday,23,2.250044702419429,14508.984666666667,14708.197888888886,13440.537950000002,18004.53,12623.05
2009-06-05,14521.89,961.7,46.97,2009,6,2,5,Friday,23,-2.3263744327495006,14509.081666666667,14712.825111111111,13457.818899999998,18004.53,12623.05
2009-06-08,14477.98,951.7,47.32,2009,6,2,8,Monday,24,-0.30237111009654427,14505.961000000001,14718.895888888888,13474.934849999998,18004.53,12623.05
2009-06-09,14493.34,954.0,47.25,2009,6,2,9,Tuesday,24,0.10609214821404311,14502.01,14721.912333333334,13490.57915,18004.53,12623.05
2009-06-10,14461.75,954.0,47.15,2009,6,2,10,Wednesday,24,-0.2179621812501531,14501.493999999999,14721.165666666668,13506.4475,18004.53,12623.05
2009-06-11,14638.86,961.3,47.37,2009,6,2,11,Thursday,24,1.2246788943246933,14508.546333333334,14725.351222222222,13523.719799999999,18004.53,12623.05
2009-06-12,14299.09,940.1,47.31,2009,6,2,12,Friday,24,-2.321014068035354,14515.656333333334,14728.932999999999,13537.4893,18004.53,12623.05
2009-06-15,14248.22,926.9,47.81,2009,6,2,15,Monday,25,-0.35575690481003397,14522.666666666666,14730.87411111111,13550.61815,18004.53,12623.05
2009-06-16,14285.42,931.6,47.69,2009,6,2,16,Tuesday,25,0.261085244332282,14519.497333333333,14730.611999999997,13563.74185,18004.53,12623.05
2009-06-17,14433.91,935.4,47.99,2009,6,2,17,Wednesday,25,1.0394514126990995,14523.056999999999,14733.988000000001,13577.753600000002,18004.53,12623.05
2009-06-18,14401.2,934.0,47.96,2009,6,2,18,Thursday,25,-0.22661912122217132,14521.962,14739.272333333334,13592.488099999999,18004.53,12623.05
2009-06-19,14470.99,935.6,48.11,2009,6,2,19,Friday,25,0.4846123934116431,14521.972666666667,14741.456222222223,13608.204850000002,18004.53,12623.05
2009-06-22,14286.34,920.6,48.27,2009,6,2,22,Monday,26,-1.2760011581792186,14516.536666666665,14736.309555555554,13622.702150000001,18004.53,12623.05
2009-06-23,14433.79,923.9,48.59,2009,6,2,23,Tuesday,26,1.0321047938100403,14515.354,14731.514111111112,13637.7209,18004.53,12623.05
2009-06-24,14520.77,934.1,48.35,2009,6,2,24,Wednesday,26,0.6026137279259158,14511.721666666668,14728.860333333332,13653.690700000001,18004.53,12623.05
2009-06-25,14646.8,939.1,48.51,2009,6,2,25,Thursday,26,0.8679291800641309,14508.675333333334,14720.781666666668,13670.257349999998,18004.53,12623.05
2009-06-26,14528.1,940.7,48.04,2009,6,2,26,Friday,26,-0.8104159270284184,14498.117333333334,14707.939666666667,13688.00015,18004.53,12623.05
2009-06-29,14521.35,940.4,48.03,2009,6,2,29,Monday,27,-0.04646168459743194,14489.21,14696.336555555556,13706.517150000001,18004.53,12623.05
2009-06-30,14248.01,927.1,47.8,2009,6,2,30,Tuesday,27,-1.8823318768571795,14494.284000000001,14679.046555555555,13722.010999999999,18004.53,12623.05
2009-07-01,14477.06,941.0,47.85,2009,7,3,1,Wednesday,27,1.6075929199937278,14506.011666666667,14664.732222222221,13736.70265,18004.53,12623.05
2009-07-02,14320.69,930.7,47.86,2009,7,3,2,Thursday,27,-1.0801226215820026,14509.116666666667,14651.537444444442,13750.025199999998,18004.53,12623.05
2009-07-06,14389.9,924.0,48.44,2009,7,3,6,Monday,28,0.4832867690034437,14507.513333333332,14639.792111111112,13759.253050000001,18004.53,12623.05
2009-07-07,14366.71,928.8,48.11,2009,7,3,7,Tuesday,28,-0.16115469878178468,14502.123,14630.556555555557,13764.315250000001,18004.53,12623.05
2009-07-08,14272.62,909.0,48.84,2009,7,3,8,Wednesday,28,-0.6549168181163134,14492.443,14618.788888888888,13772.447950000002,18004.53,12623.05
2009-07-09,14338.55,915.9,48.69,2009,7,3,9,Thursday,28,0.46193340816191863,14485.073333333332,14605.200666666668,13778.3988,18004.53,12623.05
2009-07-10,14332.83,912.2,48.87,2009,7,3,10,Friday,28,-0.0398924577450277,14473.225333333334,14595.236222222222,13784.907750000002,18004.53,12623.05
2009-07-13,14624.57,922.2,49.33,2009,7,3,13,Monday,29,2.0354668268583342,14468.019999999999,14591.271444444445,13792.442050000001,18004.53,12623.05
2009-07-14,14458.19,922.5,48.75,2009,7,3,14,Tuesday,29,-1.1376744752153334,14458.082333333334,14580.735333333336,13799.590149999998,18004.53,12623.05
2009-07-15,14579.77,939.1,48.29,2009,7,3,15,Wednesday,29,0.8409074718204623,14449.569,14569.19588888889,13806.4947,18004.53,12623.05
2009-07-16,14572.39,935.1,48.47,2009,7,3,16,Thursday,29,-0.05061808245261368,14450.628666666666,14561.337888888887,13812.973300000001,18004.53,12623.05
2009-07-17,14654.83,937.2,48.64,2009,7,3,17,Friday,29,0.5657273789680284,14443.530666666666,14559.325777777778,13820.7587,18004.53,12623.05
2009-07-20,14689.12,948.5,48.17,2009,7,3,20,Monday,30,0.23398429050354164,14449.105,14556.39511111111,13828.27675,18004.53,12623.05
2009-07-21,14716.0,946.6,48.35,2009,7,3,21,Tuesday,30,0.1829925822649736,14457.038999999999,14549.550777777777,13839.27735,18004.53,12623.05
2009-07-22,14843.37,953.0,48.44,2009,7,3,22,Wednesday,30,0.8655205218809581,14468.706666666667,14543.455,13850.903299999998,18004.53,12623.05
2009-07-23,14844.64,954.5,48.37,2009,7,3,23,Thursday,30,0.008556008507487611,14481.469666666668,14539.539999999999,13859.16235,18004.53,12623.05
2009-07-24,14743.76,952.8,48.13,2009,7,3,24,Friday,30,-0.6795718858793376,14484.966333333334,14535.437222222221,13865.500499999998,18004.53,12623.05
2009-07-27,14739.85,953.3,48.09,2009,7,3,27,Monday,31,-0.026519693755189255,14499.658333333333,14536.573222222223,13869.5876,18004.53,12623.05
2009-07-28,14531.13,939.0,48.13,2009,7,3,28,Tuesday,31,-1.416025264843268,14509.088666666667,14525.788444444444,13874.6866,18004.53,12623.05
2009-07-29,14425.73,927.2,48.39,2009,7,3,29,Wednesday,31,-0.7253393232322547,14513.765666666666,14513.346333333333,13880.22945,18004.53,12623.05
2009-07-30,14510.36,934.9,48.28,2009,7,3,30,Thursday,31,0.5866600858327464,14516.314000000002,14503.479111111112,13887.86685,18004.53,12623.05
2009-07-31,14603.15,953.7,47.63,2009,7,3,31,Friday,31,0.6394741412342642,14523.045666666667,14499.739111111112,13896.354949999999,18004.53,12623.05
2009-08-03,14644.48,956.6,47.62,2009,8,3,3,Monday,32,0.2830211290029805,14528.828666666668,14494.052333333333,13904.564750000001,18004.53,12623.05
2009-08-04,14765.94,967.5,47.47,2009,8,3,4,Tuesday,32,0.829391006030944,14544.815333333334,14489.130222222222,13915.70795,18004.53,12623.05
2009-08-05,14746.57,964.2,47.57,2009,8,3,5,Wednesday,32,-0.1311802702706366,14555.241333333333,14485.069333333333,13927.822450000001,18004.53,12623.05
2009-08-06,14706.63,960.7,47.61,2009,8,3,6,Thursday,32,-0.2708426434079314,14561.436666666666,14481.785111111112,13939.70435,18004.53,12623.05
2009-08-07,14733.07,957.3,47.87,2009,8,3,7,Friday,32,0.1797828598394169,14564.312333333333,14478.111666666668,13953.151399999999,18004.53,12623.05
2009-08-10,14494.55,945.0,47.71,2009,8,3,10,Monday,33,-1.618942963007708,14563.193999999998,14471.950333333334,13967.617450000002,18004.53,12623.05
2009-08-11,14569.76,945.8,47.91,2009,8,3,11,Tuesday,33,0.5188846842433925,14564.807666666666,14470.98,13983.60935,18004.53,12623.05
2009-08-12,14759.26,950.7,48.29,2009,8,3,12,Wednesday,33,1.3006391320104171,14581.849333333334,14475.490333333331,13999.09005,18004.53,12623.05
2009-08-13,14749.84,954.7,48.05,2009,8,3,13,Thursday,33,-0.06382433807656795,14590.942000000001,14483.988333333333,14013.5576,18004.53,12623.05
2009-08-14,14678.37,947.0,48.21,2009,8,3,14,Friday,33,-0.4845476289912276,14602.864666666666,14489.986111111111,14028.518050000002,18004.53,12623.05
2009-08-17,14589.96,934.3,48.57,2009,8,3,17,Monday,34,-0.6023148346853358,14609.533333333333,14493.773666666668,14041.588250000003,18004.53,12623.05
2009-08-18,14678.63,937.7,48.69,2009,8,3,18,Tuesday,34,0.6077466970437317,14619.930666666665,14499.831,14056.473049999999,18004.53,12623.05
2009-08-19,14760.83,943.3,48.67,2009,8,3,19,Wednesday,34,0.5599977654590527,14636.204333333333,14504.864222222222,14073.351,18004.53,12623.05
2009-08-20,14697.26,940.3,48.62,2009,8,3,20,Thursday,34,-0.4306668391953594,14648.161333333333,14509.888666666666,14090.429199999999,18004.53,12623.05
2009-08-21,14842.81,953.2,48.43,2009,8,3,21,Friday,34,0.9903206448004465,14665.160666666667,14516.626555555555,14106.72945,18004.53,12623.05
2009-08-24,14665.81,942.3,48.41,2009,8,3,24,Monday,35,-1.1924965690458866,14666.535333333333,14523.293333333333,14123.7773,18004.53,12623.05
2009-08-25,14780.22,944.5,48.67,2009,8,3,25,Tuesday,35,0.7801137475529796,14677.269666666665,14533.727555555555,14141.87365,18004.53,12623.05
2009-08-26,14807.75,944.3,48.77,2009,8,3,26,Wednesday,35,0.18626245076189818,14684.868999999999,14539.658555555556,14159.861900000002,18004.53,12623.05
2009-08-27,14861.53,945.5,48.89,2009,8,3,27,Thursday,35,0.36318819537066727,14694.507000000001,14546.388888888889,14177.48635,18004.53,12623.05
2009-08-28,14931.21,957.0,48.53,2009,8,3,28,Friday,35,0.46886155059404633,14703.719666666668,14552.078333333331,14195.790649999999,18004.53,12623.05
2009-08-31,14916.45,951.7,48.75,2009,8,3,31,Monday,36,-0.09885334142375468,14711.297333333332,14556.494666666667,14213.511400000001,18004.53,12623.05
2009-09-01,14981.27,954.7,48.81,2009,9,3,1,Tuesday,36,0.4345537979881353,14720.139666666666,14561.046555555558,14232.89895,18004.53,12623.05
2009-09-02,15351.3,976.6,48.89,2009,9,3,2,Wednesday,36,2.4699508119138125,14737.070666666667,14569.262444444443,14251.4361,18004.53,12623.05
2009-09-03,15634.22,995.8,48.83,2009,9,3,3,Thursday,36,1.8429709536000205,14763.390000000001,14582.117888888888,14271.4235,18004.53,12623.05
2009-09-04,15615.29,994.9,48.82,2009,9,3,4,Friday,36,-0.12108055278740038,14792.440999999999,14595.317888888887,14291.108150000002,18004.53,12623.05
2009-09-08,15544.31,997.9,48.45,2009,9,3,8,Tuesday,37,-0.45455447833502305,14819.256333333333,14611.523666666666,14310.0921,18004.53,12623.05
2009-09-09,15500.61,995.3,48.44,2009,9,3,9,Wednesday,37,-0.28113180964609574,14851.572333333334,14627.77588888889,14326.9425,18004.53,12623.05
2009-09-10,15545.06,995.4,48.57,2009,9,3,10,Thursday,37,0.2867629080403944,14888.883333333331,14640.715444444444,14341.60875,18004.53,12623.05
2009-09-11,15635.26,1004.9,48.39,2009,9,3,11,Friday,37,0.5802486449071331,14926.38,14655.250333333333,14354.19565,18004.53,12623.05
2009-09-14,15635.26,999.9,48.64,2009,9,3,14,Monday,38,0.0,14960.783666666666,14668.59711111111,14367.1402,18004.53,12623.05
2009-09-15,15661.7,1005.0,48.47,2009,9,3,15,Tuesday,38,0.16910495891977462,14994.690999999999,14681.830777777775,14381.388149999999,18004.53,12623.05
2009-09-16,15771.85,1018.9,48.15,2009,9,3,16,Wednesday,38,0.7033080700051597,15028.221333333331,14696.524444444443,14394.8144,18004.53,12623.05
2009-09-17,15628.67,1012.3,48.02,2009,9,3,17,Thursday,38,-0.9078199450286428,15057.624666666667,14709.406666666666,14410.4638,18004.53,12623.05
2009-09-18,15586.65,1009.2,48.04,2009,9,3,18,Friday,38,-0.268864849024264,15086.958666666667,14720.039,14425.484349999999,18004.53,12623.05
2009-09-21,15486.22,1003.7,47.99,2009,9,3,21,Monday,39,-0.644333452024648,15112.063666666667,14728.350444444444,14441.3096,18004.53,12623.05
2009-09-22,15668.77,1014.2,48.05,2009,9,3,22,Tuesday,39,1.1787899177462258,15151.204333333333,14737.505222222222,14458.78225,18004.53,12623.05
2009-09-23,15617.01,1013.0,47.95,2009,9,3,23,Wednesday,39,-0.3303386290053445,15186.112666666666,14746.710111111113,14477.071750000001,18004.53,12623.05
2009-09-24,15364.26,997.5,47.91,2009,9,3,24,Thursday,39,-1.6184275991370956,15206.279333333334,14760.804222222223,14492.92615,18004.53,12623.05
2009-09-25,15261.37,990.2,47.94,2009,9,3,25,Friday,39,-0.6696710417553375,15223.330333333333,14773.428,14508.5257,18004.53,12623.05
2009-09-28,15235.55,992.5,47.75,2009,9,3,28,Monday,40,-0.16918533526152357,15241.902999999998,14784.628111111111,14521.163800000002,18004.53,12623.05
2009-09-29,15347.58,993.1,48.07,2009,9,3,29,Tuesday,40,0.735319696368042,15267.157000000001,14794.734555555557,14533.733800000002,18004.53,12623.05
2009-09-30,15494.23,1008.0,47.81,2009,9,3,30,Wednesday,40,0.9555252359003896,15294.343666666666,14805.465777777777,14547.710500000001,18004.53,12623.05
2009-10-01,15340.44,999.5,47.74,2009,10,4,1,Thursday,40,-0.992563037982519,15313.663999999999,14814.103777777778,14560.6407,18004.53,12623.05
2009-10-02,15361.75,1003.2,47.63,2009,10,4,2,Friday,40,0.13891387730728955,15335.813666666665,14823.01611111111,14572.816350000001,18004.53,12623.05
2009-10-05,15496.56,1016.7,47.41,2009,10,4,5,Monday,41,0.8775692873533192,15357.605333333333,14831.997111111112,14583.9596,18004.53,12623.05
2009-10-06,15624.0,1038.6,46.79,2009,10,4,6,Tuesday,41,0.8223760628165211,15389.545,14841.366777777777,14597.621000000001,18004.53,12623.05
2009-10-07,15630.3,1043.3,46.6,2009,10,4,7,Wednesday,41,0.04032258064514682,15417.881000000001,14851.077666666666,14612.527900000001,18004.53,12623.05
2009-10-08,15682.63,1055.4,46.22,2009,10,4,8,Thursday,41,0.3347984363703871,15447.043666666666,14860.493888888888,14625.737949999999,18004.53,12623.05
2009-10-09,15650.55,1047.8,46.46,2009,10,4,9,Friday,41,-0.20455752638428581,15473.344333333334,14872.826666666666,14638.543,18004.53,12623.05
2009-10-12,15742.72,1056.7,46.34,2009,10,4,12,Monday,42,0.5889249898565874,15500.394666666665,14882.548333333334,14651.794849999998,18004.53,12623.05
2009-10-13,15835.64,1064.2,46.28,2009,10,4,13,Tuesday,42,0.5902410765102895,15531.034333333335,14897.145555555555,14662.855800000001,18004.53,12623.05
2009-10-14,15740.53,1063.9,46.02,2009,10,4,14,Wednesday,42,-0.6006072378508143,15556.342999999999,14911.173888888889,14674.048900000002,18004.53,12623.05
2009-10-15,15508.97,1049.8,45.95,2009,10,4,15,Thursday,42,-1.471106754346907,15561.598666666667,14922.458666666664,14683.888200000001,18004.53,12623.05
2009-10-16,15606.71,1050.7,46.2,2009,10,4,16,Friday,42,0.6302159331019297,15560.681666666665,14935.180444444444,14693.6493,18004.53,12623.05
2009-10-19,15619.77,1057.3,45.95,2009,10,4,19,Monday,43,0.08368195474894868,15560.831,14946.079444444445,14703.5923,18004.53,12623.05
2009-10-20,15731.9,1057.8,46.26,2009,10,4,20,Tuesday,43,0.7178722862116294,15567.084,14961.999555555554,14715.793199999998,18004.53,12623.05
2009-10-21,15868.21,1063.7,46.4,2009,10,4,21,Wednesday,43,0.8664560542591682,15579.337333333333,14979.999444444444,14727.65595,18004.53,12623.05
2009-10-22,15831.21,1057.8,46.55,2009,10,4,22,Thursday,43,-0.23317059706167154,15588.875666666667,14997.174888888889,14741.16625,18004.53,12623.05
2009-10-23,15756.88,1055.6,46.43,2009,10,4,23,Friday,43,-0.4695155960915187,15592.929666666667,15011.874555555554,14753.561200000002,18004.53,12623.05
2009-10-26,15596.24,1042.1,46.55,2009,10,4,26,Monday,44,-1.0194911683023555,15591.628999999999,15025.152777777777,14764.9804,18004.53,12623.05
2009-10-27,15614.56,1034.7,46.94,2009,10,4,27,Tuesday,44,0.11746420932223778,15590.057666666666,15037.859111111113,14779.10865,18004.53,12623.05
2009-10-28,15621.59,1029.9,47.18,2009,10,4,28,Wednesday,44,0.04502208195429347,15585.049,15052.695222222223,14792.789299999999,18004.53,12623.05
2009-10-29,15871.87,1046.4,47.18,2009,10,4,29,Thursday,44,1.6021416513940068,15593.155666666666,15068.67388888889,14808.942049999998,18004.53,12623.05
2009-10-30,15683.33,1039.7,46.92,2009,10,4,30,Friday,44,-1.187887753616934,15596.378333333332,15081.591222222221,14824.24345,18004.53,12623.05
2009-11-02,15850.02,1053.4,46.8,2009,11,4,2,Monday,45,1.0628482599039923,15608.505,15094.960333333333,14837.864150000001,18004.53,12623.05
2009-11-03,16471.84,1084.3,47.25,2009,11,4,3,Tuesday,45,3.923149623785971,15635.274000000001,15116.557444444443,14853.03215,18004.53,12623.05
2009-11-04,16351.07,1086.7,46.8,2009,11,4,4,Wednesday,45,-0.7331907060777687,15659.742666666667,15136.887666666667,14867.683500000001,18004.53,12623.05
2009-11-05,16429.47,1088.7,46.94,2009,11,4,5,Thursday,45,0.47947932459466713,15695.249666666667,15161.126111111113,14882.119299999998,18004.53,12623.05
2009-11-06,16456.34,1095.1,46.74,2009,11,4,6,Friday,45,0.16354757639778228,15735.082,15183.11811111111,14893.852950000002,18004.53,12623.05
2009-11-09,16410.34,1100.8,46.37,2009,11,4,9,Monday,46,-0.2795275255615737,15774.241666666667,15206.336444444445,14905.11825,18004.53,12623.05
2009-11-10,16409.02,1101.9,46.32,2009,11,4,10,Tuesday,46,-0.008043709027349966,15809.623,15228.77111111111,14916.63615,18004.53,12623.05
2009-11-11,16621.45,1114.0,46.41,2009,11,4,11,Wednesday,46,1.294592851980192,15847.197000000002,15253.823777777776,14930.08535,18004.53,12623.05
2009-11-12,16591.69,1106.0,46.66,2009,11,4,12,Thursday,46,-0.1790457511228083,15888.905333333334,15279.591222222221,14941.934500000001,18004.53,12623.05
2009-11-13,16598.95,1116.1,46.26,2009,11,4,13,Friday,46,0.04375684454085427,15930.145333333332,15304.70677777778,14952.2845,18004.53,12623.05
2009-11-16,16835.47,1138.6,45.99,2009,11,4,16,Monday,47,1.4249094069203272,15974.775666666666,15332.513888888889,14965.15105,18004.53,12623.05
2009-11-17,16926.3,1138.8,46.23,2009,11,4,17,Tuesday,47,0.5395156773169818,16018.185666666666,15358.088666666668,14979.898899999998,18004.53,12623.05
2009-11-18,16906.86,1140.7,46.1,2009,11,4,18,Wednesday,47,-0.11485085340563472,16060.737666666664,15385.29611111111,14994.065599999998,18004.53,12623.05
2009-11-19,17082.38,1141.4,46.55,2009,11,4,19,Thursday,47,1.0381584753171191,16107.396,15413.102888888889,15007.93245,18004.53,12623.05
2009-11-20,17153.52,1146.4,46.54,2009,11,4,20,Friday,47,0.41645250837412107,16157.494999999999,15441.782111111113,15023.0497,18004.53,12623.05
2009-11-23,17353.98,1164.3,46.36,2009,11,4,23,Monday,48,1.1686231164215855,16211.203666666666,15471.772666666668,15040.19155,18004.53,12623.05
2009-11-24,17349.38,1165.5,46.3,2009,11,4,24,Tuesday,48,-0.02650688775714949,16261.661666666665,15501.331111111112,15055.56625,18004.53,12623.05
2009-11-25,17557.27,1186.9,46.01,2009,11,4,25,Wednesday,48,1.1982560760096295,16322.219666666668,15532.900777777779,15069.6049,18004.53,12623.05
2009-11-27,17535.51,1174.2,46.45,2009,11,4,27,Friday,48,-0.12393726359509749,16389.771,15562.813444444444,15082.955549999999,18004.53,12623.05
2009-11-30,17641.6,1181.1,46.46,2009,11,4,30,Monday,49,0.6050009380964783,16457.60066666667,15593.89077777778,15097.3655,18004.53,12623.05
2009-12-01,17821.79,1199.1,46.23,2009,12,4,1,Tuesday,49,1.021392617449668,16531.001333333334,15628.09111111111,15109.605049999998,18004.53,12623.05
2009-12-02,18002.6,1212.0,46.2,2009,12,4,2,Wednesday,49,1.0145445547276477,16606.691333333332,15664.343888888889,15121.19865,18004.53,12623.05
2009-12-03,18004.53,1217.4,46.0,2009,12,4,3,Thursday,49,0.010720673680464365,16677.902,15702.937222222223,15133.39315,18004.53,12623.05
2009-12-04,17330.11,1168.8,46.12,2009,12,4,4,Friday,49,-3.745835075950321,16727.865333333335,15735.208111111111,15141.02315,18004.53,12623.05
2009-12-07,17380.96,1163.4,46.47,2009,12,4,7,Monday,50,0.2934199494405876,16782.001333333334,15767.103666666668,15149.101200000001,18004.53,12623.05
2009-12-08,17128.31,1142.8,46.62,2009,12,4,8,Tuesday,50,-1.4536021025305712,16833.070333333333,15795.161,15157.20165,18004.53,12623.05
2009-12-09,16760.16,1120.4,46.53,2009,12,4,9,Wednesday,50,-2.149365582477203,16871.257,15818.668555555558,15163.767549999999,18004.53,12623.05
2009-12-10,16835.83,1125.7,46.52,2009,12,4,10,Thursday,50,0.4514873366364247,16911.731666666667,15841.667333333331,15171.95715,18004.53,12623.05
2009-12-11,16725.41,1119.4,46.47,2009,12,4,11,Friday,50,-0.6558631204995669,16940.183,15863.654444444446,15178.92565,18004.53,12623.05
2009-12-14,16854.11,1123.3,46.67,2009,12,4,14,Monday,51,0.7694878630778001,16979.209,15887.515333333333,15185.38875,18004.53,12623.05
2009-12-15,16858.64,1122.4,46.72,2009,12,4,15,Tuesday,51,0.026877717067219642,17012.82966666667,15911.132777777777,15193.533800000001,18004.53,12623.05
2009-12-16,17007.95,1135.5,46.59,2009,12,4,16,Wednesday,51,0.8856586296403623,17030.7,15939.059444444445,15203.66655,18004.53,12623.05
2009-12-17,16677.71,1106.8,46.87,2009,12,4,17,Thursday,51,-1.9416802142527612,17041.588,15962.481111111112,15210.022899999998,18004.53,12623.05
2009-12-18,16679.05,1110.8,46.7,2009,12,4,18,Friday,51,0.008034676223545034,17049.907333333333,15983.812111111112,15215.32655,18004.53,12623.05
2009-12-21,16488.32,1095.4,46.82,2009,12,4,21,Monday,52,-1.1435303569447886,17050.97333333333,16003.128555555557,15221.3701,18004.53,12623.05
2009-12-22,16339.84,1086.0,46.8,2009,12,4,22,Tuesday,52,-0.9005162442262127,17048.623333333333,16021.589333333333,15228.889700000002,18004.53,12623.05
2009-12-23,16432.81,1093.3,46.75,2009,12,4,23,Wednesday,52,0.5689774196075525,17049.416333333334,16042.065444444443,15236.28935,18004.53,12623.05
2009-12-24,16559.64,1104.1,46.65,2009,12,4,24,Thursday,52,0.7718095687834214,17047.356,16062.965555555555,15242.4276,18004.53,12623.05
2009-12-28,16534.94,1107.2,46.45,2009,12,4,28,Monday,53,-0.14915783193354404,17045.464333333333,16082.67788888889,15248.142349999998,18004.53,12623.05
2009-12-29,16421.41,1097.0,46.56,2009,12,4,29,Tuesday,53,-0.6866066644330093,17039.546333333332,16101.83511111111,15254.26445,18004.53,12623.05
2009-12-30,16318.02,1091.5,46.5,2009,12,4,30,Wednesday,53,-0.6296048877654226,17022.298,16118.226333333334,15260.289499999999,18004.53,12623.05
2009-12-31,16338.12,1095.2,46.4,2009,12,4,31,Thursday,53,0.1231767089389546,17002.692,16136.807555555557,15268.79205,18004.53,12623.05
2010-01-04,16633.53,1117.7,46.29,2010,1,1,4,Monday,1,1.8081027682499418,16993.581000000002,16157.39988888889,15274.450900000002,20473.42,15771.07
2010-01-05,16579.09,1118.1,46.12,2010,1,1,5,Tuesday,1,-0.3272907194083241,16976.804666666667,16177.081444444446,15279.61875,20473.42,15771.07
2010-01-06,16696.95,1135.9,45.72,2010,1,1,6,Wednesday,1,0.710895471343731,16961.585666666666,16197.475,15286.11145,20473.42,15771.07
2010-01-07,16644.13,1133.1,45.69,2010,1,1,7,Thursday,1,-0.3163452007701961,16937.924000000003,16216.507444444445,15294.63335,20473.42,15771.07
2010-01-08,16656.84,1138.2,45.52,2010,1,1,8,Friday,1,0.0763632583979934,16914.839333333333,16235.84511111111,15302.136100000002,20473.42,15771.07
2010-01-11,16780.57,1150.7,45.36,2010,1,1,11,Monday,2,0.742817965472442,16888.949333333334,16255.837333333331,15309.994299999998,20473.42,15771.07
2010-01-12,16557.03,1128.9,45.62,2010,1,1,12,Tuesday,2,-1.3321359167179692,16856.333333333332,16269.234333333334,15317.2192,20473.42,15771.07
2010-01-13,16619.53,1136.4,45.49,2010,1,1,13,Wednesday,2,0.3774831597212813,16822.264333333333,16280.182222222224,15325.3058,20473.42,15771.07
2010-01-14,16737.76,1142.6,45.56,2010,1,1,14,Thursday,2,0.711391958737706,16786.129999999997,16292.654111111113,15333.676199999998,20473.42,15771.07
2010-01-15,16641.85,1130.1,45.8,2010,1,1,15,Friday,2,-0.5730157440422157,16740.771666666664,16304.848999999998,15341.6401,20473.42,15771.07
2010-01-19,16799.71,1139.7,45.85,2010,1,1,19,Tuesday,3,0.9485724243398552,16700.611,16319.283444444445,15352.353200000001,20473.42,15771.07
2010-01-20,16492.37,1112.3,46.12,2010,1,1,20,Wednesday,3,-1.8294363414606551,16672.68633333333,16329.809111111112,15363.048400000001,20473.42,15771.07
2010-01-21,16346.49,1102.7,46.11,2010,1,1,21,Thursday,3,-0.884530240347503,16638.204,16337.711666666668,15374.855749999999,20473.42,15771.07
2010-01-22,16186.63,1089.2,46.22,2010,1,1,22,Friday,3,-0.9779469476321911,16606.814666666665,16343.838000000002,15385.09605,20473.42,15771.07
2010-01-25,16224.74,1095.2,46.08,2010,1,1,25,Monday,4,0.23544122525813727,16588.96733333333,16350.094000000003,15394.97435,20473.42,15771.07
2010-01-26,16183.55,1097.9,45.85,2010,1,1,26,Tuesday,4,-0.25387155664744476,16567.224666666665,16354.668444444444,15405.224750000001,20473.42,15771.07
2010-01-27,16148.42,1084.4,46.32,2010,1,1,27,Wednesday,4,-0.21707227400662443,16547.991666666665,16360.443444444447,15414.427650000001,20473.42,15771.07
2010-01-28,16146.96,1083.6,46.35,2010,1,1,28,Thursday,4,-0.009041132197462609,16524.42,16366.66911111111,15423.937150000002,20473.42,15771.07
2010-01-29,16050.97,1083.0,46.1,2010,1,1,29,Friday,4,-0.594477226673007,16497.497666666666,16372.94411111111,15433.01,20473.42,15771.07
2010-02-01,16434.11,1104.3,46.29,2010,2,1,1,Monday,5,2.387020846715182,16478.369666666666,16381.44788888889,15444.85155,20473.42,15771.07
2010-02-02,16561.53,1117.4,46.1,2010,2,1,2,Tuesday,5,0.7753386097573811,16474.497,16391.942555555554,15458.453499999998,20473.42,15771.07
2010-02-03,16401.13,1111.4,45.9,2010,2,1,3,Wednesday,5,-0.9685095519556319,16465.233,16403.463333333333,15469.089349999998,20473.42,15771.07
2010-02-04,15783.92,1062.4,46.21,2010,2,1,4,Thursday,5,-3.7632163149734277,16441.753,16409.269444444446,15476.729949999999,20473.42,15771.07
2010-02-05,15771.07,1052.2,46.62,2010,2,1,5,Friday,5,-0.08141196863643563,16422.794,16415.219666666668,15483.4895,20473.42,15771.07
2010-02-08,16004.26,1065.7,46.71,2010,2,1,8,Monday,6,1.4785933991796396,16408.509000000002,16422.516111111112,15490.915899999998,20473.42,15771.07
2010-02-09,16058.68,1076.7,46.39,2010,2,1,9,Tuesday,6,0.34003446582346886,16391.810333333335,16428.787777777776,15498.351299999998,20473.42,15771.07
2010-02-10,16041.11,1075.8,46.38,2010,2,1,10,Wednesday,6,-0.10941123429820676,16375.349333333334,16436.573,15505.4975,20473.42,15771.07
2010-02-11,16323.2,1094.2,46.4,2010,2,1,11,Thursday,6,1.7585441406486213,16372.075666666668,16447.255777777777,15514.727350000001,20473.42,15771.07
2010-02-12,16253.09,1089.5,46.4,2010,2,1,12,Friday,6,-0.42951137031954634,16369.911333333332,16455.661666666667,15523.85635,20473.42,15771.07
2010-02-16,16546.5,1119.3,45.98,2010,2,1,16,Tuesday,7,1.8052567234907224,16376.857333333332,16465.911666666667,15536.1599,20473.42,15771.07
2010-02-17,16559.54,1119.5,46.01,2010,2,1,17,Wednesday,7,0.0788082071737195,16374.391,16476.23655555555,15548.768049999999,20473.42,15771.07
2010-02-18,16584.8,1118.0,46.14,2010,2,1,18,Thursday,7,0.15254046911929997,16374.581333333334,16486.260666666665,15559.789549999998,20473.42,15771.07
2010-02-19,16648.17,1121.3,46.18,2010,2,1,19,Friday,7,0.3820968597752161,16372.955333333333,16497.345333333335,15571.3948,20473.42,15771.07
2010-02-22,16490.38,1112.6,46.1,2010,2,1,22,Monday,8,-0.9477918594055557,16367.830333333333,16505.652666666665,15581.67645,20473.42,15771.07
2010-02-23,16403.21,1102.7,46.27,2010,2,1,23,Tuesday,8,-0.5286112266667087,16359.376,16511.959,15591.33915,20473.42,15771.07
2010-02-24,16318.03,1096.5,46.29,2010,2,1,24,Wednesday,8,-0.5192886026576415,16343.958,16518.375666666667,15600.6822,20473.42,15771.07
2010-02-25,16490.47,1107.8,46.3,2010,2,1,25,Thursday,8,1.0567452076016615,16341.739333333333,16529.281222222224,15610.7882,20473.42,15771.07
2010-02-26,16502.96,1118.3,45.9,2010,2,1,26,Friday,8,0.07574071569820262,16337.853666666666,16539.239555555552,15620.1543,20473.42,15771.07
2010-03-01,16531.52,1117.8,46.0,2010,3,1,1,Monday,9,0.17305986320030886,16330.979,16549.370111111108,15629.12095,20473.42,15771.07
2010-03-02,16824.23,1136.9,46.03,2010,3,1,2,Tuesday,9,1.7706175838640315,16337.058333333332,16561.50711111111,15639.0179,20473.42,15771.07
2010-03-03,16734.45,1142.7,45.55,2010,3,1,3,Wednesday,9,-0.5336351202997025,16334.883,16571.132,15648.747299999999,20473.42,15771.07
2010-03-04,16630.23,1132.6,45.67,2010,3,1,4,Thursday,9,-0.6227871247635908,16339.478333333333,16580.010000000002,15661.4195,20473.42,15771.07
2010-03-05,16582.27,1134.8,45.45,2010,3,1,5,Friday,9,-0.28839047926576544,16347.337666666666,16589.181,15673.7047,20473.42,15771.07
2010-03-08,16400.55,1123.6,45.4,2010,3,1,8,Monday,10,-1.0958692627728306,16354.468333333332,16598.117777777778,15684.56975,20473.42,15771.07
2010-03-09,16431.3,1122.0,45.55,2010,3,1,9,Tuesday,10,0.18749371210111665,16361.353666666668,16607.192666666666,15694.53625,20473.42,15771.07
2010-03-10,16137.87,1107.8,45.31,2010,3,1,10,Wednesday,10,-1.7857990542440305,16359.831,16612.929111111112,15702.583499999999,20473.42,15771.07
2010-03-11,16190.65,1108.0,45.45,2010,3,1,11,Thursday,10,0.3270567925011125,16361.238666666666,16616.47111111111,15710.721649999998,20473.42,15771.07
2010-03-12,16112.67,1101.5,45.5,2010,3,1,12,Friday,10,-0.48163600596640155,16360.095666666668,16621.241555555556,15718.486800000002,20473.42,15771.07
2010-03-15,16186.65,1105.1,45.56,2010,3,1,15,Monday,11,0.45914178097112845,16364.618333333334,16624.98188888889,15725.978700000001,20473.42,15771.07
2010-03-16,16376.5,1122.2,45.39,2010,3,1,16,Tuesday,11,1.172880120346087,16362.698,16623.922555555557,15733.957550000001,20473.42,15771.07
2010-03-17,16363.02,1124.0,45.28,2010,3,1,17,Wednesday,11,-0.08231307055841519,16356.081,16624.055333333334,15741.99105,20473.42,15771.07
2010-03-18,16452.39,1127.4,45.39,2010,3,1,18,Thursday,11,0.5461705724248977,16357.789666666667,16624.309999999998,15750.07715,20473.42,15771.07
2010-03-19,16110.68,1107.4,45.25,2010,3,1,19,Friday,11,-2.0769626783707307,16368.681666666667,16620.469333333334,15757.927549999999,20473.42,15771.07
2010-03-22,16070.59,1099.3,45.47,2010,3,1,22,Monday,12,-0.24884114140433233,16378.665666666666,16616.694333333333,15763.941649999999,20473.42,15771.07
2010-03-23,16107.16,1103.5,45.4,2010,3,1,23,Tuesday,12,0.22755854016560662,16382.095666666666,16613.340333333334,15771.868,20473.42,15771.07
2010-03-24,15889.67,1088.6,45.4,2010,3,1,24,Wednesday,12,-1.350269072884358,16376.462,16605.209444444445,15778.92645,20473.42,15771.07
2010-03-25,15980.43,1092.7,45.49,2010,3,1,25,Thursday,12,0.5711887031008223,16374.439333333334,16598.417666666668,15786.3619,20473.42,15771.07
2010-03-26,16014.42,1104.2,45.11,2010,3,1,26,Friday,12,0.212697655820282,16364.146666666666,16591.922888888887,15794.12525,20473.42,15771.07
2010-03-29,15992.23,1110.3,44.8,2010,3,1,29,Monday,13,-0.13856262043833167,16355.451333333334,16582.553555555554,15800.8921,20473.42,15771.07
2010-03-30,15958.41,1104.5,44.94,2010,3,1,30,Tuesday,13,-0.21147769885750956,16335.848333333333,16571.79922222222,15809.1887,20473.42,15771.07
2010-03-31,16035.44,1113.3,44.8,2010,3,1,31,Wednesday,13,0.48269219803227514,16318.378333333332,16562.116777777777,15818.1248,20473.42,15771.07
2010-04-01,16133.06,1125.1,44.6,2010,4,2,1,Thursday,13,0.608776559919777,16303.320333333333,16551.56877777778,15827.363000000001,20473.42,15771.07
2010-04-05,16157.49,1132.9,44.36,2010,4,2,5,Monday,14,0.15142818535356373,16286.964333333333,16540.501777777776,15835.980899999999,20473.42,15771.07
2010-04-06,16181.57,1135.1,44.34,2010,4,2,6,Tuesday,14,0.1490330490688807,16276.670666666667,16527.475,15844.88275,20473.42,15771.07
2010-04-07,16448.99,1152.3,44.4,2010,4,2,7,Wednesday,14,1.65262085199398,16278.196666666665,16517.470666666668,15854.772749999998,20473.42,15771.07
2010-04-08,16425.34,1152.2,44.34,2010,4,2,8,Thursday,14,-0.14377782465672118,16281.773666666668,16504.893666666667,15865.46775,20473.42,15771.07
2010-04-09,16470.09,1161.1,44.12,2010,4,2,9,Friday,14,0.2724448930737422,16281.094333333333,16493.055666666667,15875.64925,20473.42,15771.07
2010-04-12,16559.34,1161.6,44.34,2010,4,2,12,Monday,15,0.5418913922146107,16282.973666666667,16481.030555555557,15885.8421,20473.42,15771.07
2010-04-13,16522.1,1152.8,44.58,2010,4,2,13,Tuesday,15,-0.22488818998825932,16282.659666666666,16466.589555555554,15895.2186,20473.42,15771.07
2010-04-14,16473.83,1159.0,44.21,2010,4,2,14,Wednesday,15,-0.2921541450541798,16270.979666666668,16449.603222222224,15904.947250000001,20473.42,15771.07
2010-04-15,16513.61,1159.7,44.29,2010,4,2,15,Thursday,15,0.24147390133320012,16263.618333333334,16433.037444444442,15914.90855,20473.42,15771.07
2010-04-16,16190.64,1136.3,44.32,2010,4,2,16,Friday,15,-1.9557807166331376,16248.965333333332,16420.376666666667,15924.621700000002,20473.42,15771.07
2010-04-19,16324.6,1135.2,44.73,2010,4,2,19,Monday,16,0.8273916287435235,16240.376333333335,16408.639333333333,15933.859400000001,20473.42,15771.07
2010-04-20,16249.76,1138.6,44.39,2010,4,2,20,Tuesday,16,-0.45844921161927177,16235.35,16398.877666666667,15943.50475,20473.42,15771.07
2010-04-21,16390.46,1148.2,44.4,2010,4,2,21,Wednesday,16,0.865858941916664,16233.988666666666,16394.769888888888,15953.507549999998,20473.42,15771.07
2010-04-22,16320.93,1142.3,44.44,2010,4,2,22,Thursday,16,-0.4242101808002885,16240.090666666665,16389.048777777778,15963.27865,20473.42,15771.07
2010-04-23,16419.63,1153.1,44.29,2010,4,2,23,Friday,16,0.6047449501958679,16247.723333333333,16385.65122222222,15974.0137,20473.42,15771.07
2010-04-26,16410.49,1153.5,44.25,2010,4,2,26,Monday,17,-0.055665078932953804,16257.650666666665,16380.72211111111,15984.3734,20473.42,15771.07
2010-04-27,16601.85,1161.7,44.45,2010,4,2,27,Tuesday,17,1.1660834015315702,16271.490666666668,16377.868888888888,15995.718499999999,20473.42,15771.07
2010-04-28,16757.87,1171.3,44.5,2010,4,2,28,Wednesday,17,0.9397747841355164,16284.203000000001,16375.090222222221,16006.385,20473.42,15771.07
2010-04-29,16697.6,1168.4,44.45,2010,4,2,29,Thursday,17,-0.3596519128027609,16295.355666666666,16375.311222222223,16017.58205,20473.42,15771.07
2010-04-30,16788.92,1180.1,44.25,2010,4,2,30,Friday,17,0.5469049444231544,16306.573333333332,16376.532,16028.6278,20473.42,15771.07
2010-05-03,16882.95,1182.7,44.4,2010,5,2,3,Monday,18,0.5600717616142115,16332.315666666665,16380.916777777778,16040.1806,20473.42,15771.07
2010-05-04,16738.03,1168.6,44.55,2010,5,2,4,Tuesday,18,-0.8583807924563036,16354.563666666667,16385.34111111111,16050.596599999999,20473.42,15771.07
2010-05-05,16937.26,1174.6,44.85,2010,5,2,5,Wednesday,18,1.1902834443479948,16382.233666666667,16390.94611111111,16061.8373,20473.42,15771.07
2010-05-06,17493.55,1196.9,45.46,2010,5,2,6,Thursday,18,3.284415543009911,16435.696333333333,16401.322888888888,16075.72505,20473.42,15771.07
2010-05-07,17668.68,1210.0,45.42,2010,5,2,7,Friday,18,1.0011118383632889,16491.971333333335,16413.92,16089.851600000002,20473.42,15771.07
2010-05-10,17275.71,1200.4,44.76,2010,5,2,10,Monday,19,-2.2241050265215168,16534.014333333333,16423.412222222225,16102.00695,20473.42,15771.07
2010-05-11,17645.38,1219.9,44.99,2010,5,2,11,Tuesday,19,2.139825222812841,16589.119333333332,16438.160666666667,16116.515050000002,20473.42,15771.07
2010-05-12,17959.19,1242.7,44.95,2010,5,2,12,Wednesday,19,1.7784258542462572,16655.811999999998,16456.172555555553,16132.61175,20473.42,15771.07
2010-05-13,17754.36,1228.8,44.94,2010,5,2,13,Thursday,19,-1.1405302800404638,16713.109333333334,16468.626222222225,16148.727899999998,20473.42,15771.07
2010-05-14,17856.46,1227.4,45.25,2010,5,2,14,Friday,19,0.5750700109719453,16770.556,16482.81922222222,16165.881549999998,20473.42,15771.07
2010-05-17,17970.56,1227.7,45.53,2010,5,2,17,Monday,20,0.6389844347647999,16830.991666666665,16496.970444444447,16183.18255,20473.42,15771.07
2010-05-18,17786.91,1214.3,45.56,2010,5,2,18,Tuesday,20,-1.0219492325225343,16884.503,16509.667999999998,16199.10135,20473.42,15771.07
2010-05-19,17742.43,1192.6,46.27,2010,5,2,19,Wednesday,20,-0.25007154137508536,16927.61766666667,16521.730111111112,16214.591100000001,20473.42,15771.07
2010-05-20,17849.37,1187.8,46.74,2010,5,2,20,Thursday,20,0.6027359273786059,16975.085333333333,16533.605666666666,16230.008249999999,20473.42,15771.07
2010-05-21,17734.82,1175.7,46.92,2010,5,2,21,Friday,20,-0.6417593450076864,17017.243,16546.692222222224,16244.949499999999,20473.42,15771.07
2010-05-24,17966.4,1193.8,46.81,2010,5,2,24,Monday,21,1.3057927850409712,17064.145,16561.657444444445,16261.24835,20473.42,15771.07
2010-05-25,18284.61,1197.8,47.48,2010,5,2,25,Tuesday,21,1.7711394603259434,17122.895333333334,16578.844666666668,16279.00605,20473.42,15771.07
2010-05-26,18372.99,1213.3,47.1,2010,5,2,26,Wednesday,21,0.48335731525037673,17186.200666666668,16598.079555555556,16298.39825,20473.42,15771.07
2010-05-27,18203.73,1211.9,46.72,2010,5,2,27,Thursday,21,-0.921243629915447,17242.538,16613.679777777776,16316.5681,20473.42,15771.07
2010-05-28,18044.55,1212.2,46.3,2010,5,2,28,Friday,21,-0.8744361732458183,17304.335,16630.926222222224,16332.994549999998,20473.42,15771.07
2010-06-01,18540.44,1224.8,47.08,2010,6,2,1,Tuesday,22,2.748142791036634,17378.196333333333,16655.303444444446,16351.947549999999,20473.42,15771.07
2010-06-02,18365.8,1220.6,46.8,2010,6,2,2,Wednesday,22,-0.9419409679597646,17448.731,16679.516444444445,16370.3847,20473.42,15771.07
2010-06-03,18064.19,1208.3,46.5,2010,6,2,3,Thursday,22,-1.6422372017554365,17504.522,16699.954777777777,16387.75585,20473.42,15771.07
2010-06-04,18323.06,1216.2,46.86,2010,6,2,4,Friday,22,1.4330562289258664,17571.25966666667,16723.72711111111,16405.978,20473.42,15771.07
2010-06-07,18643.19,1239.3,46.79,2010,6,2,7,Monday,23,1.747142671584312,17645.378333333334,16751.44677777778,16425.3898,20473.42,15771.07
2010-06-08,18729.89,1244.0,46.83,2010,6,2,8,Tuesday,23,0.46504916808765007,17722.691666666666,16780.146,16445.55295,20473.42,15771.07
2010-06-09,18488.62,1228.5,46.81,2010,6,2,9,Wednesday,23,-1.2881549224261324,17785.584,16807.231,16463.782,20473.42,15771.07
2010-06-10,18349.19,1220.8,46.75,2010,6,2,10,Thursday,23,-0.7541395734240841,17838.628,16828.509666666665,16482.1989,20473.42,15771.07
2010-06-11,18470.94,1228.9,46.75,2010,6,2,11,Friday,23,0.6635170271821256,17897.739333333335,16849.725333333332,16500.6525,20473.42,15771.07
2010-06-14,18249.11,1223.3,46.4,2010,6,2,14,Monday,24,-1.2009675739296344,17946.412333333334,16870.258444444444,16517.8593,20473.42,15771.07
2010-06-15,18396.8,1233.2,46.4,2010,6,2,15,Tuesday,24,0.8092997411928593,17996.874,16899.290444444447,16535.535649999998,20473.42,15771.07
2010-06-16,18342.57,1229.3,46.41,2010,6,2,16,Wednesday,24,-0.2947795268742337,18050.358666666667,16927.862666666664,16552.59245,20473.42,15771.07
2010-06-17,18485.79,1247.5,46.09,2010,6,2,17,Thursday,24,0.7808066154306736,18101.976333333332,16955.435222222222,16570.43915,20473.42,15771.07
2010-06-18,18597.19,1257.2,46.01,2010,6,2,18,Friday,24,0.6026250433440961,18138.764333333336,16983.640888888887,16588.51875,20473.42,15771.07
2010-06-21,18198.82,1239.7,45.66,2010,6,2,21,Monday,25,-2.1420978115510914,18156.435666666664,17007.615444444444,16602.75635,20473.42,15771.07
2010-06-22,18345.27,1239.9,46.02,2010,6,2,22,Tuesday,25,0.8047225039865324,18192.087666666666,17030.08288888889,16616.3116,20473.42,15771.07
2010-06-23,18311.03,1234.1,46.15,2010,6,2,23,Wednesday,25,-0.1866421153790654,18214.276,17052.948888888888,16629.790299999997,20473.42,15771.07
2010-06-24,18524.23,1245.5,46.26,2010,6,2,24,Thursday,25,1.1643255458595236,18233.110666666664,17074.923666666666,16644.6899,20473.42,15771.07
2010-06-25,18633.01,1255.8,46.15,2010,6,2,25,Friday,25,0.5872308862500564,18262.398999999998,17097.962222222224,16660.351899999998,20473.42,15771.07
2010-06-28,18351.96,1238.2,46.1,2010,6,2,28,Monday,26,-1.5083445991817657,18278.915666666664,17117.597333333335,16674.3864,20473.42,15771.07
2010-06-29,18532.07,1242.0,46.41,2010,6,2,29,Tuesday,26,0.9814210580232352,18297.632666666665,17138.529555555553,16688.87045,20473.42,15771.07
2010-06-30,18580.29,1245.5,46.4,2010,6,2,30,Wednesday,26,0.2601975926056932,18324.078666666665,17161.75077777778,16703.595599999997,20473.42,15771.07
2010-07-01,17999.38,1206.3,46.41,2010,7,3,1,Thursday,26,-3.1264851086823753,18332.643666666663,17179.486,16715.284,20473.42,15771.07
2010-07-02,18074.03,1207.4,46.56,2010,7,3,2,Friday,26,0.41473650759080716,18340.13233333333,17198.99711111111,16726.7949,20473.42,15771.07
2010-07-06,17900.78,1194.8,46.6,2010,7,3,6,Tuesday,27,-0.9585576653352912,18345.664333333334,17214.667222222222,16738.15545,20473.42,15771.07
2010-07-07,18092.58,1198.6,46.95,2010,7,3,7,Wednesday,27,1.0714616904961893,18349.870333333332,17232.32966666667,16750.6851,20473.42,15771.07
2010-07-08,17934.98,1195.8,46.65,2010,7,3,8,Thursday,27,-0.8710753248016734,18338.216,17247.92366666667,16762.9289,20473.42,15771.07
2010-07-09,18091.4,1209.6,46.52,2010,7,3,9,Friday,27,0.8721504010598347,18328.82966666667,17262.003333333334,16775.04205,20473.42,15771.07
2010-07-12,17979.33,1198.5,46.66,2010,7,3,12,Monday,28,-0.6194656024409384,18321.349666666665,17275.835333333333,16786.85365,20473.42,15771.07
2010-07-13,18103.83,1213.3,46.41,2010,7,3,13,Tuesday,28,0.6924618436838337,18323.325666666668,17292.208666666666,16800.551499999998,20473.42,15771.07
2010-07-14,18080.56,1206.8,46.6,2010,7,3,14,Wednesday,28,-0.1285363373385695,18307.99633333333,17308.856333333333,16814.64745,20473.42,15771.07
2010-07-15,18041.78,1208.1,46.45,2010,7,3,15,Thursday,28,-0.21448450711705203,18297.195666666667,17327.09222222222,16828.6786,20473.42,15771.07
2010-07-16,17837.09,1188.0,46.7,2010,7,3,16,Friday,28,-1.1345332888439974,18289.625666666667,17342.712111111112,16841.12615,20473.42,15771.07
2010-07-19,17510.75,1181.7,46.09,2010,7,3,19,Monday,29,-1.8295585210367893,18262.548666666666,17357.966333333334,16851.20875,20473.42,15771.07
2010-07-20,18100.33,1191.5,47.25,2010,7,3,20,Tuesday,29,3.3669602958182887,18244.45333333333,17379.184999999998,16865.0082,20473.42,15771.07
2010-07-21,18032.89,1191.6,47.07,2010,7,3,21,Wednesday,29,-0.37258989200750214,18221.219999999998,17400.52077777778,16878.3639,20473.42,15771.07
2010-07-22,18080.38,1195.5,47.04,2010,7,3,22,Thursday,29,0.2633521304682862,18207.612,17421.56222222222,16891.283,20473.42,15771.07
2010-07-23,17905.14,1187.7,46.89,2010,7,3,23,Friday,29,-0.9692274166804071,18192.810333333335,17438.54711111111,16902.6887,20473.42,15771.07
2010-07-26,17892.48,1183.0,47.04,2010,7,3,26,Monday,30,-0.07070595370938237,18173.528333333332,17455.54111111111,16913.9996,20473.42,15771.07
2010-07-27,17367.3,1158.0,46.65,2010,7,3,27,Tuesday,30,-2.9351995922309304,18144.134666666665,17465.706777777777,16922.42295,20473.42,15771.07
2010-07-28,17418.96,1160.4,46.69,2010,7,3,28,Wednesday,30,0.2974555630408826,18111.54,17480.243222222223,16931.265,20473.42,15771.07
2010-07-29,17452.65,1168.4,46.46,2010,7,3,29,Thursday,30,0.1934099395141997,18081.875999999997,17495.599444444444,16939.81465,20473.42,15771.07
2010-07-30,17613.33,1181.7,46.36,2010,7,3,30,Friday,30,0.9206624781910033,18052.793999999998,17512.33466666667,16948.7031,20473.42,15771.07
2010-08-02,17535.18,1183.4,46.09,2010,8,3,2,Monday,31,-0.44369804006397784,18017.393666666663,17530.61811111111,16957.676349999998,20473.42,15771.07
2010-08-03,17577.09,1185.2,46.13,2010,8,3,3,Tuesday,31,0.23900524545512614,17996.66933333333,17548.35877777778,16968.01695,20473.42,15771.07
2010-08-04,17703.15,1193.7,46.13,2010,8,3,4,Wednesday,31,0.7171835611014199,17975.265333333333,17567.122444444445,16978.49915,20473.42,15771.07
2010-08-05,17705.79,1197.2,46.0,2010,8,3,5,Thursday,31,0.014912600299932244,17955.090666666667,17586.162,16988.92925,20473.42,15771.07
2010-08-06,17819.15,1203.4,46.06,2010,8,3,6,Friday,31,0.6402425421288882,17931.588,17606.836888888887,16999.3655,20473.42,15771.07
2010-08-09,17741.34,1200.7,45.96,2010,8,3,9,Monday,32,-0.43666504855731647,17901.865666666665,17625.791333333334,17008.73115,20473.42,15771.07
2010-08-10,17721.0,1196.2,46.08,2010,8,3,10,Tuesday,32,-0.11464748435011662,17880.833666666666,17643.43511111111,17018.180099999998,20473.42,15771.07
2010-08-11,17829.58,1197.5,46.31,2010,8,3,11,Wednesday,32,0.6127193724959179,17857.417333333335,17662.01388888889,17028.543599999997,20473.42,15771.07
2010-08-12,18196.52,1214.8,46.59,2010,8,3,12,Thursday,32,2.058040626868385,17844.625,17684.402222222223,17041.545,20473.42,15771.07
2010-08-13,18244.89,1214.9,46.71,2010,8,3,13,Friday,32,0.26582005790116714,17852.808666666668,17704.356666666667,17054.69665,20473.42,15771.07
2010-08-16,18356.77,1224.5,46.63,2010,8,3,16,Monday,33,0.6132127954731503,17862.233333333334,17725.817,17068.37255,20473.42,15771.07
2010-08-17,18409.94,1226.6,46.68,2010,8,3,17,Tuesday,33,0.2896479064671942,17879.205333333335,17747.370888888887,17081.0629,20473.42,15771.07
2010-08-18,18426.82,1229.7,46.61,2010,8,3,18,Wednesday,33,0.09168959811929334,17890.346666666668,17768.120666666666,17094.78035,20473.42,15771.07
2010-08-19,18460.49,1233.8,46.54,2010,8,3,19,Thursday,33,0.18272279210411746,17907.863666666668,17789.658333333333,17107.8327,20473.42,15771.07
2010-08-20,18290.72,1227.2,46.36,2010,8,3,20,Friday,33,-0.9196397278728785,17914.507666666665,17809.845999999998,17116.9271,20473.42,15771.07
2010-08-23,18384.86,1226.9,46.61,2010,8,3,23,Monday,34,0.5146872293709581,17928.025333333335,17830.63766666667,17127.09605,20473.42,15771.07
2010-08-24,18440.47,1231.8,46.56,2010,8,3,24,Tuesday,34,0.3024771469567922,17939.246666666666,17855.635777777778,17137.15105,20473.42,15771.07
2010-08-25,18673.3,1239.5,46.86,2010,8,3,25,Wednesday,34,1.262603393514361,17959.004666666668,17881.732444444446,17148.23585,20473.42,15771.07
2010-08-26,18617.49,1235.4,46.87,2010,8,3,26,Thursday,34,-0.2988759351587489,17978.195000000003,17908.040555555555,17159.2716,20473.42,15771.07
2010-08-27,18592.75,1236.0,46.79,2010,8,3,27,Friday,34,-0.13288579717245508,18003.38366666667,17932.510444444444,17170.19025,20473.42,15771.07
2010-08-30,18615.27,1237.1,46.8,2010,8,3,30,Monday,35,0.12112248053677277,18040.201,17958.003111111113,17180.15935,20473.42,15771.07
2010-08-31,18811.89,1248.3,46.87,2010,8,3,31,Tuesday,35,1.0562296437279572,18063.919666666665,17984.583777777778,17191.26035,20473.42,15771.07
2010-09-01,18843.86,1246.3,47.03,2010,9,3,1,Wednesday,35,0.1699457098675472,18090.951999999997,18011.621222222224,17202.4849,20473.42,15771.07
2010-09-02,18770.39,1251.5,46.65,2010,9,3,2,Thursday,35,-0.3898882712989882,18113.95233333333,18035.71611111111,17212.159499999998,20473.42,15771.07
2010-09-03,18715.81,1249.2,46.6,2010,9,3,3,Friday,35,-0.29077712290473956,18140.974666666665,18057.471,17221.107050000002,20473.42,15771.07
2010-09-07,18802.0,1257.3,46.51,2010,9,3,7,Tuesday,36,0.46051974239960103,18171.292,18080.853222222224,17230.58275,20473.42,15771.07
2010-09-08,18835.92,1255.6,46.66,2010,9,3,8,Wednesday,36,0.18040633975107134,18220.246,18103.59766666667,17239.350449999998,20473.42,15771.07
2010-09-09,18678.39,1248.9,46.52,2010,9,3,9,Thursday,36,-0.8363276123491636,18262.227,18123.547,17246.9748,20473.42,15771.07
2010-09-10,18526.56,1244.5,46.3,2010,9,3,10,Friday,36,-0.8128644920680994,18298.024,18143.419555555556,17252.8377,20473.42,15771.07
2010-09-13,18527.49,1245.1,46.28,2010,9,3,13,Monday,37,0.00501982019327496,18328.496,18161.08877777778,17258.72825,20473.42,15771.07
2010-09-14,18871.9,1269.7,46.23,2010,9,3,14,Tuesday,37,1.8589134307993138,18373.053333333337,18176.403777777778,17265.3014,20473.42,15771.07
2010-09-15,18790.66,1266.7,46.14,2010,9,3,15,Wednesday,37,-0.4304812975906014,18413.505666666664,18188.870222222224,17271.57715,20473.42,15771.07
2010-09-16,18892.34,1271.9,46.2,2010,9,3,16,Thursday,37,0.541119896799791,18453.145333333337,18206.832777777778,17277.83085,20473.42,15771.07
2010-09-17,18906.28,1275.6,46.1,2010,9,3,17,Friday,37,0.07378651876897013,18493.161666666667,18220.84277777778,17283.2533,20473.42,15771.07
2010-09-20,18865.39,1279.0,45.88,2010,9,3,20,Monday,38,-0.21627734276652433,18528.036333333333,18230.911666666667,17287.56725,20473.42,15771.07
2010-09-21,18662.49,1272.4,45.62,2010,9,3,21,Tuesday,38,-1.0755144738592626,18558.74133333333,18241.002,17290.857050000002,20473.42,15771.07
2010-09-22,18906.98,1290.2,45.58,2010,9,3,22,Wednesday,38,1.310060983287853,18598.274,18252.674444444445,17298.7414,20473.42,15771.07
2010-09-23,18957.91,1294.3,45.56,2010,9,3,23,Thursday,38,0.2693714173284123,18635.885,18263.645,17306.62615,20473.42,15771.07
2010-09-24,18937.8,1296.0,45.45,2010,9,3,24,Friday,38,-0.1060770939412703,18660.594333333334,18276.432666666668,17315.6736,20473.42,15771.07
2010-09-27,18860.48,1296.7,45.24,2010,9,3,27,Monday,39,-0.40828396117816856,18681.114,18288.855444444445,17326.1752,20473.42,15771.07
2010-09-28,18874.25,1306.6,44.93,2010,9,3,28,Tuesday,39,0.07300980674935786,18698.363333333335,18300.243000000002,17336.367299999998,20473.42,15771.07
2010-09-29,18952.18,1308.5,45.05,2010,9,3,29,Wednesday,39,0.412890578433589,18716.438000000002,18313.76922222222,17347.50115,20473.42,15771.07
2010-09-30,18790.68,1307.8,44.69,2010,9,3,30,Thursday,39,-0.8521447136952021,18728.566666666666,18322.927888888888,17357.183999999997,20473.42,15771.07
2010-10-01,18856.19,1316.1,44.56,2010,10,4,1,Friday,39,0.3486302784146078,18741.756666666668,18329.278777777778,17367.17175,20473.42,15771.07
2010-10-04,18782.73,1315.4,44.41,2010,10,4,4,Monday,40,-0.3895802916707991,18758.157000000003,18333.831444444444,17376.04565,20473.42,15771.07
2010-10-05,19134.22,1338.9,44.45,2010,10,4,5,Tuesday,40,1.8713467105154757,18783.135666666665,18344.170222222223,17388.3282,20473.42,15771.07
2010-10-06,19219.75,1346.4,44.4,2010,10,4,6,Wednesday,40,0.4470001912803223,18809.111666666668,18357.228,17401.0317,20473.42,15771.07
2010-10-07,18951.26,1333.9,44.19,2010,10,4,7,Thursday,40,-1.3969484514626984,18818.377,18361.792666666664,17413.346400000002,20473.42,15771.07
2010-10-08,19101.91,1344.2,44.2,2010,10,4,8,Friday,40,0.7949339516211573,18834.52433333333,18369.971666666665,17427.15675,20473.42,15771.07
2010-10-11,19321.73,1353.3,44.41,2010,10,4,11,Monday,41,1.1507749748585372,18858.823666666667,18383.944333333333,17441.60135,20473.42,15771.07
2010-10-12,19192.45,1345.7,44.36,2010,10,4,12,Tuesday,41,-0.6690912252681258,18878.063000000002,18393.60422222222,17454.7654,20473.42,15771.07
2010-10-13,19593.53,1369.5,44.5,2010,10,4,13,Wednesday,41,2.089780095818927,18904.11766666667,18404.163555555555,17470.05835,20473.42,15771.07
2010-10-14,19625.73,1376.7,44.34,2010,10,4,14,Thursday,41,0.1643399632429654,18930.18,18414.117333333335,17486.07995,20473.42,15771.07
2010-10-15,19425.99,1371.1,44.07,2010,10,4,15,Friday,41,-1.017745581947771,18952.033333333333,18424.532555555554,17501.6198,20473.42,15771.07
2010-10-18,19467.09,1371.2,44.16,2010,10,4,18,Monday,42,0.2115722287512778,18977.076,18436.953666666668,17517.264649999997,20473.42,15771.07
2010-10-19,18959.72,1335.1,44.17,2010,10,4,19,Tuesday,42,-2.6062960617123543,18982.333333333332,18442.384555555556,17528.8956,20473.42,15771.07
2010-10-20,19145.27,1343.3,44.33,2010,10,4,20,Wednesday,42,0.9786536931980061,18992.645000000004,18452.34188888889,17541.7265,20473.42,15771.07
2010-10-21,18824.81,1324.7,44.2,2010,10,4,21,Thursday,42,-1.6738337981130558,18997.52566666667,18457.097555555556,17552.3658,20473.42,15771.07
2010-10-22,18820.54,1324.4,44.2,2010,10,4,22,Friday,42,-0.022682831858600316,19007.325,18462.408333333333,17563.24785,20473.42,15771.07
2010-10-25,19159.2,1338.3,44.53,2010,10,4,25,Monday,43,1.7994170199154835,19028.381999999998,18469.89066666667,17575.75965,20473.42,15771.07
2010-10-26,19035.32,1338.0,44.25,2010,10,4,26,Tuesday,43,-0.6465823207649657,19033.829333333335,18474.758777777777,17587.0334,20473.42,15771.07
2010-10-27,18874.3,1322.2,44.4,2010,10,4,27,Wednesday,43,-0.845901198403809,19036.617333333335,18482.26411111111,17598.61975,20473.42,15771.07
2010-10-28,19167.0,1342.1,44.42,2010,10,4,28,Thursday,43,1.5507859894141829,19045.772666666664,18491.394444444446,17611.3571,20473.42,15771.07
2010-10-29,19381.22,1357.1,44.42,2010,10,4,29,Friday,43,1.117650127823877,19061.604000000003,18503.285444444446,17624.5744,20473.42,15771.07
2010-11-01,19294.83,1350.2,44.45,2010,11,4,1,Monday,44,-0.44574077380061805,19075.91866666667,18511.84766666667,17637.8393,20473.42,15771.07
2010-11-02,19336.34,1356.4,44.34,2010,11,4,2,Tuesday,44,0.21513534972839032,19098.380333333334,18519.662444444446,17650.52245,20473.42,15771.07
2010-11-03,19001.02,1337.1,44.2,2010,11,4,3,Wednesday,44,-1.7341441037962757,19101.515,18526.874222222224,17663.0657,20473.42,15771.07
2010-11-04,19671.25,1382.7,44.25,2010,11,4,4,Thursday,44,3.527336953489857,19125.293,18539.53177777778,17679.6895,20473.42,15771.07
2010-11-05,19772.49,1397.3,44.01,2010,11,4,5,Friday,44,0.5146597191332702,19153.115999999998,18552.778444444444,17697.6188,20473.42,15771.07
2010-11-08,19799.36,1402.8,43.9,2010,11,4,8,Monday,45,0.13589588362417082,19184.412,18572.778222222223,17715.4919,20473.42,15771.07
2010-11-09,20079.46,1409.8,44.3,2010,11,4,9,Tuesday,45,1.4146921920708433,19224.58566666667,18595.060777777777,17734.97145,20473.42,15771.07
2010-11-10,19877.58,1399.1,44.19,2010,11,4,10,Wednesday,45,-1.0054055238537196,19255.432333333334,18617.025222222223,17753.61725,20473.42,15771.07
2010-11-11,19965.99,1403.1,44.26,2010,11,4,11,Thursday,45,0.444772452179798,19294.609333333334,18637.840888888888,17772.7124,20473.42,15771.07
2010-11-12,19420.74,1365.4,44.24,2010,11,4,12,Friday,45,-2.730893885051533,19313.427666666666,18654.34933333333,17789.56125,20473.42,15771.07
2010-11-15,19700.1,1368.4,44.78,2010,11,4,15,Monday,46,1.4384621801228903,19344.006666666664,18672.22377777778,17805.8912,20473.42,15771.07
2010-11-16,19409.62,1338.3,45.11,2010,11,4,16,Tuesday,46,-1.474510281673691,19353.186666666665,18688.11588888889,17820.13165,20473.42,15771.07
2010-11-17,19422.25,1336.8,45.19,2010,11,4,17,Wednesday,46,0.06507082570395006,19359.936666666665,18702.765,17835.237250000002,20473.42,15771.07
2010-11-18,19620.5,1352.9,45.11,2010,11,4,18,Thursday,46,1.0207365264065738,19382.244666666666,18719.875444444446,17854.42015,20473.42,15771.07
2010-11-19,19628.6,1352.2,45.15,2010,11,4,19,Friday,46,0.04128335159654384,19399.801,18737.50677777778,17873.7078,20473.42,15771.07
2010-11-22,19757.77,1357.7,45.26,2010,11,4,22,Monday,47,0.6580703667098176,19414.335666666666,18758.84766666667,17892.47535,20473.42,15771.07
2010-11-23,20062.29,1377.5,45.3,2010,11,4,23,Tuesday,47,1.5412670559481256,19443.330333333335,18787.198111111113,17912.4934,20473.42,15771.07
2010-11-24,20101.23,1372.9,45.54,2010,11,4,24,Wednesday,47,0.19409548959763434,19460.253666666667,18809.430333333337,17932.794,20473.42,15771.07
2010-11-26,19953.92,1362.3,45.56,2010,11,4,26,Friday,47,-0.7328407266620096,19471.193333333336,18830.77511111111,17950.9476,20473.42,15771.07
2010-11-29,20074.87,1366.0,45.71,2010,11,4,29,Monday,48,0.6061465616781003,19492.822666666667,18852.93611111111,17970.056500000002,20473.42,15771.07
2010-11-30,20394.17,1385.0,45.8,2010,11,4,30,Tuesday,48,1.5905457918282906,19523.725333333332,18880.592,17989.294850000002,20473.42,15771.07
2010-12-01,20414.66,1387.3,45.77,2010,12,4,1,Wednesday,48,0.10046988918892552,19572.22333333333,18908.616222222223,18008.57045,20473.42,15771.07
2010-12-02,20191.25,1388.5,45.23,2010,12,4,2,Thursday,48,-1.0943606212398316,19607.08933333333,18939.993444444444,18026.6027,20473.42,15771.07
2010-12-03,20391.82,1405.4,45.13,2010,12,4,3,Friday,48,0.9933510802946799,19659.323,18973.025222222223,18045.32095,20473.42,15771.07
2010-12-06,20436.73,1415.3,44.91,2010,12,4,6,Monday,49,0.2202353688881109,19713.196,19006.181666666667,18065.0527,20473.42,15771.07
2010-12-07,20289.01,1408.3,44.81,2010,12,4,7,Tuesday,49,-0.7228162235347835,19750.856333333337,19035.911444444446,18084.4817,20473.42,15771.07
2010-12-08,19779.53,1382.5,44.5,2010,12,4,8,Wednesday,49,-2.511113159291656,19775.66333333333,19060.84866666667,18101.789200000003,20473.42,15771.07
2010-12-09,20140.66,1392.1,45.0,2010,12,4,9,Thursday,49,1.8257764466597548,19817.875333333333,19089.332777777778,18120.04015,20473.42,15771.07
2010-12-10,20050.06,1384.3,45.05,2010,12,4,10,Friday,49,-0.449836301292994,19847.310666666668,19115.409555555558,18137.77565,20473.42,15771.07
2010-12-13,20193.43,1397.3,44.95,2010,12,4,13,Monday,50,0.7150602043086041,19874.38433333333,19143.05,18156.0852,20473.42,15771.07
2010-12-14,20266.42,1403.6,44.91,2010,12,4,14,Tuesday,50,0.36145419574582505,19906.770666666667,19170.24188888889,18173.29615,20473.42,15771.07
2010-12-15,20005.08,1385.5,44.91,2010,12,4,15,Wednesday,50,-1.2895222737908107,19929.061999999998,19195.394555555555,18189.6493,20473.42,15771.07
2010-12-16,19936.86,1370.4,45.25,2010,12,4,16,Thursday,50,-0.3410133826008299,19960.256666666664,19220.015222222224,18206.18245,20473.42,15771.07
2010-12-17,20056.15,1378.6,45.25,2010,12,4,17,Friday,50,0.5983389560843655,19973.086666666666,19244.75488888889,18223.55185,20473.42,15771.07
2010-12-20,20120.01,1385.5,45.17,2010,12,4,20,Monday,51,0.3184060749445772,19984.670666666665,19266.127,18242.14915,20473.42,15771.07
2010-12-21,20200.28,1388.2,45.26,2010,12,4,21,Tuesday,51,0.398956064137157,19998.034666666666,19287.853555555557,18260.99405,20473.42,15771.07
2010-12-22,20144.24,1386.8,45.18,2010,12,4,22,Wednesday,51,-0.27742189712220977,20000.194,19307.714333333333,18281.0259,20473.42,15771.07
2010-12-23,19943.42,1380.0,44.95,2010,12,4,23,Thursday,51,-0.9969102830387433,20002.38866666667,19324.753,18299.78975,20473.42,15771.07
2010-12-27,20004.77,1382.4,45.01,2010,12,4,27,Monday,52,0.30762025770907364,20003.68133333333,19342.28577777778,18319.250249999997,20473.42,15771.07
2010-12-28,20375.36,1405.2,45.1,2010,12,4,28,Tuesday,52,1.8525081767998275,20035.502,19363.56211111111,18340.193799999997,20473.42,15771.07
2010-12-29,20421.77,1413.1,44.95,2010,12,4,29,Wednesday,52,0.22777511661142835,20059.557666666668,19387.240444444447,18360.420149999998,20473.42,15771.07
2010-12-30,20299.82,1405.6,44.92,2010,12,4,30,Thursday,52,-0.5971568576083275,20089.231000000003,19408.517777777775,18380.10415,20473.42,15771.07
2010-12-31,20473.42,1421.1,44.81,2010,12,4,31,Friday,52,0.8551799966699081,20124.27,19431.106111111112,18400.209300000002,20473.42,15771.07
2011-01-03,20498.69,1422.6,44.82,2011,1,1,3,Monday,1,0.12342832804681514,20153.543,19451.38822222222,18422.14935,29127.49,19265.13
2011-01-04,19771.05,1378.5,44.61,2011,1,1,4,Tuesday,1,-3.5496902484988047,20158.291333333334,19464.205555555556,18440.65165,29127.49,19265.13
2011-01-05,19825.96,1373.4,44.9,2011,1,1,5,Wednesday,1,0.2777293062331099,20160.564333333336,19477.907888888887,18459.24565,29127.49,19265.13
2011-01-06,19933.77,1371.4,45.21,2011,1,1,6,Thursday,1,0.5437819908846953,20156.280333333336,19492.55788888889,18479.46615,29127.49,19265.13
2011-01-07,19878.42,1368.5,45.18,2011,1,1,7,Friday,1,-0.2776695025577314,20148.853333333333,19504.40822222222,18498.9561,29127.49,19265.13
2011-01-10,20032.56,1373.7,45.36,2011,1,1,10,Monday,2,0.7754137401262406,20151.474666666665,19517.615999999998,18519.0468,29127.49,19265.13
2011-01-11,20161.41,1384.0,45.31,2011,1,1,11,Tuesday,2,0.6432028657345823,20154.359333333334,19533.07177777778,18539.8927,29127.49,19265.13
2011-01-12,20091.72,1385.7,45.1,2011,1,1,12,Wednesday,2,-0.34566034816017055,20144.27766666667,19548.359666666664,18560.559250000002,29127.49,19265.13
2011-01-13,20025.3,1386.9,44.91,2011,1,1,13,Thursday,2,-0.33058394204180663,20131.299,19561.95188888889,18580.50855,29127.49,19265.13
2011-01-14,19664.53,1360.4,44.96,2011,1,1,14,Friday,2,-1.8015710126689788,20113.741666666665,19571.158666666666,18598.1659,29127.49,19265.13
2011-01-18,19986.97,1368.1,45.44,2011,1,1,18,Tuesday,3,1.639703567794415,20100.246666666662,19585.698444444442,18617.3133,29127.49,19265.13
2011-01-19,19964.78,1370.2,45.32,2011,1,1,19,Wednesday,3,-0.11102233104869352,20084.515,19601.678666666667,18636.229349999998,29127.49,19265.13
2011-01-20,19610.8,1346.5,45.3,2011,1,1,20,Thursday,3,-1.7730222922566652,20061.908,19613.715444444446,18652.0384,29127.49,19265.13
2011-01-21,19736.78,1341.0,45.78,2011,1,1,21,Friday,3,0.642401125910208,20060.483,19623.32522222222,18668.5956,29127.49,19265.13
2011-01-24,19706.16,1344.5,45.59,2011,1,1,24,Monday,4,-0.15514182151292744,20045.999666666667,19633.497444444445,18684.77595,29127.49,19265.13
2011-01-25,19468.24,1332.3,45.45,2011,1,1,25,Tuesday,4,-1.207338213025766,20026.605666666663,19639.896333333334,18699.32045,29127.49,19265.13
2011-01-26,19547.04,1333.0,45.61,2011,1,1,26,Wednesday,4,0.4047618069224601,20005.059333333335,19647.015888888887,18714.44515,29127.49,19265.13
2011-01-27,19265.13,1318.4,45.45,2011,1,1,27,Thursday,4,-1.4422132455860326,19971.683,19651.457444444444,18728.40165,29127.49,19265.13
2011-01-28,19693.57,1340.7,45.69,2011,1,1,28,Friday,4,2.2239143987089482,19961.299333333332,19662.91388888889,18744.30145,29127.49,19265.13
2011-01-31,19656.54,1333.8,45.84,2011,1,1,31,Monday,5,-0.18803091567449748,19951.955333333335,19671.242333333335,18761.63095,29127.49,19265.13
2011-02-01,19725.65,1339.6,45.8,2011,2,1,1,Tuesday,5,0.35158781759150326,19940.93866666667,19679.772777777776,18778.636199999997,29127.49,19265.13
2011-02-02,19439.42,1331.5,45.41,2011,2,1,2,Wednesday,5,-1.4510548448340321,19918.252333333334,19685.346333333335,18794.5845,29127.49,19265.13
2011-02-03,19760.49,1352.3,45.45,2011,2,1,3,Thursday,5,1.651643927648072,19903.592666666667,19695.346444444443,18811.43465,29127.49,19265.13
2011-02-04,19749.72,1348.3,45.56,2011,2,1,4,Friday,5,-0.05450269704850852,19890.442,19705.073888888888,18828.578599999997,29127.49,19265.13
2011-02-07,19760.27,1347.6,45.61,2011,2,1,7,Monday,6,0.05341847884425821,19884.337,19714.052666666666,18845.2818,29127.49,19265.13
2011-02-08,19861.32,1363.4,45.31,2011,2,1,8,Tuesday,6,0.5113796522010938,19879.555333333334,19725.948666666667,18862.53595,29127.49,19265.13
2011-02-09,19811.51,1364.8,45.15,2011,2,1,9,Wednesday,6,-0.25078897072300377,19860.76033333333,19736.563333333335,18878.58425,29127.49,19265.13
2011-02-10,19856.98,1361.9,45.35,2011,2,1,10,Thursday,6,0.2295130456992034,19841.934,19748.499444444446,18894.0798,29127.49,19265.13
2011-02-11,19950.24,1359.9,45.63,2011,2,1,11,Friday,6,0.46965852813469766,19830.281333333332,19757.566333333332,18910.343,29127.49,19265.13
2011-02-14,20009.54,1364.6,45.61,2011,2,1,14,Monday,7,0.29723953195550656,19814.81866666667,19766.341777777776,18926.4461,29127.49,19265.13
2011-02-15,20027.57,1373.6,45.35,2011,2,1,15,Tuesday,7,0.09010701895195705,19799.114666666665,19778.30077777778,18942.1692,29127.49,19265.13
2011-02-16,20070.13,1374.7,45.41,2011,2,1,16,Wednesday,7,0.21250705901914024,19809.083999999995,19789.058777777776,18958.8297,29127.49,19265.13
2011-02-17,20171.61,1384.7,45.31,2011,2,1,17,Thursday,7,0.5056270188583678,19820.605666666666,19798.501888888888,18975.00145,29127.49,19265.13
2011-02-18,20177.96,1388.2,45.21,2011,2,1,18,Friday,7,0.031479886831031756,19828.745333333332,19809.451999999997,18988.4235,29127.49,19265.13
2011-02-22,20225.27,1400.5,44.92,2011,2,1,22,Tuesday,8,0.23446374162701122,19840.307000000004,19816.47133333333,19001.20645,29127.49,19265.13
2011-02-23,20516.99,1413.4,45.15,2011,2,1,23,Wednesday,8,1.4423540452117578,19856.45466666667,19826.37422222222,19017.41285,29127.49,19265.13
2011-02-24,20499.06,1415.3,45.05,2011,2,1,24,Thursday,8,-0.08739098668957279,19867.709666666666,19838.297222222223,19031.68125,29127.49,19265.13
2011-02-25,20561.99,1408.7,45.4,2011,2,1,25,Friday,8,0.3069896863563404,19883.38533333333,19850.462777777775,19044.69525,29127.49,19265.13
2011-02-28,20502.78,1409.3,45.25,2011,2,1,28,Monday,9,-0.2879585098524151,19899.301333333333,19867.607888888888,19058.43735,29127.49,19265.13
2011-03-01,20745.11,1430.7,45.1,2011,3,1,1,Tuesday,9,1.1819372787495341,19935.320666666667,19885.38388888889,19072.8806,29127.49,19265.13
2011-03-02,20714.61,1437.2,44.83,2011,3,1,2,Wednesday,9,-0.14702259954273433,19959.575333333334,19906.381666666664,19086.60085,29127.49,19265.13
2011-03-03,20399.94,1416.0,44.81,2011,3,1,3,Thursday,9,-1.519072770378016,19974.08066666667,19923.930555555555,19099.666,29127.49,19265.13
2011-03-04,20594.07,1428.2,44.85,2011,3,1,4,Friday,9,0.9516204459425026,20006.856333333333,19939.873555555554,19113.924199999998,29127.49,19265.13
2011-03-07,20703.58,1434.1,44.9,2011,3,1,7,Monday,10,0.5317550149144923,20039.083,19958.40977777778,19128.19525,29127.49,19265.13
2011-03-08,20630.38,1426.9,44.97,2011,3,1,8,Tuesday,10,-0.3535620409610307,20069.890333333336,19977.921777777778,19142.673049999998,29127.49,19265.13
2011-03-09,20632.91,1429.3,44.9,2011,3,1,9,Wednesday,10,0.012263467759687785,20108.712666666666,19994.20966666667,19156.0056,29127.49,19265.13
2011-03-10,20372.44,1412.2,44.87,2011,3,1,10,Thursday,10,-1.2624006986896252,20136.226000000002,20005.223222222223,19166.444750000002,29127.49,19265.13
2011-03-11,20616.29,1421.5,45.11,2011,3,1,11,Friday,10,1.1969602070247998,20181.26466666667,20019.90611111111,19177.66125,29127.49,19265.13
2011-03-14,20719.87,1424.6,45.24,2011,3,1,14,Monday,11,0.5024182333484672,20215.47466666667,20035.278666666665,19190.24195,29127.49,19265.13
2011-03-15,20125.51,1392.6,44.95,2011,3,1,15,Tuesday,11,-2.868550816197213,20231.107,20047.772999999997,19200.64675,29127.49,19265.13
2011-03-16,20268.9,1396.0,45.16,2011,3,1,16,Wednesday,11,0.7124788390455938,20249.215333333334,20054.413555555555,19209.28905,29127.49,19265.13
2011-03-17,20321.85,1404.0,45.02,2011,3,1,17,Thursday,11,0.2612376596657695,20278.629666666664,20060.517555555554,19219.0693,29127.49,19265.13
2011-03-18,20507.75,1415.9,45.05,2011,3,1,18,Friday,11,0.9147789202262668,20303.53833333333,20068.388555555553,19231.2871,29127.49,19265.13
2011-03-21,20633.09,1426.2,45.0,2011,3,1,21,Monday,12,0.6111835769404328,20332.984,20074.54,19242.837249999997,29127.49,19265.13
2011-03-22,20611.51,1427.5,44.91,2011,3,1,22,Tuesday,12,-0.10458927867809109,20361.358666666667,20082.69477777778,19252.67885,29127.49,19265.13
2011-03-23,20733.94,1437.9,44.85,2011,3,1,23,Wednesday,12,0.5939885044812465,20390.446,20091.227555555557,19262.699099999998,29127.49,19265.13
2011-03-24,20643.11,1434.8,44.75,2011,3,1,24,Thursday,12,-0.43807399847785033,20418.166,20104.809444444447,19273.471550000002,29127.49,19265.13
2011-03-25,20449.16,1426.1,44.6,2011,3,1,25,Friday,12,-0.939538664474493,20437.905333333336,20113.13233333333,19283.971400000002,29127.49,19265.13
2011-03-28,20401.28,1419.8,44.69,2011,3,1,28,Monday,13,-0.23414164689405936,20452.940000000002,20124.150777777777,19293.623099999997,29127.49,19265.13
2011-03-29,20349.86,1416.0,44.7,2011,3,1,29,Tuesday,13,-0.2520430090660941,20464.284,20134.457555555557,19304.12685,29127.49,19265.13
2011-03-30,20443.65,1423.8,44.66,2011,3,1,30,Wednesday,13,0.46088769161065635,20478.153333333335,20143.603666666666,19314.361100000002,29127.49,19265.13
2011-03-31,20637.33,1438.9,44.61,2011,3,1,31,Thursday,13,0.9473846402183517,20497.06,20154.811777777777,19325.8349,29127.49,19265.13
2011-04-01,20408.97,1428.1,44.45,2011,4,2,1,Friday,13,-1.106538491171094,20504.971999999998,20162.047333333332,19335.450800000002,29127.49,19265.13
2011-04-04,20466.64,1432.2,44.45,2011,4,2,4,Monday,14,0.28257182993556285,20514.594666666664,20166.54011111111,19344.798049999998,29127.49,19265.13
2011-04-05,20686.06,1451.8,44.32,2011,4,2,5,Tuesday,14,1.0720860874085858,20529.954333333335,20173.03822222222,19357.23425,29127.49,19265.13
2011-04-06,20761.68,1457.7,44.3,2011,4,2,6,Wednesday,14,0.36556018884215113,20538.110666666664,20182.013333333332,19369.3163,29127.49,19265.13
2011-04-07,20655.85,1458.5,44.05,2011,4,2,7,Thursday,14,-0.5097371696317521,20543.337,20188.468666666668,19381.0404,29127.49,19265.13
2011-04-08,20890.56,1473.4,44.1,2011,4,2,8,Friday,14,1.1362882670042707,20554.289333333334,20193.98411111111,19392.87205,29127.49,19265.13
2011-04-11,20788.03,1467.4,44.06,2011,4,2,11,Monday,15,-0.4907958427155745,20563.79766666667,20198.132666666665,19403.64715,29127.49,19265.13
2011-04-12,20674.64,1452.9,44.26,2011,4,2,12,Tuesday,15,-0.5454581314342843,20561.44866666667,20203.503666666667,19415.26055,29127.49,19265.13
2011-04-13,20669.42,1454.9,44.19,2011,4,2,13,Wednesday,15,-0.025248323550020046,20559.942333333332,20206.588111111112,19425.9473,29127.49,19265.13
2011-04-14,21017.86,1471.7,44.42,2011,4,2,14,Thursday,15,1.6857754112113543,20580.539666666664,20213.04511111111,19438.135150000002,29127.49,19265.13
2011-04-15,21212.09,1485.3,44.42,2011,4,2,15,Friday,15,0.9241188208504614,20601.140333333336,20223.301555555554,19454.1987,29127.49,19265.13
2011-04-18,21241.53,1492.3,44.27,2011,4,2,18,Monday,16,0.13878877564632575,20619.071999999996,20239.546,19470.0362,29127.49,19265.13
2011-04-19,21314.65,1494.5,44.36,2011,4,2,19,Tuesday,16,0.34423132420311475,20641.880999999998,20252.590333333334,19487.10555,29127.49,19265.13
2011-04-20,21392.93,1498.3,44.41,2011,4,2,20,Wednesday,16,0.36725913866753057,20667.215000000004,20267.51111111111,19503.6073,29127.49,19265.13
2011-04-21,21390.4,1503.2,44.26,2011,4,2,21,Thursday,16,-0.011826337018816524,20701.147,20280.810777777777,19520.884400000003,29127.49,19265.13
2011-04-25,21471.12,1508.6,44.27,2011,4,2,25,Monday,17,0.37736554716132353,20729.641333333333,20294.196333333333,19537.783,29127.49,19265.13
2011-04-26,21460.04,1503.0,44.41,2011,4,2,26,Tuesday,17,-0.051604201364430224,20754.313666666665,20310.362555555555,19555.18655,29127.49,19265.13
2011-04-27,21655.65,1516.7,44.41,2011,4,2,27,Wednesday,17,0.9115080866578085,20805.318333333336,20329.46022222222,19572.945649999998,29127.49,19265.13
2011-04-28,21817.6,1530.8,44.33,2011,4,2,28,Thursday,17,0.7478417872472054,20856.941666666666,20349.03188888889,19591.63085,29127.49,19265.13
2011-04-29,22161.75,1556.0,44.3,2011,4,2,29,Friday,17,1.5773962305661637,20918.271666666667,20371.71788888889,19612.2307,29127.49,19265.13
2011-05-02,22145.69,1556.7,44.25,2011,5,2,2,Monday,18,-0.07246720137173979,20972.86966666667,20393.333555555557,19633.773699999998,29127.49,19265.13
2011-05-03,21895.68,1540.1,44.22,2011,5,2,3,Tuesday,18,-1.128932988766651,21014.956,20412.793999999998,19655.69835,29127.49,19265.13
2011-05-04,21629.95,1514.9,44.41,2011,5,2,4,Wednesday,18,-1.213618394130711,21048.904,20431.53322222222,19673.34645,29127.49,19265.13
2011-05-05,21101.64,1480.9,44.32,2011,5,2,5,Thursday,18,-2.4424929322536593,21061.16066666667,20443.720666666668,19688.6902,29127.49,19265.13
2011-05-06,21430.59,1491.2,44.7,2011,5,2,6,Friday,18,1.5588835749259289,21087.41,20455.44544444444,19705.44125,29127.49,19265.13
2011-05-09,21609.85,1502.9,44.72,2011,5,2,9,Monday,19,0.8364678713931761,21126.099666666665,20468.646333333334,19723.9648,29127.49,19265.13
2011-05-10,21751.74,1516.6,44.61,2011,5,2,10,Tuesday,19,0.6565987269694373,21171.114999999998,20484.778777777778,19743.2611,29127.49,19265.13
2011-05-11,21529.43,1501.1,44.61,2011,5,2,11,Wednesday,19,-1.0220331798743487,21210.434,20496.51222222222,19764.07175,29127.49,19265.13
2011-05-12,21593.79,1506.6,44.58,2011,5,2,12,Thursday,19,0.29893963751015384,21248.771999999997,20508.68,19784.9459,29127.49,19265.13
2011-05-13,21467.01,1493.4,44.71,2011,5,2,13,Friday,19,-0.5871132395008138,21276.428,20527.523999999998,19805.0177,29127.49,19265.13
2011-05-16,21494.81,1490.4,44.86,2011,5,2,16,Monday,20,0.12950103437787686,21312.62266666667,20546.066777777778,19824.4251,29127.49,19265.13
2011-05-17,21390.46,1479.8,44.96,2011,5,2,17,Tuesday,20,-0.48546602645012094,21343.416666666668,20562.25222222222,19843.701500000003,29127.49,19265.13
2011-05-18,21642.89,1495.6,45.01,2011,5,2,18,Wednesday,20,1.1801055236773772,21375.310999999998,20581.857444444446,19864.0305,29127.49,19265.13
2011-05-19,21569.7,1492.2,44.96,2011,5,2,19,Thursday,20,-0.33817110376663795,21402.245,20598.936777777777,19883.36325,29127.49,19265.13
2011-05-20,21756.29,1508.8,44.85,2011,5,2,20,Friday,20,0.8650560740297797,21438.926333333333,20616.65766666667,19903.61575,29127.49,19265.13
2011-05-23,21919.69,1515.3,44.99,2011,5,2,23,Monday,21,0.7510471684280651,21473.230666666666,20636.968444444447,19924.118449999998,29127.49,19265.13
2011-05-24,22110.85,1523.2,45.15,2011,5,2,24,Tuesday,21,0.8720926253975358,21517.324666666667,20660.14122222222,19945.966,29127.49,19265.13
2011-05-25,22165.11,1526.6,45.16,2011,5,2,25,Wednesday,21,0.24539988286294,21567.006999999998,20687.925444444445,19968.18655,29127.49,19265.13
2011-05-26,22144.21,1522.8,45.23,2011,5,2,26,Thursday,21,-0.09429233601818687,21616.166666666668,20711.89477777778,19989.7597,29127.49,19265.13
2011-05-27,22320.77,1536.3,45.19,2011,5,2,27,Friday,21,0.7973190283148579,21659.597,20738.072444444446,20010.38095,29127.49,19265.13
2011-05-31,22262.12,1535.9,45.08,2011,5,2,31,Tuesday,22,-0.26275975246374816,21694.597999999998,20767.531555555557,20030.467099999998,29127.49,19265.13
2011-06-01,22295.34,1542.4,44.96,2011,6,2,1,Wednesday,22,0.14922208666561243,21729.725,20795.96,20050.159949999997,29127.49,19265.13
2011-06-02,22046.5,1532.0,44.76,2011,6,2,2,Thursday,22,-1.116107670930333,21754.12,20821.96377777778,20068.34275,29127.49,19265.13
2011-06-03,22186.08,1541.7,44.76,2011,6,2,3,Friday,22,0.6331163676774221,21780.558333333334,20852.162,20087.13905,29127.49,19265.13
2011-06-06,22286.49,1546.5,44.82,2011,6,2,6,Monday,23,0.452581077865033,21810.428,20882.600333333332,20106.26905,29127.49,19265.13
2011-06-07,22164.45,1543.3,44.67,2011,6,2,7,Tuesday,23,-0.5475963240510362,21833.538999999997,20914.815000000002,20125.6377,29127.49,19265.13
2011-06-08,22060.1,1538.1,44.61,2011,6,2,8,Wednesday,23,-0.47079895959522,21853.541,20941.10977777778,20144.013899999998,29127.49,19265.13
2011-06-09,22142.26,1542.1,44.66,2011,6,2,9,Thursday,23,0.3724371149722794,21869.761333333332,20968.72888888889,20162.52285,29127.49,19265.13
2011-06-10,21918.93,1528.6,44.6,2011,6,2,10,Friday,23,-1.0086142968242506,21873.139000000003,20993.09866666667,20178.751,29127.49,19265.13
2011-06-13,21783.83,1515.0,44.72,2011,6,2,13,Monday,24,-0.6163622038119487,21860.541666666668,21019.147666666668,20194.5827,29127.49,19265.13
2011-06-14,21948.09,1523.8,44.8,2011,6,2,14,Tuesday,24,0.7540455466279239,21853.955,21043.45433333333,20211.3594,29127.49,19265.13
2011-06-15,21944.09,1525.6,44.74,2011,6,2,15,Wednesday,24,-0.018224820474133097,21855.56866666667,21067.836222222224,20228.003500000003,29127.49,19265.13
2011-06-16,21983.06,1529.3,44.71,2011,6,2,16,Thursday,24,0.17758767850479806,21867.338999999996,21092.53388888889,20243.85935,29127.49,19265.13
2011-06-17,22161.26,1538.6,44.8,2011,6,2,17,Friday,24,0.8106241806190573,21902.659666666663,21118.08877777778,20260.44635,29127.49,19265.13
2011-06-20,22184.69,1541.5,44.76,2011,6,2,20,Monday,25,0.10572503548986756,21927.796333333335,21144.457444444444,20277.51785,29127.49,19265.13
2011-06-21,22302.64,1546.0,44.87,2011,6,2,21,Tuesday,25,0.5316729690610922,21950.889333333336,21171.631444444443,20295.452,29127.49,19265.13
2011-06-22,22347.26,1552.9,44.76,2011,6,2,22,Wednesday,25,0.20006600115500817,21970.74,21198.265,20313.1783,29127.49,19265.13
2011-06-23,21870.36,1520.1,44.75,2011,6,2,23,Thursday,25,-2.1340423837195144,21982.104333333333,21218.940777777778,20328.3505,29127.49,19265.13
2011-06-24,21636.61,1500.5,44.85,2011,6,2,24,Friday,25,-1.068798135924598,21983.53166666667,21236.819,20343.1416,29127.49,19265.13
2011-06-27,21638.09,1496.0,44.99,2011,6,2,27,Monday,26,0.006840258247486908,21989.234333333334,21254.240777777777,20358.699249999998,29127.49,19265.13
2011-06-28,21673.29,1499.7,44.95,2011,6,2,28,Tuesday,26,0.16267609571825048,21995.183666666668,21270.926111111112,20374.42825,29127.49,19265.13
2011-06-29,21815.84,1509.9,44.94,2011,6,2,29,Wednesday,26,0.6577220163620723,22009.363,21289.12477777778,20389.147950000002,29127.49,19265.13
2011-06-30,21619.09,1502.3,44.76,2011,6,2,30,Thursday,26,-0.9018676337926967,22008.569666666666,21304.611666666668,20403.2901,29127.49,19265.13
2011-07-01,21251.69,1482.3,44.59,2011,7,3,1,Friday,26,-1.6994239813054146,21997.969333333334,21312.775,20415.08685,29127.49,19265.13
2011-07-05,21597.69,1512.3,44.42,2011,7,3,5,Tuesday,27,1.6281058118201353,21992.682666666668,21324.982,20428.5439,29127.49,19265.13
2011-07-06,21792.58,1528.7,44.34,2011,7,3,6,Wednesday,27,0.902365021444429,21988.445666666667,21338.655222222224,20443.17985,29127.49,19265.13
2011-07-07,21809.05,1530.2,44.33,2011,7,3,7,Thursday,27,0.07557618235196628,21978.385666666665,21353.16933333333,20458.91265,29127.49,19265.13
2011-07-08,21965.82,1541.2,44.33,2011,7,3,8,Friday,27,0.7188300269842074,21971.74266666667,21366.732777777775,20474.206850000002,29127.49,19265.13
2011-07-11,22115.47,1548.8,44.41,2011,7,3,11,Monday,28,0.6812857430316788,21970.784666666666,21382.29788888889,20489.994649999997,29127.49,19265.13
2011-07-12,22270.89,1561.9,44.35,2011,7,3,12,Tuesday,28,0.7027659823643839,21969.122,21403.086222222224,20506.6601,29127.49,19265.13
2011-07-13,22710.15,1585.2,44.56,2011,7,3,13,Wednesday,28,1.9723504538884606,21984.056333333334,21426.598222222223,20525.90845,29127.49,19265.13
2011-07-14,22708.39,1589.0,44.45,2011,7,3,14,Thursday,28,-0.0077498387285102055,21997.824666666667,21448.873888888887,20545.07915,29127.49,19265.13
2011-07-15,22694.27,1589.8,44.4,2011,7,3,15,Friday,28,-0.062179661349826,22019.417,21471.806,20563.7896,29127.49,19265.13
2011-07-18,22925.48,1602.1,44.51,2011,7,3,18,Monday,29,1.018803424829251,22044.063666666665,21497.279,20584.463600000003,29127.49,19265.13
2011-07-19,22904.19,1600.9,44.5,2011,7,3,19,Tuesday,29,-0.09286610356686875,22064.653666666665,21525.409555555554,20604.703599999997,29127.49,19265.13
2011-07-20,22777.36,1596.7,44.37,2011,7,3,20,Wednesday,29,-0.5537414769961169,22085.084,21549.421444444444,20624.67675,29127.49,19265.13
2011-07-21,22636.14,1586.8,44.37,2011,7,3,21,Thursday,29,-0.6200016156393984,22104.285333333337,21570.713333333333,20642.18635,29127.49,19265.13
2011-07-22,22806.95,1601.3,44.3,2011,7,3,22,Friday,29,0.7545897843006966,22126.441666666666,21600.507111111114,20660.12235,29127.49,19265.13
2011-07-25,22981.63,1612.0,44.34,2011,7,3,25,Monday,30,0.7659068836473049,22161.864999999998,21630.648555555556,20680.2742,29127.49,19265.13
2011-07-26,23030.06,1616.6,44.31,2011,7,3,26,Tuesday,30,0.21073352934495304,22203.406000000003,21660.739777777777,20699.914950000002,29127.49,19265.13
2011-07-27,22872.26,1615.0,44.05,2011,7,3,27,Wednesday,30,-0.6851914410991644,22234.211666666666,21687.01211111111,20717.6676,29127.49,19265.13
2011-07-28,22839.23,1613.4,44.03,2011,7,3,28,Thursday,30,-0.14441074034660106,22264.049666666666,21711.524777777777,20735.9015,29127.49,19265.13
2011-07-29,23039.68,1628.3,44.01,2011,7,3,29,Friday,30,0.8776565584741824,22299.270333333334,21738.504444444443,20753.132250000002,29127.49,19265.13
2011-08-01,23008.55,1619.0,44.2,2011,8,3,1,Monday,31,-0.1351147238156103,22327.513333333332,21763.77788888889,20770.04635,29127.49,19265.13
2011-08-02,23260.1,1641.9,44.06,2011,8,3,2,Tuesday,31,1.0932892337848221,22363.36033333333,21792.855555555554,20789.2169,29127.49,19265.13
2011-08-03,23671.64,1663.4,44.26,2011,8,3,3,Wednesday,31,1.7692959187621815,22408.993666666665,21828.660888888888,20810.23965,29127.49,19265.13
2011-08-04,23595.8,1656.2,44.31,2011,8,3,4,Thursday,31,-0.32038337859142674,22450.611666666668,21864.155555555557,20833.42005,29127.49,19265.13
2011-08-05,23622.9,1648.8,44.56,2011,8,3,5,Friday,31,0.11485094805008256,22509.029666666665,21900.522666666668,20855.8082,29127.49,19265.13
2011-08-08,24596.07,1710.2,44.73,2011,8,3,8,Monday,32,4.119604282285394,22607.678333333333,21946.660666666667,20884.6645,29127.49,19265.13
2011-08-09,25175.69,1740.0,45.0,2011,8,3,9,Tuesday,32,2.3565553358727565,22725.59833333333,21997.086888888887,20916.44025,29127.49,19265.13
2011-08-10,25887.8,1781.3,45.2,2011,8,3,10,Wednesday,32,2.828561997704937,22866.082,22057.962777777775,20950.08325,29127.49,19265.13
2011-08-11,25440.77,1748.8,45.25,2011,8,3,11,Thursday,32,-1.7267979511584541,22986.913,22113.230888888887,20982.1105,29127.49,19265.13
2011-08-12,25340.84,1740.2,45.29,2011,8,3,12,Friday,32,-0.392794714939837,23110.971333333335,22164.950666666668,21014.443199999998,29127.49,19265.13
2011-08-15,25620.08,1755.5,45.39,2011,8,3,15,Monday,33,1.1019366366703087,23256.584333333336,22218.93288888889,21046.708599999998,29127.49,19265.13
2011-08-16,25920.97,1782.4,45.23,2011,8,3,16,Tuesday,33,1.1744303686795687,23400.69366666667,22277.434222222222,21079.407349999998,29127.49,19265.13
2011-08-17,26060.47,1791.2,45.25,2011,8,3,17,Wednesday,33,0.5381743044338139,23542.956666666665,22334.87766666667,21113.235549999998,29127.49,19265.13
2011-08-18,26492.72,1818.9,45.3,2011,8,3,18,Thursday,33,1.6586423805863726,23699.079,22398.26311111111,21149.01745,29127.49,19265.13
2011-08-19,27171.61,1848.9,45.71,2011,8,3,19,Friday,33,2.5625530334371094,23872.60533333333,22470.451666666664,21189.8704,29127.49,19265.13
2011-08-22,27727.97,1888.7,45.66,2011,8,3,22,Monday,34,2.047578336359157,24059.68866666667,22548.88,21230.154000000002,29127.49,19265.13
2011-08-23,27250.01,1858.3,45.61,2011,8,3,23,Tuesday,34,-1.723746815940741,24225.659333333333,22618.12611111111,21267.5416,29127.49,19265.13
2011-08-24,25682.55,1754.1,45.54,2011,8,3,24,Wednesday,34,-5.752144678112037,24324.73933333333,22667.79788888889,21296.95755,29127.49,19265.13
2011-08-25,25992.32,1759.8,45.94,2011,8,3,25,Thursday,34,1.206149700866943,24434.20366666667,22720.584444444445,21326.52185,29127.49,19265.13
2011-08-26,26539.31,1794.1,46.01,2011,8,3,26,Friday,34,2.1044293083495536,24562.371666666666,22778.636222222223,21359.830499999996,29127.49,19265.13
2011-08-29,26537.21,1788.4,46.15,2011,8,3,29,Monday,35,-0.007912790498332267,24682.762666666666,22835.79488888889,21392.6866,29127.49,19265.13
2011-08-30,26927.58,1826.7,45.85,2011,8,3,30,Tuesday,35,1.4710287931549715,24816.875666666667,22897.319111111112,21430.2208,29127.49,19265.13
2011-08-31,27007.02,1828.5,45.94,2011,8,3,31,Wednesday,35,0.29501351402538845,24957.864333333335,22958.82911111111,21466.755400000002,29127.49,19265.13
2011-09-01,26852.68,1826.0,45.74,2011,9,3,1,Thursday,35,-0.571481044558042,25098.415666666664,23018.747333333333,21503.9707,29127.49,19265.13
2011-09-02,27530.05,1873.7,45.7,2011,9,3,2,Friday,35,2.522541511685228,25255.852333333336,23084.018444444442,21544.509700000002,29127.49,19265.13
2011-09-06,27644.95,1869.9,45.98,2011,9,3,6,Tuesday,36,0.4173621188483079,25411.296333333335,23148.76677777778,21584.631950000003,29127.49,19265.13
2011-09-07,26854.14,1814.2,46.04,2011,9,3,7,Wednesday,36,-2.86059479217724,25538.765666666666,23200.904444444444,21620.75965,29127.49,19265.13
2011-09-08,27449.19,1854.4,46.04,2011,9,3,8,Thursday,36,2.2158594540730103,25691.33,23259.83222222222,21659.216750000003,29127.49,19265.13
2011-09-09,27532.51,1856.4,46.13,2011,9,3,9,Friday,36,0.30354265462841923,25847.772666666664,23322.463666666667,21696.567850000003,29127.49,19265.13
2011-09-12,27141.37,1809.9,46.64,2011,9,3,12,Monday,37,-1.4206478087177676,25984.49566666667,23383.701666666664,21731.76855,29127.49,19265.13
2011-09-13,27698.46,1826.8,47.16,2011,9,3,13,Tuesday,37,2.052549300201134,26140.826,23456.999666666663,21770.49125,29127.49,19265.13
2011-09-14,27824.3,1823.5,47.46,2011,9,3,14,Wednesday,37,0.4543212871762625,26292.966,23528.040888888892,21809.2384,29127.49,19265.13
2011-09-15,27194.84,1778.5,47.56,2011,9,3,15,Thursday,37,-2.2622671549688556,26410.406000000003,23590.09633333333,21843.241749999997,29127.49,19265.13
2011-09-16,27673.65,1812.1,47.5,2011,9,3,16,Friday,37,1.7606648908395917,26546.334333333336,23655.89533333333,21879.5367,29127.49,19265.13
2011-09-19,26939.99,1776.4,47.17,2011,9,3,19,Monday,38,-2.6511139658122462,26656.904,23716.01266666667,21913.2804,29127.49,19265.13
2011-09-20,27719.19,1806.6,47.72,2011,9,3,20,Tuesday,38,2.892354451504975,26761.007999999998,23784.072666666667,21949.917250000002,29127.49,19265.13
2011-09-21,27810.86,1805.5,47.91,2011,9,3,21,Wednesday,38,0.33070951928970693,26848.847,23854.559888888885,21986.7879,29127.49,19265.13
2011-09-22,26957.36,1739.2,48.21,2011,9,3,22,Thursday,38,-3.068945009251778,26884.499,23915.254888888892,22020.12965,29127.49,19265.13
2011-09-23,26045.96,1637.5,49.47,2011,9,3,23,Friday,38,-3.380894865075812,26904.672000000002,23966.982666666667,22051.4618,29127.49,19265.13
2011-09-26,25263.63,1592.5,49.34,2011,9,3,26,Monday,39,-3.0036520059156913,26902.098333333335,24007.213111111112,22077.07665,29127.49,19265.13
2011-09-27,26215.58,1650.6,49.4,2011,9,3,27,Tuesday,39,3.76806500095197,26921.94833333333,24058.834,22107.904250000003,29127.49,19265.13
2011-09-28,25364.22,1616.3,48.81,2011,9,3,28,Wednesday,39,-3.247534481403813,26903.39,24098.922111111107,22133.758200000004,29127.49,19265.13
2011-09-29,25320.5,1615.5,48.75,2011,9,3,29,Thursday,39,-0.17236879352096057,26878.72433333333,24136.708888888887,22159.028599999998,29127.49,19265.13
2011-09-30,25454.61,1620.4,48.86,2011,9,3,30,Friday,39,0.5296498884303169,26844.120666666666,24173.86177777778,22186.27625,29127.49,19265.13
2011-10-03,26115.0,1656.0,49.05,2011,10,4,3,Monday,40,2.594382707100995,26808.900333333335,24217.749444444446,22217.16695,29127.49,19265.13
2011-10-04,25489.66,1614.7,49.1,2011,10,4,4,Tuesday,40,-2.3945625119663028,26734.289999999997,24254.92111111111,22244.334499999997,29127.49,19265.13
2011-10-05,26000.84,1640.3,49.3,2011,10,4,5,Wednesday,40,2.005440637497724,26692.650999999998,24295.81077777778,22273.73865,29127.49,19265.13
2011-10-06,26103.46,1651.9,49.15,2011,10,4,6,Thursday,40,0.39467955650662745,26706.681333333334,24338.492333333335,22303.25455,29127.49,19265.13
2011-10-07,25770.7,1634.5,49.04,2011,10,4,7,Friday,40,-1.274773535768814,26699.293999999998,24377.107444444442,22331.38685,29127.49,19265.13
2011-10-10,26245.2,1669.6,48.89,2011,10,4,10,Monday,41,1.8412383055175008,26689.49033333333,24423.75966666667,22362.895749999996,29127.49,19265.13
2011-10-11,26046.89,1659.7,48.81,2011,10,4,11,Tuesday,41,-0.7556048344078192,26673.146333333334,24466.657555555557,22393.10635,29127.49,19265.13
2011-10-12,26615.61,1681.3,49.24,2011,10,4,12,Wednesday,41,2.1834468529640327,26662.74733333333,24514.758888888893,22424.307599999996,29127.49,19265.13
2011-10-13,26218.16,1667.3,48.91,2011,10,4,13,Thursday,41,-1.4932966030085426,26636.451999999997,24559.800111111115,22453.28955,29127.49,19265.13
2011-10-14,26602.98,1681.8,49.2,2011,10,4,14,Friday,41,1.4677612769164572,26628.128666666667,24610.276555555556,22484.805349999995,29127.49,19265.13
2011-10-17,26337.94,1675.5,48.89,2011,10,4,17,Monday,42,-0.9962793641915324,26588.391666666666,24656.895222222225,22514.12795,29127.49,19265.13
2011-10-18,25967.54,1651.7,48.9,2011,10,4,18,Tuesday,42,-1.4063362586443695,26532.478000000003,24701.87977777778,22541.472200000004,29127.49,19265.13
2011-10-19,26057.85,1646.0,49.24,2011,10,4,19,Wednesday,42,0.34778034422975335,26505.935,24749.368888888886,22572.906199999998,29127.49,19265.13
2011-10-20,25398.82,1611.9,49.01,2011,10,4,20,Thursday,42,-2.529103513912312,26437.58933333333,24787.710333333336,22600.7705,29127.49,19265.13
2011-10-21,26211.23,1635.1,49.86,2011,10,4,21,Friday,42,3.198613163918629,26393.54666666667,24835.123000000003,22632.1578,29127.49,19265.13
2011-10-24,26454.48,1651.5,49.82,2011,10,4,24,Monday,43,0.9280373336161718,26370.650333333335,24884.805444444446,22665.0381,29127.49,19265.13
2011-10-25,27075.79,1699.6,49.55,2011,10,4,25,Tuesday,43,2.348600312688065,26349.894666666667,24939.411333333333,22700.254249999998,29127.49,19265.13
2011-10-26,27366.25,1722.7,49.41,2011,10,4,26,Wednesday,43,1.0727664825292305,26334.626333333334,24996.98422222222,22736.278449999998,29127.49,19265.13
2011-10-27,27719.42,1746.7,49.36,2011,10,4,27,Thursday,43,1.2905312200246488,26352.112333333334,25057.170666666665,22774.41695,29127.49,19265.13
2011-10-28,27952.9,1746.2,49.79,2011,10,4,28,Friday,43,0.8422975661106946,26361.420666666665,25119.455555555556,22814.05495,29127.49,19265.13
2011-10-31,26956.58,1724.2,48.63,2011,10,4,31,Monday,44,-3.564281344690534,26361.973666666665,25175.969111111113,22850.5152,29127.49,19265.13
2011-11-01,26774.96,1711.0,48.67,2011,11,4,1,Tuesday,44,-0.6737501567335435,26330.499333333333,25233.061888888886,22884.45515,29127.49,19265.13
2011-11-02,27377.08,1728.7,49.26,2011,11,4,2,Wednesday,44,2.2488175519216558,26316.04,25296.828444444443,22921.51665,29127.49,19265.13
2011-11-03,27862.72,1764.2,49.12,2011,11,4,3,Thursday,44,1.7738926138214817,26346.218666666668,25365.599888888886,22962.77625,29127.49,19265.13
2011-11-04,27679.83,1755.3,49.05,2011,11,4,4,Friday,44,-0.6563967911244806,26400.680999999997,25430.755333333334,23002.4915,29127.49,19265.13
2011-11-07,28200.1,1790.3,48.99,2011,11,4,7,Monday,45,1.879599694073253,26498.56333333333,25503.877666666664,23044.9612,29127.49,19265.13
2011-11-08,28279.69,1798.4,48.91,2011,11,4,8,Tuesday,45,0.2822330417268093,26567.367000000002,25581.96655555555,23089.018450000003,29127.49,19265.13
2011-11-09,28392.07,1790.9,49.31,2011,11,4,9,Wednesday,45,0.3973876658478259,26668.29533333333,25657.45966666667,23133.243599999998,29127.49,19265.13
2011-11-10,28303.23,1758.9,50.05,2011,11,4,10,Thursday,45,-0.31290427221404293,26767.719666666668,25729.800222222224,23178.434100000002,29127.49,19265.13
2011-11-11,28711.72,1787.5,49.96,2011,11,4,11,Friday,45,1.44326283607914,26876.29,25806.496555555554,23223.524849999998,29127.49,19265.13
2011-11-14,28597.64,1777.8,50.03,2011,11,4,14,Monday,46,-0.3973290349724823,26959.04466666667,25880.183444444447,23268.23035,29127.49,19265.13
2011-11-15,28852.27,1781.7,50.37,2011,11,4,15,Tuesday,46,0.890388157903943,27071.131666666664,25955.03677777778,23313.863449999997,29127.49,19265.13
2011-11-16,28869.77,1773.8,50.62,2011,11,4,16,Wednesday,46,0.06065380644226792,27166.762666666666,26028.357666666667,23361.0152,29127.49,19265.13
2011-11-17,28035.12,1719.8,50.7,2011,11,4,17,Thursday,46,-2.8910864201550646,27231.15133333333,26087.524,23402.38835,29127.49,19265.13
2011-11-18,28250.85,1724.7,50.95,2011,11,4,18,Friday,46,0.7694991139684859,27313.823,26149.106888888884,23444.894,29127.49,19265.13
2011-11-21,27641.89,1678.3,51.23,2011,11,4,21,Monday,47,-2.1555457623398944,27360.379333333334,26204.08044444444,23484.3021,29127.49,19265.13
2011-11-22,28489.76,1702.2,52.06,2011,11,4,22,Tuesday,47,3.0673372913357255,27441.808333333334,26265.905777777778,23527.444299999996,29127.49,19265.13
2011-11-23,28612.67,1695.7,52.48,2011,11,4,23,Wednesday,47,0.43141816568479374,27508.377,26329.333333333332,23571.450100000002,29127.49,19265.13
2011-11-25,28212.96,1685.5,52.06,2011,11,4,25,Friday,47,-1.3969685457526304,27574.870333333332,26389.72888888889,23613.23,29127.49,19265.13
2011-11-28,28727.21,1710.8,52.23,2011,11,4,28,Monday,48,1.8227438737374646,27645.678000000004,26457.407444444445,23657.11485,29127.49,19265.13
2011-11-29,28613.87,1713.4,51.94,2011,11,4,29,Tuesday,48,-0.39453883617657226,27721.542333333335,26521.928777777783,23700.136500000004,29127.49,19265.13
2011-11-30,29127.49,1745.5,51.9,2011,11,4,30,Wednesday,48,1.795003611884738,27826.874,26590.21611111111,23745.6361,29127.49,19265.13
2011-12-01,28860.76,1735.3,51.73,2011,12,4,1,Thursday,48,-0.9157328695332256,27920.304333333333,26655.00166666667,23789.589250000005,29127.49,19265.13
2011-12-02,28813.83,1747.0,51.3,2011,12,4,2,Friday,48,-0.16260833048054035,28034.138,26721.01911111111,23832.800349999998,29127.49,19265.13
2011-12-05,28435.37,1730.7,51.1,2011,12,4,5,Monday,49,-1.3134664846707333,28108.276,26783.198444444442,23874.087399999997,29127.49,19265.13
2011-12-06,28443.26,1727.9,51.2,2011,12,4,6,Tuesday,49,0.027747133235833665,28174.56866666667,26843.238222222222,23915.17735,29127.49,19265.13
2011-12-07,28657.25,1740.9,51.2,2011,12,4,7,Wednesday,49,0.7523399216545545,28227.284,26906.00155555556,23955.878650000002,29127.49,19265.13
2011-12-08,28365.19,1709.8,51.6,2011,12,4,8,Thursday,49,-1.0191487319962667,28260.582,26962.724777777777,23995.209300000002,29127.49,19265.13
2011-12-09,28470.03,1712.8,51.7,2011,12,4,9,Friday,49,0.36960795961529236,28285.602333333332,27016.04022222222,24034.7495,29127.49,19265.13
2011-12-12,27752.09,1664.2,51.87,2011,12,4,12,Monday,50,-2.521739527496103,28278.908666666663,27062.221222222222,24070.99605,29127.49,19265.13
2011-12-13,28097.72,1659.9,52.65,2011,12,4,13,Tuesday,50,1.2454197143350276,28316.946666666667,27111.941444444445,24107.759099999996,29127.49,19265.13
2011-12-14,27047.22,1584.3,53.1,2011,12,4,14,Wednesday,50,-3.73873752033973,28326.022,27139.17644444445,24139.422150000002,29127.49,19265.13
2011-12-15,27190.43,1574.6,53.71,2011,12,4,15,Thursday,50,0.5294814032643647,28319.80033333333,27161.56244444444,24173.3746,29127.49,19265.13
2011-12-16,27296.57,1595.6,53.21,2011,12,4,16,Friday,50,0.3903579310808869,28300.928666666667,27177.215444444446,24206.887100000004,29127.49,19265.13
2011-12-19,26908.5,1594.4,52.49,2011,12,4,19,Monday,51,-1.4216804528920601,28275.217666666667,27193.523555555556,24237.911700000004,29127.49,19265.13
2011-12-20,27373.81,1615.6,52.7,2011,12,4,20,Tuesday,51,1.7292305405355313,28247.674666666666,27216.112111111113,24271.628849999997,29127.49,19265.13
2011-12-21,27316.3,1611.9,52.71,2011,12,4,21,Wednesday,51,-0.21009132451785817,28215.561666666665,27234.959,24305.0458,29127.49,19265.13
2011-12-22,27101.48,1608.9,52.39,2011,12,4,22,Thursday,51,-0.7864169012640754,28172.542,27248.075777777776,24338.691000000003,29127.49,19265.13
2011-12-23,27091.1,1604.7,52.51,2011,12,4,23,Friday,51,-0.038300491338483234,28132.137666666666,27259.527222222223,24371.065049999997,29127.49,19265.13
2011-12-27,27011.22,1594.2,52.7,2011,12,4,27,Tuesday,52,-0.2948569825514502,28075.454333333335,27265.28833333333,24402.5218,29127.49,19265.13
2011-12-28,26556.26,1562.9,52.85,2011,12,4,28,Wednesday,52,-1.6843371013971375,28007.408333333333,27258.451111111113,24434.67555,29127.49,19265.13
2011-12-29,26170.4,1539.9,52.86,2011,12,4,29,Thursday,52,-1.4529907449316926,27918.012666666666,27241.144777777776,24464.183049999996,29127.49,19265.13
2011-12-30,26681.05,1565.8,53.0,2011,12,4,30,Friday,52,1.9512502674777554,27845.055333333334,27234.822999999997,24495.979049999998,29127.49,19265.13
2012-01-03,27411.97,1599.7,53.3,2012,1,1,3,Tuesday,1,2.7394723970758372,27824.283666666666,27254.038777777776,24530.50015,31533.04,26047.9
2012-01-04,27492.5,1611.9,53.05,2012,1,1,4,Wednesday,1,0.29377676978341594,27799.00533333333,27270.707444444444,24564.7972,31533.04,26047.9
2012-01-05,27516.29,1619.4,52.85,2012,1,1,5,Thursday,1,0.08653269073384262,27794.81866666667,27281.562777777777,24599.321100000005,31533.04,26047.9
2012-01-06,27413.45,1616.1,52.76,2012,1,1,6,Friday,1,-0.3737422450482919,27758.941666666666,27291.298777777778,24632.71865,31533.04,26047.9
2012-01-09,27222.61,1607.5,52.67,2012,1,1,9,Monday,2,-0.6961546248283268,27712.606333333333,27294.57688888889,24665.616149999998,31533.04,26047.9
2012-01-10,27466.94,1631.0,52.38,2012,1,1,10,Tuesday,2,0.8975259903440502,27687.739,27299.68711111111,24700.705050000004,31533.04,26047.9
2012-01-11,27193.95,1639.2,51.6,2012,1,1,11,Wednesday,2,-0.9938857404574342,27636.63033333333,27303.479000000003,24734.6684,31533.04,26047.9
2012-01-12,27407.78,1647.3,51.75,2012,1,1,12,Thursday,2,0.7863146030642865,27596.427333333333,27302.12044444444,24769.958,31533.04,26047.9
2012-01-13,26969.34,1630.4,51.45,2012,1,1,13,Friday,2,-1.5996917663524735,27524.488999999998,27294.613666666668,24802.58645,31533.04,26047.9
2012-01-17,27342.32,1655.2,51.38,2012,1,1,17,Tuesday,3,1.382977855594536,27473.874333333333,27300.03788888889,24836.1114,31533.04,26047.9
2012-01-18,27023.86,1659.5,50.65,2012,1,1,18,Wednesday,3,-1.16471462553287,27414.208666666666,27295.312,24869.185849999998,31533.04,26047.9
2012-01-19,26781.7,1654.1,50.36,2012,1,1,19,Thursday,3,-0.8960970046470007,27359.086333333333,27286.969666666668,24900.76115,31533.04,26047.9
2012-01-20,26906.65,1663.7,50.3,2012,1,1,20,Friday,3,0.4665499202813894,27307.865999999998,27284.36166666667,24931.864100000003,31533.04,26047.9
2012-01-23,27094.76,1678.0,50.22,2012,1,1,23,Monday,4,0.6991208493067669,27255.783,27277.65388888889,24963.529499999997,31533.04,26047.9
2012-01-24,26667.01,1664.2,49.84,2012,1,1,24,Tuesday,4,-1.5787185418878025,27199.177000000003,27264.79511111111,24993.585300000002,31533.04,26047.9
2012-01-25,27324.9,1699.8,50.0,2012,1,1,25,Wednesday,4,2.4670557366573975,27161.006,27266.240222222223,25025.756999999998,31533.04,26047.9
2012-01-26,27750.9,1726.3,50.0,2012,1,1,26,Thursday,4,1.5590175993324795,27160.966333333337,27267.098555555556,25060.571350000002,31533.04,26047.9
2012-01-27,29227.38,1731.8,52.49,2012,1,1,27,Friday,4,5.320476092667259,27198.621666666662,27292.514,25103.335049999998,31533.04,26047.9
2012-01-30,27485.85,1731.0,49.39,2012,1,1,30,Monday,5,-5.958556668438986,27213.24266666667,27289.921333333332,25137.417199999996,31533.04,26047.9
2012-01-31,29328.64,1737.8,52.49,2012,1,1,31,Tuesday,5,6.7045043176761965,27284.516333333337,27306.785555555558,25178.971100000002,31533.04,26047.9
2012-02-01,27804.41,1747.1,49.5,2012,2,1,1,Wednesday,5,-5.197070167590445,27301.444333333333,27316.19722222222,25211.932699999994,31533.04,26047.9
2012-02-02,27682.02,1756.8,49.01,2012,2,1,2,Thursday,5,-0.44018197113335766,27327.228333333333,27334.375666666667,25244.135150000002,31533.04,26047.9
2012-02-03,27378.62,1737.9,49.0,2012,2,1,3,Friday,5,-1.0960182819028441,27327.38866666667,27357.875555555554,25274.455,31533.04,26047.9
2012-02-06,26948.54,1722.8,48.65,2012,2,1,6,Monday,6,-1.5708607665397278,27315.13,27366.019555555555,25302.233050000003,31533.04,26047.9
2012-02-07,27542.29,1746.4,49.05,2012,2,1,7,Tuesday,6,2.2032733498734913,27329.82366666667,27390.220333333335,25332.9925,31533.04,26047.9
2012-02-08,27267.05,1729.3,49.04,2012,2,1,8,Wednesday,6,-0.9993359303093641,27335.68866666667,27411.848666666672,25361.972149999998,31533.04,26047.9
2012-02-09,27478.7,1739.0,49.15,2012,2,1,9,Thursday,6,0.7762115813775283,27351.271333333334,27434.338555555554,25392.06545,31533.04,26047.9
2012-02-10,27418.99,1723.3,49.49,2012,2,1,10,Friday,6,-0.21729557802953048,27380.029,27448.827333333335,25420.882150000005,31533.04,26047.9
2012-02-13,27339.44,1723.0,49.35,2012,2,1,13,Monday,7,-0.2901273898126888,27418.997,27469.380444444447,25448.491349999997,31533.04,26047.9
2012-02-14,27135.75,1715.9,49.19,2012,2,1,14,Tuesday,7,-0.7450408640411021,27434.153666666665,27481.990555555556,25473.36135,31533.04,26047.9
2012-02-15,27394.58,1726.3,49.36,2012,2,1,15,Wednesday,7,0.953833964419637,27433.574,27496.336333333333,25499.6058,31533.04,26047.9
2012-02-16,27360.87,1726.8,49.28,2012,2,1,16,Thursday,7,-0.12305353832766652,27429.186333333335,27514.00488888889,25526.931750000003,31533.04,26047.9
2012-02-17,27324.43,1724.5,49.28,2012,2,1,17,Friday,7,-0.13318289952036766,27422.791,27525.996333333333,25555.404150000002,31533.04,26047.9
2012-02-21,27764.7,1757.1,49.15,2012,2,1,21,Tuesday,8,1.6112687437578765,27434.499333333333,27545.08311111111,25588.719449999997,31533.04,26047.9
2012-02-22,28056.75,1770.0,49.3,2012,2,1,22,Wednesday,8,1.0518752228549255,27462.304,27561.09577777778,25621.85025,31533.04,26047.9
2012-02-23,28244.15,1784.9,49.22,2012,2,1,23,Thursday,8,0.6679319593324351,27488.211,27583.606777777775,25655.021750000004,31533.04,26047.9
2012-02-24,28017.74,1775.1,49.09,2012,2,1,24,Friday,8,-0.8016173260657511,27515.670666666665,27599.32633333333,25686.351749999998,31533.04,26047.9
2012-02-27,27945.6,1773.6,49.01,2012,2,1,27,Monday,9,-0.25747972534545527,27533.598,27617.18922222222,25718.432600000004,31533.04,26047.9
2012-02-28,28251.53,1787.0,49.17,2012,2,1,28,Tuesday,9,1.094734054734925,27576.337666666666,27642.56688888889,25751.721299999997,31533.04,26047.9
2012-02-29,26974.9,1709.9,49.07,2012,2,1,29,Wednesday,9,-4.518799512805138,27564.090333333334,27652.75633333334,25779.26075,31533.04,26047.9
2012-03-01,27115.62,1721.1,49.0,2012,3,1,1,Thursday,9,0.5216701452090522,27567.148999999998,27671.83188888889,25807.3648,31533.04,26047.9
2012-03-02,27028.97,1708.8,49.2,2012,3,1,2,Friday,9,-0.3195575096567871,27575.391333333333,27680.91788888889,25835.55735,31533.04,26047.9
2012-03-05,27112.43,1703.0,49.52,2012,3,1,5,Monday,10,0.30877980182004716,27582.250666666667,27688.228444444445,25862.905050000005,31533.04,26047.9
2012-03-06,26778.62,1671.4,49.83,2012,3,1,6,Tuesday,10,-1.23120649827404,27571.712666666666,27684.92655555555,25888.94965,31533.04,26047.9
2012-03-07,27253.4,1683.3,50.36,2012,3,1,7,Wednesday,10,1.7729815800814341,27591.259000000002,27683.672666666665,25916.4352,31533.04,26047.9
2012-03-08,27449.35,1698.1,50.28,2012,3,1,8,Thursday,10,0.7189928596065043,27595.407333333333,27680.671888888886,25944.083499999997,31533.04,26047.9
2012-03-09,27543.49,1710.9,50.07,2012,3,1,9,Friday,10,0.3429589407399458,27588.493666666665,27676.12288888889,25971.2467,31533.04,26047.9
2012-03-12,27180.31,1699.2,49.75,2012,3,1,12,Monday,11,-1.318569288060445,27520.257999999998,27678.60877777778,25996.3227,31533.04,26047.9
2012-03-13,27209.41,1693.7,49.97,2012,3,1,13,Tuesday,11,0.10706279656118589,27511.04333333333,27683.436,26021.648699999998,31533.04,26047.9
2012-03-14,26314.01,1642.5,49.83,2012,3,1,14,Wednesday,11,-3.2907733023244568,27410.555666666663,27671.62411111111,26041.6149,31533.04,26047.9
2012-03-15,26621.56,1659.1,49.91,2012,3,1,15,Thursday,11,1.1687690321619648,27371.127333333334,27657.833444444448,26063.4121,31533.04,26047.9
2012-03-16,26813.95,1655.5,50.38,2012,3,1,16,Friday,11,0.7226849215447917,27342.191666666666,27648.21255555556,26086.00515,31533.04,26047.9
2012-03-19,26867.3,1666.9,50.13,2012,3,1,19,Monday,12,0.19896359917133122,27325.147666666668,27633.40366666667,26110.10915,31533.04,26047.9
2012-03-20,26592.01,1646.7,50.23,2012,3,1,20,Tuesday,12,-1.0246284516866266,27313.263333333332,27614.651666666665,26132.1388,31533.04,26047.9
2012-03-21,26730.18,1650.0,50.39,2012,3,1,21,Wednesday,12,0.5195921632099365,27286.192999999996,27596.18622222222,26154.35725,31533.04,26047.9
2012-03-22,26732.16,1642.3,50.63,2012,3,1,22,Thursday,12,0.0074073575262012525,27268.363333333335,27578.729888888887,26177.1958,31533.04,26047.9
2012-03-23,27320.65,1662.3,51.12,2012,3,1,23,Friday,12,2.201430785989622,27263.094999999998,27563.273555555556,26203.49855,31533.04,26047.9
2012-03-26,27727.96,1685.5,51.17,2012,3,1,26,Monday,13,1.4908503274995155,27273.393999999997,27553.610444444443,26231.427050000002,31533.04,26047.9
2012-03-27,27637.9,1684.8,51.02,2012,3,1,27,Tuesday,13,-0.3247985066337278,27283.342666666667,27540.117444444444,26260.0219,31533.04,26047.9
2012-03-28,27012.73,1657.9,50.68,2012,3,1,28,Wednesday,13,-2.262002539990382,27279.242000000002,27519.483666666663,26286.1664,31533.04,26047.9
2012-03-29,26970.32,1652.2,50.77,2012,3,1,29,Thursday,13,-0.1570000514572234,27265.1,27507.652555555556,26311.27755,31533.04,26047.9
2012-03-30,27552.7,1669.3,51.34,2012,3,1,30,Friday,13,2.159336633751474,27271.494333333332,27499.895333333334,26339.3206,31533.04,26047.9
2012-04-02,27434.56,1677.5,50.87,2012,4,2,2,Monday,14,-0.42877830484852053,27275.16533333333,27497.591666666667,26366.5781,31533.04,26047.9
2012-04-03,27311.9,1670.0,50.87,2012,4,2,3,Tuesday,14,-0.44710029976788856,27260.072,27484.50433333333,26392.331299999998,31533.04,26047.9
2012-04-04,26047.9,1612.3,50.25,2012,4,2,4,Wednesday,14,-4.628019288295581,27193.110333333334,27456.00688888889,26411.64735,31533.04,26047.9
2012-04-05,26758.85,1628.5,51.11,2012,4,2,5,Thursday,14,2.729394692086484,27143.600333333332,27439.850111111107,26433.928399999997,31533.04,26047.9
2012-04-09,26949.28,1642.5,51.03,2012,4,2,9,Monday,15,0.7116524065869712,27107.985,27420.095333333335,26456.9385,31533.04,26047.9
2012-04-10,27237.28,1659.5,51.05,2012,4,2,10,Tuesday,15,1.068674190924579,27084.374333333333,27404.799888888887,26483.773100000002,31533.04,26047.9
2012-04-11,27454.69,1659.0,51.47,2012,4,2,11,Wednesday,15,0.7982074568385622,27057.813000000002,27386.21322222222,26512.8635,31533.04,26047.9
2012-04-12,27785.85,1679.5,51.46,2012,4,2,12,Thursday,15,1.2062055699773033,27084.844666666664,27374.269777777776,26543.6023,31533.04,26047.9
2012-04-13,27325.66,1659.1,51.23,2012,4,2,13,Friday,15,-1.6562027074931929,27091.846,27357.73455555556,26571.86415,31533.04,26047.9
2012-04-16,27321.34,1648.7,51.54,2012,4,2,16,Monday,16,-0.015809316225112724,27101.591666666667,27345.356444444446,26599.39165,31533.04,26047.9
2012-04-17,27414.18,1650.3,51.67,2012,4,2,17,Tuesday,16,0.3398076375463299,27111.65,27333.922222222223,26628.367100000003,31533.04,26047.9
2012-04-18,27117.77,1638.8,51.47,2012,4,2,18,Wednesday,16,-1.0812287655512565,27122.955,27316.81688888889,26657.6975,31533.04,26047.9
2012-04-19,27316.34,1640.6,51.79,2012,4,2,19,Thursday,16,0.732250476348173,27125.053,27305.163,26686.290749999996,31533.04,26047.9
2012-04-20,27526.1,1642.1,52.14,2012,4,2,20,Friday,16,0.7678920382452326,27127.61133333333,27294.67488888889,26714.95835,31533.04,26047.9
2012-04-23,27318.4,1631.9,52.07,2012,4,2,23,Monday,17,-0.7545565844779945,27120.108333333334,27289.85611111111,26742.5051,31533.04,26047.9
2012-04-24,27731.35,1643.0,52.5,2012,4,2,24,Tuesday,17,1.5116185428136308,27138.476333333332,27285.785333333337,26771.332750000005,31533.04,26047.9
2012-04-25,27796.7,1641.4,52.67,2012,4,2,25,Wednesday,17,0.23565387188146936,27158.05266666667,27294.112888888885,26799.738899999997,31533.04,26047.9
2012-04-26,28032.88,1659.6,52.54,2012,4,2,26,Thursday,17,0.8496692053373334,27215.348333333335,27303.473444444448,26828.548850000003,31533.04,26047.9
2012-04-27,28034.98,1664.0,52.4,2012,4,2,27,Friday,17,0.007491203187104389,27262.462333333333,27311.678,26855.173,31533.04,26047.9
2012-04-30,28097.07,1663.4,52.54,2012,4,2,30,Monday,18,0.2214733165495364,27305.233,27324.88433333333,26882.116400000003,31533.04,26047.9
2012-05-01,28132.46,1661.7,52.66,2012,5,2,1,Tuesday,18,0.12595619400883606,27347.405000000002,27333.313777777774,26909.307350000003,31533.04,26047.9
2012-05-02,27923.9,1653.4,52.53,2012,5,2,2,Wednesday,18,-0.7413500276904239,27391.80133333333,27340.064888888886,26934.29945,31533.04,26047.9
2012-05-03,27824.51,1634.2,52.96,2012,5,2,3,Thursday,18,-0.35593165711094166,27428.279,27348.098555555556,26958.90105,31533.04,26047.9
2012-05-04,28241.24,1644.7,53.41,2012,5,2,4,Friday,18,1.4977083154384507,27478.581666666665,27360.877888888885,26986.22045,31533.04,26047.9
2012-05-07,28168.1,1638.6,53.47,2012,5,2,7,Monday,19,-0.2589829625044948,27506.83,27373.732111111112,27013.88025,31533.04,26047.9
2012-05-08,27281.95,1604.0,52.9,2012,5,2,8,Tuesday,19,-3.1459345855772924,27491.963,27381.795333333335,27036.255250000002,31533.04,26047.9
2012-05-09,27216.92,1593.7,53.12,2012,5,2,9,Wednesday,19,-0.238362727004493,27477.930333333334,27393.423333333336,27057.431700000005,31533.04,26047.9
2012-05-10,27599.82,1595.1,53.82,2012,5,2,10,Thursday,19,1.4068454476112713,27497.5,27403.63188888889,27080.280499999997,31533.04,26047.9
2012-05-11,27113.17,1583.6,53.25,2012,5,2,11,Friday,19,-1.7632361370472749,27502.261666666665,27400.311888888886,27101.48505,31533.04,26047.9
2012-05-14,26907.54,1560.6,53.63,2012,5,2,14,Monday,20,-0.758413715548556,27480.75633333333,27393.81233333333,27121.826599999997,31533.04,26047.9
2012-05-15,27007.19,1556.8,53.96,2012,5,2,15,Tuesday,20,0.37034229067389735,27466.51066666667,27388.155666666666,27141.66415,31533.04,26047.9
2012-05-16,26565.86,1536.2,53.79,2012,5,2,16,Wednesday,20,-1.634120395346561,27441.642666666667,27378.737999999998,27159.4507,31533.04,26047.9
2012-05-17,27582.54,1574.5,54.49,2012,5,2,17,Thursday,20,3.827017081321671,27492.797333333336,27382.737222222222,27181.0629,31533.04,26047.9
2012-05-18,27871.87,1591.6,54.47,2012,5,2,18,Friday,20,1.0489606830987874,27529.898,27387.236444444443,27202.064049999997,31533.04,26047.9
2012-05-21,27790.3,1588.4,54.42,2012,5,2,21,Monday,21,-0.29266066467732443,27557.931999999997,27393.862555555555,27223.036550000004,31533.04,26047.9
2012-05-22,27887.74,1576.3,55.03,2012,5,2,22,Tuesday,21,0.3506259378272425,27579.613999999998,27399.19544444444,27244.360749999996,31533.04,26047.9
2012-05-23,27568.01,1548.1,55.39,2012,5,2,23,Wednesday,21,-1.146489460960276,27583.391333333333,27405.847333333335,27259.220450000004,31533.04,26047.9
2012-05-24,28034.76,1557.3,55.99,2012,5,2,24,Thursday,21,1.6930855727344873,27591.688333333335,27413.54111111111,27273.5158,31533.04,26047.9
2012-05-25,28023.38,1568.8,55.56,2012,5,2,25,Friday,21,-0.040592464497635206,27614.945666666667,27424.646888888892,27284.1937,31533.04,26047.9
2012-05-29,27566.96,1548.6,55.37,2012,5,2,29,Tuesday,22,-1.628711454506926,27623.132999999998,27433.372,27294.82465,31533.04,26047.9
2012-05-30,27981.21,1563.4,55.67,2012,5,2,30,Wednesday,22,1.5027046870601524,27642.034,27445.311555555556,27308.0265,31533.04,26047.9
2012-05-31,28248.23,1562.6,56.23,2012,5,2,31,Thursday,22,0.9542832493662834,27679.716,27458.127888888892,27321.167250000002,31533.04,26047.9
2012-06-01,29216.78,1620.5,56.08,2012,6,2,1,Friday,22,3.4287104006162528,27743.064000000002,27486.458666666666,27337.6463,31533.04,26047.9
2012-06-04,28787.23,1612.2,55.54,2012,6,2,4,Monday,23,-1.4702167726902138,27785.10166666667,27502.706777777777,27351.280100000004,31533.04,26047.9
2012-06-05,28897.92,1615.2,55.65,2012,6,2,5,Tuesday,23,0.3845107709216755,27837.75233333333,27515.451444444443,27363.306099999998,31533.04,26047.9
2012-06-06,29207.56,1632.8,55.64,2012,6,2,6,Wednesday,23,1.0714958031581512,27886.959333333336,27515.231222222224,27373.48585,31533.04,26047.9
2012-06-07,28238.3,1586.6,55.36,2012,6,2,7,Thursday,23,-3.318524382043564,27901.679333333333,27523.59177777778,27376.0375,31533.04,26047.9
2012-06-08,28085.88,1590.1,54.94,2012,6,2,8,Friday,23,-0.5397633710244487,27903.446,27509.783333333333,27380.21685,31533.04,26047.9
2012-06-11,28427.48,1595.5,55.42,2012,6,2,11,Monday,24,1.2162695276060287,27916.529333333332,27516.70633333333,27393.9415,31533.04,26047.9
2012-06-12,28858.38,1612.7,55.66,2012,6,2,12,Tuesday,24,1.5157868372434047,27941.906333333336,27529.777,27408.2718,31533.04,26047.9
2012-06-13,29027.84,1618.1,55.8,2012,6,2,13,Wednesday,24,0.5872124492088515,27971.75233333333,27548.101666666666,27420.71445,31533.04,26047.9
2012-06-14,28970.78,1618.4,55.68,2012,6,2,14,Thursday,24,-0.19656991357263065,28006.648333333334,27570.571,27432.8823,31533.04,26047.9
2012-06-15,29187.5,1627.0,55.8,2012,6,2,15,Friday,24,0.7480640838803732,28052.081333333335,27588.85111111111,27444.1819,31533.04,26047.9
2012-06-18,28949.88,1625.7,55.39,2012,6,2,18,Monday,25,-0.8141156316916476,28075.702666666668,27607.54922222222,27453.896199999996,31533.04,26047.9
2012-06-19,29156.15,1622.2,55.9,2012,6,2,19,Tuesday,25,0.7125072711873015,28108.637666666662,27626.187555555553,27465.41355,31533.04,26047.9
2012-06-20,29046.52,1614.8,55.95,2012,6,2,20,Wednesday,25,-0.3760098641281573,28167.456666666665,27644.271222222218,27472.995899999998,31533.04,26047.9
2012-06-21,28242.33,1564.5,56.15,2012,6,2,21,Thursday,25,-2.7686277047990537,28201.637,27654.30333333333,27475.982799999998,31533.04,26047.9
2012-06-22,28344.93,1566.0,56.3,2012,6,2,22,Friday,25,0.36328447405011843,28226.474,27667.738666666668,27483.436750000004,31533.04,26047.9
2012-06-25,29152.61,1587.5,57.12,2012,6,2,25,Monday,26,2.84946902320804,28294.45533333333,27687.27233333333,27491.953849999998,31533.04,26047.9
2012-06-26,28849.03,1574.0,57.01,2012,6,2,26,Tuesday,26,-1.0413475843157882,28359.17166666667,27703.80744444445,27498.53645,31533.04,26047.9
2012-06-27,28913.18,1577.5,57.01,2012,6,2,27,Wednesday,26,0.22236449544403847,28422.70466666667,27721.46022222222,27507.3955,31533.04,26047.9
2012-06-28,28324.93,1549.7,56.85,2012,6,2,28,Thursday,26,-2.03453926548377,28481.340333333334,27727.684999999998,27510.527850000002,31533.04,26047.9
2012-06-29,29281.46,1603.5,56.8,2012,6,2,29,Friday,26,3.376989810742681,28537.971,27741.29288888889,27517.813650000004,31533.04,26047.9
2012-07-02,28501.42,1597.2,55.5,2012,7,3,2,Monday,27,-2.6639382052670912,28558.956,27744.151444444444,27524.346550000002,31533.04,26047.9
2012-07-03,28892.38,1621.3,55.43,2012,7,3,3,Tuesday,27,1.371721128280634,28595.692,27753.869666666666,27530.4402,31533.04,26047.9
2012-07-05,28180.0,1608.9,54.48,2012,7,3,5,Thursday,27,-2.4656328069892486,28605.434,27756.47411111111,27536.64025,31533.04,26047.9
2012-07-06,27879.22,1578.4,54.94,2012,7,3,6,Friday,27,-1.0673527324343457,28615.807666666668,27752.337333333333,27537.4404,31533.04,26047.9
2012-07-09,28296.88,1588.6,55.4,2012,7,3,9,Monday,28,1.4981050402414375,28624.545,27767.025999999998,27539.870499999997,31533.04,26047.9
2012-07-10,28354.64,1579.3,55.84,2012,7,3,10,Tuesday,28,0.2041214437775496,28635.587,27780.79288888889,27546.856900000002,31533.04,26047.9
2012-07-11,28050.6,1575.2,55.39,2012,7,3,11,Wednesday,28,-1.0722760013881394,28651.708333333332,27792.144333333337,27556.8801,31533.04,26047.9
2012-07-12,27982.9,1564.9,55.62,2012,7,3,12,Thursday,28,-0.2413495611501948,28651.764666666666,27801.816222222224,27570.476450000002,31533.04,26047.9
2012-07-13,28618.97,1591.6,55.93,2012,7,3,13,Friday,28,2.2730667657748116,28664.122666666666,27822.26455555555,27582.4934,31533.04,26047.9
2012-07-16,28207.62,1591.2,55.14,2012,7,3,16,Monday,29,-1.4373333491736529,28630.484,27832.867,27596.7104,31533.04,26047.9
2012-07-17,28124.42,1589.1,55.05,2012,7,3,17,Tuesday,29,-0.2949557601811148,28608.390333333333,27840.367777777774,27610.73,31533.04,26047.9
2012-07-18,27818.7,1570.4,55.1,2012,7,3,18,Wednesday,29,-1.0870268613539347,28572.416333333338,27843.425666666666,27622.550450000002,31533.04,26047.9
2012-07-19,28099.75,1580.1,55.31,2012,7,3,19,Thursday,29,1.0102916383583738,28535.489333333335,27853.641666666666,27632.474200000004,31533.04,26047.9
2012-07-20,28043.22,1582.5,55.12,2012,7,3,20,Friday,29,-0.2011761670477452,28528.986666666668,27862.906222222216,27645.242000000002,31533.04,26047.9
2012-07-23,28048.94,1577.1,55.32,2012,7,3,23,Monday,30,0.02039708706773613,28527.75533333333,27882.183222222226,27655.4825,31533.04,26047.9
2012-07-24,28356.19,1576.0,55.96,2012,7,3,24,Tuesday,30,1.0954068139473305,28525.379,27901.45688888889,27666.74615,31533.04,26047.9
2012-07-25,29006.92,1608.0,56.11,2012,7,3,25,Wednesday,30,2.2948428544173227,28530.33033333333,27925.82322222222,27682.92725,31533.04,26047.9
2012-07-26,29159.15,1615.0,56.16,2012,7,3,26,Thursday,30,0.5248058049596604,28534.707333333332,27951.28822222222,27697.497000000003,31533.04,26047.9
2012-07-27,28878.61,1617.9,55.52,2012,7,3,27,Friday,30,-0.962099375324732,28531.635,27976.69488888889,27711.655600000002,31533.04,26047.9
2012-07-30,28770.13,1619.7,55.25,2012,7,3,30,Monday,31,-0.37564134838899976,28517.722666666665,27999.361,27722.4282,31533.04,26047.9
2012-07-31,28697.33,1610.5,55.42,2012,7,3,31,Tuesday,31,-0.2530402191439518,28509.304333333333,28021.196222222217,27734.82405,31533.04,26047.9
2012-08-01,28692.17,1603.7,55.65,2012,8,3,1,Wednesday,31,-0.01798076685184391,28493.838333333333,28036.435333333335,27745.27,31533.04,26047.9
2012-08-02,28308.68,1587.4,55.47,2012,8,3,2,Thursday,31,-1.3365667358028244,28469.24366666667,28042.887777777778,27755.1237,31533.04,26047.9
2012-08-03,28831.43,1606.0,55.84,2012,8,3,3,Friday,31,1.8466067651335294,28488.88033333333,28056.149222222222,27769.44315,31533.04,26047.9
2012-08-06,28908.63,1612.9,55.75,2012,8,3,6,Monday,32,0.26776334021587633,28507.67033333333,28077.21477777778,27783.697050000002,31533.04,26047.9
2012-08-07,28732.24,1609.7,55.52,2012,8,3,7,Tuesday,32,-0.6101638161337908,28493.658,28096.791666666668,27800.36415,31533.04,26047.9
2012-08-08,28553.41,1612.9,55.06,2012,8,3,8,Wednesday,32,-0.622401873296341,28483.804,28107.910666666667,27812.07505,31533.04,26047.9
2012-08-09,28812.33,1617.1,55.42,2012,8,3,9,Thursday,32,0.9067918682917453,28480.442333333332,28123.219222222222,27823.8643,31533.04,26047.9
2012-08-10,28780.55,1619.7,55.27,2012,8,3,10,Friday,32,-0.11030000003471319,28495.629666666668,28139.53755555556,27832.3881,31533.04,26047.9
2012-08-13,28606.26,1609.6,55.28,2012,8,3,13,Monday,33,-0.6055825896308487,28473.123,28167.963777777775,27838.58815,31533.04,26047.9
2012-08-14,28455.83,1599.4,55.34,2012,8,3,14,Tuesday,33,-0.5258639192959769,28471.603333333333,28186.819111111112,27842.2702,31533.04,26047.9
2012-08-15,28692.17,1603.7,55.65,2012,8,3,15,Wednesday,33,0.8305503652502821,28464.929666666667,28206.184555555556,27845.966549999997,31533.04,26047.9
2012-08-16,28914.02,1616.1,55.65,2012,8,3,16,Thursday,33,0.7732074639178688,28489.397,28224.815000000002,27855.75375,31533.04,26047.9
2012-08-17,28902.01,1616.3,55.62,2012,8,3,17,Friday,33,-0.04153694297783783,28523.49,28240.896333333334,27866.389,31533.04,26047.9
2012-08-20,29027.26,1620.1,55.73,2012,8,3,20,Monday,34,0.433360863137211,28547.836000000003,28254.689777777778,27874.6399,31533.04,26047.9
2012-08-21,29260.75,1639.9,55.5,2012,8,3,21,Tuesday,34,0.8043818121310942,28578.039666666667,28276.190777777778,27881.63005,31533.04,26047.9
2012-08-22,29145.07,1637.4,55.36,2012,8,3,22,Wednesday,34,-0.3953418828977373,28614.522,28296.454444444444,27888.95625,31533.04,26047.9
2012-08-23,29788.0,1669.6,55.49,2012,8,3,23,Thursday,34,2.20596485100224,28674.692,28322.83022222222,27896.895750000003,31533.04,26047.9
2012-08-24,29665.41,1669.8,55.26,2012,8,3,24,Friday,34,-0.41154156035987377,28709.573333333337,28351.137333333332,27903.82435,31533.04,26047.9
2012-08-27,29840.65,1672.4,55.5,2012,8,3,27,Monday,35,0.590721651917181,28764.007666666665,28379.185222222222,27911.06725,31533.04,26047.9
2012-08-28,29837.17,1666.5,55.69,2012,8,3,28,Tuesday,35,-0.011661944361140986,28821.09933333333,28404.863777777777,27918.73695,31533.04,26047.9
2012-08-29,29703.87,1659.8,55.66,2012,8,3,29,Wednesday,35,-0.446758187857621,28883.93833333333,28431.369,27923.6977,31533.04,26047.9
2012-08-30,29569.87,1653.5,55.62,2012,8,3,30,Thursday,35,-0.4511196689185648,28932.94233333333,28451.797,27928.558849999998,31533.04,26047.9
2012-08-31,30128.74,1684.6,55.63,2012,8,3,31,Friday,35,1.889998163671347,29002.459666666666,28477.708555555557,27934.9412,31533.04,26047.9
2012-09-04,30222.76,1692.9,55.53,2012,9,3,4,Tuesday,36,0.312060842902806,29074.92033333333,28502.040555555555,27941.706149999998,31533.04,26047.9
2012-09-05,30250.5,1690.8,55.65,2012,9,3,5,Wednesday,36,0.09178513147045653,29138.064,28526.657444444445,27952.783050000002,31533.04,26047.9
2012-09-06,30601.2,1702.6,55.9,2012,9,3,6,Thursday,36,1.1593196806664485,29191.20666666667,28554.48111111111,27964.5348,31533.04,26047.9
2012-09-07,31091.61,1737.5,55.66,2012,9,3,7,Friday,36,1.6025842123838174,29255.622,28587.36055555556,27981.783400000004,31533.04,26047.9
2012-09-10,30767.4,1728.7,55.36,2012,9,3,10,Monday,37,-1.0427571939825575,29318.58166666667,28618.955,27993.1716,31533.04,26047.9
2012-09-11,30867.11,1731.8,55.44,2012,9,3,11,Tuesday,37,0.3240767825685609,29388.481000000003,28652.761666666665,28004.443799999997,31533.04,26047.9
2012-09-12,30790.09,1730.6,55.34,2012,9,3,12,Wednesday,37,-0.24952125417637694,29458.239666666665,28681.082222222227,28017.329449999997,31533.04,26047.9
2012-09-13,31401.12,1769.1,55.21,2012,9,3,13,Thursday,37,1.9845021563756449,29548.538,28717.004666666668,28030.699,31533.04,26047.9
2012-09-14,31533.04,1769.8,55.42,2012,9,3,14,Friday,37,0.4201124036340209,29656.016666666666,28764.238999999998,28045.29485,31533.04,26047.9
2012-09-17,30859.09,1767.7,54.3,2012,9,3,17,Monday,38,-2.137282038141586,29723.605333333333,28804.707555555557,28053.95285,31533.04,26047.9
2012-09-18,30706.43,1768.4,54.01,2012,9,3,18,Tuesday,38,-0.4947002649786536,29783.532000000003,28839.225444444444,28063.181199999995,31533.04,26047.9
2012-09-19,30722.54,1769.0,54.02,2012,9,3,19,Wednesday,38,0.05246458152250444,29849.875333333333,28879.329555555556,28072.72475,31533.04,26047.9
2012-09-20,30699.96,1767.7,54.02,2012,9,3,20,Thursday,38,-0.07349652730536116,29921.427000000003,28921.467555555555,28084.0477,31533.04,26047.9
2012-09-21,30972.42,1775.5,54.26,2012,9,3,21,Friday,38,0.8874930130202019,29993.429999999997,28965.52566666667,28096.693499999998,31533.04,26047.9
2012-09-24,30228.8,1762.1,53.36,2012,9,3,24,Monday,39,-2.400910229165165,30041.705,29006.225,28104.55125,31533.04,26047.9
2012-09-25,30320.34,1763.8,53.47,2012,9,3,25,Tuesday,39,0.3028237971735681,30098.841,29036.644999999997,28114.327,31533.04,26047.9
2012-09-26,30031.51,1750.6,53.36,2012,9,3,26,Wednesday,39,-0.952594858764777,30151.363666666668,29060.641000000003,28122.1344,31533.04,26047.9
2012-09-27,30580.42,1777.6,53.51,2012,9,3,27,Thursday,39,1.8277802215073358,30214.305333333334,29091.642333333333,28136.27605,31533.04,26047.9
2012-09-28,30183.89,1771.1,53.01,2012,9,3,28,Friday,39,-1.296679378504284,30256.634333333335,29117.15511111111,28146.7069,31533.04,26047.9
2012-10-01,30252.5,1780.5,52.85,2012,10,4,1,Monday,40,0.22730668578503366,30301.65066666667,29146.982777777775,28162.733299999996,31533.04,26047.9
2012-10-02,29863.5,1772.7,52.4,2012,10,4,2,Tuesday,40,-1.2858441451119695,30329.525333333335,29167.302111111112,28176.098649999996,31533.04,26047.9
2012-10-03,29940.99,1777.3,52.4,2012,10,4,3,Wednesday,40,0.2594806368978908,30352.2,29188.608888888888,28189.32075,31533.04,26047.9
2012-10-04,30082.69,1794.1,52.15,2012,10,4,4,Thursday,40,0.47326424410147894,30383.454,29216.561444444444,28205.1917,31533.04,26047.9
2012-10-05,29585.48,1778.6,51.74,2012,10,4,5,Friday,40,-1.652810968699936,30376.70333333333,29234.386666666665,28216.25005,31533.04,26047.9
2012-10-08,29597.58,1773.5,51.91,2012,10,4,8,Monday,41,0.04089844072161508,30374.442333333332,29249.379444444443,28227.65645,31533.04,26047.9
2012-10-09,29836.13,1763.0,52.64,2012,10,4,9,Tuesday,41,0.8059780563140606,30374.291666666668,29256.26111111111,28241.3297,31533.04,26047.9
2012-10-10,29884.86,1763.2,52.72,2012,10,4,10,Wednesday,41,0.16332547150048615,30375.881333333335,29268.457,28255.2985,31533.04,26047.9
2012-10-11,30164.6,1768.8,53.04,2012,10,4,11,Thursday,41,0.9360592621146635,30391.239,29282.531222222224,28271.0654,31533.04,26047.9
2012-10-12,29768.46,1758.0,52.67,2012,10,4,12,Friday,41,-1.3132612399965549,30397.858666666667,29288.763444444445,28287.126399999997,31533.04,26047.9
2012-10-15,29471.28,1736.0,52.8,2012,10,4,15,Monday,42,-0.9983049173521219,30375.943333333336,29302.46322222222,28303.6308,31533.04,26047.9
2012-10-16,29736.78,1744.7,53.01,2012,10,4,16,Tuesday,42,0.900877057257099,30359.744000000002,29320.806555555555,28318.909450000003,31533.04,26047.9
2012-10-17,29771.02,1751.5,52.87,2012,10,4,17,Wednesday,42,0.11514360330877604,30343.761333333336,29335.734777777776,28330.7047,31533.04,26047.9
2012-10-18,29631.65,1743.3,52.87,2012,10,4,18,Thursday,42,-0.46813982188046444,30311.442999999996,29344.326666666664,28341.40045,31533.04,26047.9
2012-10-19,29582.3,1722.8,53.41,2012,10,4,19,Friday,42,-0.16654489372006642,30261.132666666665,29350.487333333338,28351.730499999998,31533.04,26047.9
2012-10-22,29860.28,1725.1,53.84,2012,10,4,22,Monday,43,0.939683526973889,30230.895333333334,29360.370666666666,28363.96465,31533.04,26047.9
2012-10-23,29366.27,1708.3,53.47,2012,10,4,23,Tuesday,43,-1.6544051160940154,30180.867333333335,29362.357,28374.68295,31533.04,26047.9
2012-10-24,29368.87,1700.5,53.72,2012,10,4,24,Wednesday,43,0.008853695072597034,30133.493333333336,29367.012444444445,28384.1926,31533.04,26047.9
2012-10-25,29575.74,1712.0,53.73,2012,10,4,25,Thursday,43,0.7043852895940672,30072.647333333334,29371.674555555554,28396.101550000003,31533.04,26047.9
2012-10-26,29454.97,1710.9,53.55,2012,10,4,26,Friday,43,-0.4083414311865097,30003.378333333334,29376.21288888889,28406.3375,31533.04,26047.9
2012-10-31,29795.0,1717.5,53.96,2012,10,4,31,Wednesday,44,1.154406200379765,29967.908666666666,29393.46477777778,28420.4658,31533.04,26047.9
2012-11-01,29691.92,1714.1,53.88,2012,11,4,1,Thursday,44,-0.3459640879342252,29934.091666666667,29408.43133333333,28432.213799999998,31533.04,26047.9
2012-11-02,28877.94,1674.1,53.65,2012,11,4,2,Friday,44,-2.7414192143855987,29872.605,29405.379444444443,28441.4842,31533.04,26047.9
2012-11-05,29101.49,1682.2,53.81,2012,11,4,5,Monday,45,0.7741203146761855,29819.322666666663,29408.184555555556,28453.083150000006,31533.04,26047.9
2012-11-06,30083.2,1714.1,54.59,2012,11,4,6,Tuesday,45,3.373401155748379,29789.682000000004,29421.184777777777,28468.9659,31533.04,26047.9
2012-11-07,29973.77,1713.2,54.42,2012,11,4,7,Wednesday,45,-0.36375784491011753,29781.180999999997,29439.50522222222,28483.360950000002,31533.04,26047.9
2012-11-08,30065.18,1725.4,54.2,2012,11,4,8,Thursday,45,0.3049666425011033,29772.675666666666,29448.21322222222,28500.351799999997,31533.04,26047.9
2012-11-09,30239.57,1730.3,54.36,2012,11,4,9,Friday,45,0.5800397669330382,29779.610999999997,29467.525999999998,28514.925150000003,31533.04,26047.9
2012-11-12,30367.52,1730.3,54.59,2012,11,4,12,Monday,46,0.4231210959679599,29772.514333333333,29483.916444444443,28528.00825,31533.04,26047.9
2012-11-13,30421.22,1724.2,54.88,2012,11,4,13,Tuesday,46,0.1768336696575945,29780.425333333333,29508.81888888889,28533.977450000002,31533.04,26047.9
2012-11-14,30514.73,1729.5,54.88,2012,11,4,14,Wednesday,46,0.3073841220043061,29789.166333333334,29538.102333333332,28549.12185,31533.04,26047.9
2012-11-15,30187.59,1713.3,54.8,2012,11,4,15,Thursday,46,-1.072072405687352,29799.96933333333,29559.11022222222,28553.416599999997,31533.04,26047.9
2012-11-16,30147.34,1714.3,54.7,2012,11,4,16,Friday,46,-0.1333329358189861,29806.847666666665,29579.02911111111,28565.13125,31533.04,26047.9
2012-11-19,30750.23,1734.0,55.16,2012,11,4,19,Monday,47,1.999811592001155,29829.099,29609.025,28580.4723,31533.04,26047.9
2012-11-20,30503.3,1723.2,55.06,2012,11,4,20,Tuesday,47,-0.803018383927534,29859.693000000003,29637.029444444444,28596.095699999998,31533.04,26047.9
2012-11-21,30608.72,1727.9,55.1,2012,11,4,21,Wednesday,47,0.34560195126429605,29893.397666666664,29659.13777777778,28614.396599999996,31533.04,26047.9
2012-11-23,31085.17,1751.3,55.21,2012,11,4,23,Friday,47,1.5565825686274959,29935.032333333333,29691.11055555556,28632.111,31533.04,26047.9
2012-11-26,31185.41,1749.5,55.44,2012,11,4,26,Monday,48,0.32246888146341135,29978.384000000002,29725.121555555554,28651.7028,31533.04,26047.9
2012-11-27,31163.39,1742.2,55.64,2012,11,4,27,Tuesday,48,-0.07060994227749973,30011.677,29762.284777777775,28670.12625,31533.04,26047.9
2012-11-28,30599.93,1716.5,55.45,2012,11,4,28,Wednesday,48,-1.8080831385802298,30039.392666666667,29790.064555555557,28686.030949999997,31533.04,26047.9
2012-11-29,30932.28,1727.2,55.7,2012,11,4,29,Thursday,48,1.0861135956846901,30088.092666666667,29822.165222222222,28703.995150000002,31533.04,26047.9
2012-11-30,30164.56,1710.9,54.84,2012,11,4,30,Friday,48,-2.4819379625426796,30102.352,29845.672111111107,28719.139199999998,31533.04,26047.9
2012-12-03,29997.28,1719.6,54.26,2012,12,4,3,Monday,49,-0.554558064165378,30109.893999999997,29863.906444444445,28732.1527,31533.04,26047.9
2012-12-04,29835.52,1694.4,54.77,2012,12,4,4,Tuesday,49,-0.5392488918995242,30116.68966666667,29873.113111111106,28744.525949999996,31533.04,26047.9
2012-12-05,29748.61,1692.4,54.67,2012,12,4,5,Wednesday,49,-0.29129708481702155,30122.233333333334,29879.662666666667,28756.64685,31533.04,26047.9
2012-12-06,29813.67,1700.3,54.54,2012,12,4,6,Thursday,49,0.21869929384934483,30120.679666666667,29890.052222222224,28766.8917,31533.04,26047.9
2012-12-07,29656.67,1704.0,54.13,2012,12,4,7,Friday,49,-0.5266040712196829,30130.359666666664,29899.902666666665,28774.8913,31533.04,26047.9
2012-12-10,29926.21,1713.0,54.34,2012,12,4,10,Monday,50,0.9088680556515571,30148.93766666667,29913.55688888889,28783.301599999995,31533.04,26047.9
2012-12-11,29924.73,1708.2,54.49,2012,12,4,11,Tuesday,50,-0.004945497608954685,30160.570666666667,29927.251999999997,28792.836550000004,31533.04,26047.9
2012-12-12,29944.95,1716.6,54.26,2012,12,4,12,Wednesday,50,0.06756953195568016,30176.903333333332,29945.43277777778,28802.833300000002,31533.04,26047.9
2012-12-13,29611.33,1695.6,54.32,2012,12,4,13,Thursday,50,-1.114111060462608,30170.781000000003,29954.098333333335,28809.632300000005,31533.04,26047.9
2012-12-14,29691.15,1695.8,54.46,2012,12,4,14,Friday,50,0.26955898299738656,30170.75533333333,29962.793,28823.21355,31533.04,26047.9
2012-12-17,29701.25,1697.0,54.44,2012,12,4,17,Monday,51,0.03401687034687573,30198.199,29973.559777777777,28836.1417,31533.04,26047.9
2012-12-18,29440.01,1669.5,54.85,2012,12,4,18,Tuesday,51,-0.8795589411220162,30209.483,29983.410888888888,28848.1969,31533.04,26047.9
2012-12-19,29387.11,1666.5,54.85,2012,12,4,19,Wednesday,51,-0.1796874389648595,30186.279999999995,29989.797333333336,28859.5703,31533.04,26047.9
2012-12-20,28847.56,1644.9,54.55,2012,12,4,20,Thursday,51,-1.8360090529487172,30148.73966666667,29990.541888888885,28869.915,31533.04,26047.9
2012-12-21,29256.62,1659.1,54.85,2012,12,4,21,Friday,51,1.418005543623102,30121.787666666667,29997.76811111111,28879.931099999998,31533.04,26047.9
2012-12-24,29359.78,1658.6,55.06,2012,12,4,24,Monday,52,0.3526039576683848,30092.461333333336,30007.812,28889.48325,31533.04,26047.9
2012-12-26,29354.34,1659.8,55.01,2012,12,4,26,Wednesday,52,-0.018528749193624794,30058.68866666667,30015.169444444444,28898.5375,31533.04,26047.9
2012-12-27,29312.99,1662.6,54.84,2012,12,4,27,Thursday,52,-0.1408650305201875,30021.747666666666,30019.60244444445,28909.2009,31533.04,26047.9
2012-12-28,29232.57,1654.9,54.94,2012,12,4,28,Friday,52,-0.274349358424375,29979.009000000002,30023.275333333335,28919.316700000003,31533.04,26047.9
2012-12-31,29482.32,1674.8,54.75,2012,12,4,31,Monday,1,0.8543552619560968,29955.5,30028.331555555553,28935.158249999997,31533.04,26047.9
2013-01-02,29672.22,1687.9,54.68,2013,1,1,2,Wednesday,1,0.6441148457787538,29939.662666666667,30032.903444444444,28950.411550000004,30659.26,23465.61
2013-01-03,29245.02,1673.7,54.35,2013,1,1,3,Thursday,1,-1.439730495392666,29889.489,30034.014000000003,28962.566899999998,30659.26,23465.61
2013-01-04,28877.19,1648.1,54.5,2013,1,1,4,Friday,1,-1.2577526019814766,29835.285333333337,30023.89388888889,28972.616350000004,30659.26,23465.61
2013-01-07,29033.72,1645.5,54.88,2013,1,1,7,Monday,2,0.5420541264576029,29782.785333333337,30016.87511111111,28984.824900000003,30659.26,23465.61
2013-01-08,29496.59,1661.5,55.22,2013,1,1,8,Tuesday,2,1.594249720669616,29729.832666666665,30013.052222222224,28998.656949999997,30659.26,23465.61
2013-01-09,29255.27,1654.8,54.99,2013,1,1,9,Wednesday,2,-0.8181284684093959,29665.494666666666,30006.58666666667,29011.2725,30659.26,23465.61
2013-01-10,29523.63,1677.3,54.75,2013,1,1,10,Thursday,2,0.9173048137993689,29610.836000000003,30004.584,29022.2874,30659.26,23465.61
2013-01-11,29117.71,1660.0,54.56,2013,1,1,11,Friday,2,-1.3748986828516774,29561.428666666667,29999.559999999998,29029.23615,30659.26,23465.61
2013-01-14,29440.16,1668.9,54.87,2013,1,1,14,Monday,3,1.107401646626749,29511.691333333332,29991.909111111116,29038.247450000003,30659.26,23465.61
2013-01-15,29492.99,1683.4,54.49,2013,1,1,15,Tuesday,3,0.17944875299591434,29489.305666666667,29983.800555555554,29050.64875,30659.26,23465.61
2013-01-16,29545.64,1682.7,54.61,2013,1,1,16,Wednesday,3,0.17851699675075494,29474.251,29975.968777777776,29063.52535,30659.26,23465.61
2013-01-17,29721.61,1690.4,54.69,2013,1,1,17,Thursday,3,0.5955870307768008,29470.454,29966.195555555558,29074.369899999998,30659.26,23465.61
2013-01-18,29470.42,1686.6,54.35,2013,1,1,18,Friday,3,-0.8451426420035824,29461.181,29948.18233333333,29084.549199999998,30659.26,23465.61
2013-01-22,29263.1,1692.8,53.77,2013,1,1,22,Tuesday,4,-0.7034850538268578,29442.828666666665,29931.46788888889,29094.3052,30659.26,23465.61
2013-01-23,29172.42,1686.3,53.81,2013,1,1,23,Wednesday,4,-0.3098783109103276,29426.686999999998,29912.638,29109.9278,30659.26,23465.61
2013-01-24,28806.64,1669.5,53.67,2013,1,1,24,Thursday,4,-1.2538555251843997,29389.368,29890.599666666665,29120.166749999997,30659.26,23465.61
2013-01-25,28585.93,1656.4,53.68,2013,1,1,25,Friday,4,-0.7661775201828425,29344.74133333333,29859.319777777782,29128.35,30659.26,23465.61
2013-01-28,28577.99,1652.4,53.79,2013,1,1,28,Monday,5,-0.027775902340765324,29299.176,29826.48588888889,29135.05355,30659.26,23465.61
2013-01-29,28782.94,1660.7,53.91,2013,1,1,29,Tuesday,5,0.7171603041361552,29271.563,29803.417555555552,29141.6948,30659.26,23465.61
2013-01-30,29034.7,1679.9,53.76,2013,1,1,30,Wednesday,5,0.8746847959242521,29249.681333333334,29784.84277777778,29147.93905,30659.26,23465.61
2013-01-31,28458.2,1660.6,53.3,2013,1,1,31,Thursday,5,-1.9855552149669164,29208.246333333333,29759.683444444447,29153.601749999998,30659.26,23465.61
2013-02-01,28560.7,1669.4,53.21,2013,2,1,1,Friday,5,0.36017738296869606,29178.936,29735.91388888889,29159.79855,30659.26,23465.61
2013-02-04,28634.71,1675.3,53.16,2013,2,1,4,Monday,6,0.2591323041802207,29153.856000000003,29709.939333333336,29165.901199999997,30659.26,23465.61
2013-02-05,28649.67,1672.4,53.28,2013,2,1,5,Tuesday,6,0.052244286741509605,29147.25966666667,29692.393444444442,29173.560699999998,30659.26,23465.61
2013-02-06,28659.55,1677.7,53.13,2013,2,1,6,Wednesday,6,0.03448556300997829,29127.357333333333,29673.940222222223,29180.276750000005,30659.26,23465.61
2013-02-07,28545.59,1670.4,53.15,2013,2,1,7,Thursday,6,-0.39763359857359903,29100.217666666664,29657.429999999997,29185.3742,30659.26,23465.61
2013-02-08,28505.21,1666.0,53.22,2013,2,1,8,Friday,6,-0.14145792747671804,29071.913333333334,29634.372111111108,29191.308250000002,30659.26,23465.61
2013-02-11,28396.72,1648.2,53.59,2013,2,1,11,Monday,7,-0.38059709084760085,29041.371,29614.51466666667,29194.6351,30659.26,23465.61
2013-02-12,28601.46,1648.7,53.96,2013,2,1,12,Tuesday,7,0.7209987632374348,29020.334,29596.16977777778,29198.658900000002,30659.26,23465.61
2013-02-13,28465.25,1644.2,53.85,2013,2,1,13,Wednesday,7,-0.4762344299906296,28986.431666666664,29580.63366666667,29200.82075,30659.26,23465.61
2013-02-14,28285.01,1634.7,53.82,2013,2,1,14,Thursday,7,-0.633193103872276,28940.191333333332,29562.233888888888,29202.0709,30659.26,23465.61
2013-02-15,27888.59,1608.8,53.92,2013,2,1,15,Friday,7,-1.4015197449108174,28894.977000000003,29537.855000000003,29201.028499999997,30659.26,23465.61
2013-02-19,27932.5,1603.6,54.18,2013,2,1,19,Tuesday,8,0.1574479025293174,28863.487333333338,29519.48855555556,29200.028700000003,30659.26,23465.61
2013-02-20,27472.0,1577.6,54.16,2013,2,1,20,Wednesday,8,-1.648617202183833,28811.429999999997,29495.871000000003,29197.7692,30659.26,23465.61
2013-02-21,27434.25,1578.2,54.07,2013,2,1,21,Thursday,8,-0.1374126383226537,28742.685333333335,29469.183444444447,29195.817900000002,30659.26,23465.61
2013-02-22,27535.64,1572.4,54.47,2013,2,1,22,Friday,8,0.3695745281901308,28685.36433333333,29443.081000000002,29192.289900000003,30659.26,23465.61
2013-02-25,27677.86,1586.2,54.27,2013,2,1,25,Monday,9,0.5164942598029354,28623.838666666663,29415.45055555556,29189.8387,30659.26,23465.61
2013-02-26,27970.97,1615.2,53.86,2013,2,1,26,Tuesday,9,1.0590052843680864,28585.614,29395.478444444445,29193.283799999997,30659.26,23465.61
2013-02-27,27740.02,1595.2,54.09,2013,2,1,27,Wednesday,9,-0.8256774791864596,28528.942666666666,29376.24222222222,29195.899299999997,30659.26,23465.61
2013-02-28,27319.04,1577.7,53.86,2013,2,1,28,Thursday,9,-1.5175908308645791,28456.477666666666,29349.378444444446,29194.4954,30659.26,23465.61
2013-03-01,27473.82,1571.9,54.36,2013,3,1,1,Friday,9,0.5665645644941986,28387.417,29323.854,29196.29865,30659.26,23465.61
2013-03-04,27747.73,1572.1,54.9,2013,3,1,4,Monday,10,0.9969854938264966,28321.621,29302.921555555557,29200.4996,30659.26,23465.61
2013-03-05,27771.6,1574.6,54.86,2013,3,1,5,Tuesday,10,0.08602505502250946,28264.993666666665,29282.802666666663,29204.32165,30659.26,23465.61
2013-03-06,27801.98,1574.6,54.92,2013,3,1,6,Wednesday,10,0.10939232885394112,28216.289666666664,29259.932666666668,29210.502249999998,30659.26,23465.61
2013-03-07,27701.72,1574.8,54.71,2013,3,1,7,Thursday,10,-0.3606217974403192,28167.266333333333,29241.43766666667,29211.098149999998,30659.26,23465.61
2013-03-08,27654.81,1576.6,54.56,2013,3,1,8,Friday,10,-0.16933966555144897,28128.872,29222.392555555558,29210.012850000003,30659.26,23465.61
2013-03-11,27566.8,1577.8,54.34,2013,3,1,11,Monday,11,-0.31824481889407563,28094.901,29200.071,29208.895349999995,30659.26,23465.61
2013-03-12,27839.42,1591.5,54.41,2013,3,1,12,Tuesday,11,0.9889432215563598,28070.282,29182.12044444444,29208.65375,30659.26,23465.61
2013-03-13,27647.61,1588.3,54.14,2013,3,1,13,Wednesday,11,-0.6889870550463972,28032.43766666667,29158.260555555556,29209.05175,30659.26,23465.61
2013-03-14,27800.66,1590.6,54.36,2013,3,1,14,Thursday,11,0.5535740702360847,27991.303,29137.246555555554,29207.88125,30659.26,23465.61
2013-03-15,27828.75,1592.5,54.35,2013,3,1,15,Friday,11,0.10104076665806705,27970.321333333333,29125.588888888888,29206.9081,30659.26,23465.61
2013-03-18,27869.95,1604.6,54.02,2013,3,1,18,Monday,12,0.148048331312034,27947.29633333333,29111.90511111111,29208.42305,30659.26,23465.61
2013-03-19,28012.23,1611.3,54.07,2013,3,1,19,Tuesday,12,0.5105140124040286,27926.547000000002,29088.894333333337,29208.57815,30659.26,23465.61
2013-03-20,28098.63,1607.5,54.37,2013,3,1,20,Wednesday,12,0.3084367078237005,27908.179,29068.059444444447,29207.830149999998,30659.26,23465.61
2013-03-21,28199.41,1613.8,54.35,2013,3,1,21,Thursday,12,0.35866517335543247,27892.841,29047.328666666668,29202.743300000002,30659.26,23465.61
2013-03-22,28029.42,1606.2,54.28,2013,3,1,22,Friday,12,-0.6028140305063157,27875.635333333335,29022.771444444446,29198.95425,30659.26,23465.61
2013-03-25,28035.04,1604.6,54.34,2013,3,1,25,Monday,13,0.02005036137031624,27859.963,28996.855000000003,29194.63985,30659.26,23465.61
2013-03-26,27791.5,1595.8,54.17,2013,3,1,26,Tuesday,13,-0.8686986000376651,27839.789,28967.63588888889,29187.55955,30659.26,23465.61
2013-03-27,28073.32,1606.2,54.36,2013,3,1,27,Wednesday,13,1.0140510587769658,27822.184333333335,28940.50911111111,29186.73465,30659.26,23465.61
2013-03-28,27886.89,1594.8,54.39,2013,3,1,28,Thursday,13,-0.6640824811600443,27802.90566666667,28914.94577777778,29185.7397,30659.26,23465.61
2013-04-01,27921.23,1600.0,54.28,2013,4,2,1,Monday,14,0.12314029997608777,27790.779666666665,28890.21122222222,29183.208450000002,30659.26,23465.61
2013-04-02,27472.53,1575.1,54.25,2013,4,2,2,Tuesday,14,-1.6070208941368347,27776.911000000004,28853.792333333327,29176.2792,30659.26,23465.61
2013-04-03,27169.94,1552.8,54.42,2013,4,2,3,Wednesday,14,-1.1014274986686723,27751.492333333335,28816.755,29166.989700000002,30659.26,23465.61
2013-04-04,27154.94,1551.8,54.43,2013,4,2,4,Thursday,14,-0.05520807186176757,27740.92366666667,28778.379666666668,29157.9105,30659.26,23465.61
2013-04-05,27798.38,1575.4,54.88,2013,4,2,5,Friday,14,2.369513613360974,27753.06133333333,28741.859777777776,29150.964900000003,30659.26,23465.61
2013-04-08,27697.95,1572.0,54.8,2013,4,2,8,Monday,15,-0.3612800458156151,27758.471666666668,28703.110222222225,29144.70525,30659.26,23465.61
2013-04-09,27823.2,1586.2,54.56,2013,4,2,9,Tuesday,15,0.45219953101223176,27763.316333333336,28665.997,29138.0405,30659.26,23465.61
2013-04-10,27343.84,1558.3,54.58,2013,4,2,10,Wednesday,15,-1.7228787486701758,27742.412,28629.818222222217,29129.5271,30659.26,23465.61
2013-04-11,27416.43,1564.3,54.51,2013,4,2,11,Thursday,15,0.265471126220751,27731.625666666663,28590.75322222222,29125.397600000004,30659.26,23465.61
2013-04-12,26203.26,1501.0,54.3,2013,4,2,12,Friday,15,-4.424974367559898,27694.433,28546.73877777778,29114.68925,30659.26,23465.61
2013-04-15,23846.32,1360.6,54.51,2013,4,2,15,Monday,16,-8.994834993813738,27573.516333333333,28478.394777777776,29088.1578,30659.26,23465.61
2013-04-16,24318.88,1386.8,54.54,2013,4,2,16,Tuesday,16,1.9816894179059963,27459.221333333335,28417.09877777778,29065.50705,30659.26,23465.61
2013-04-17,24062.68,1382.2,54.15,2013,4,2,17,Wednesday,16,-1.0535024639292678,27335.590666666667,28353.921777777778,29041.25455,30659.26,23465.61
2013-04-18,24260.14,1392.0,54.21,2013,4,2,18,Thursday,16,0.8206068484474693,27217.529333333332,28292.21588888889,29020.930599999996,30659.26,23465.61
2013-04-19,24234.67,1395.3,54.02,2013,4,2,19,Friday,16,-0.10498702810454175,27101.961000000003,28231.971444444447,28995.69665,30659.26,23465.61
2013-04-22,24639.93,1421.0,53.93,2013,4,2,22,Monday,17,1.6722323844310827,27001.465,28173.235,28976.389199999998,30659.26,23465.61
2013-04-23,24517.75,1408.6,54.14,2013,4,2,23,Tuesday,17,-0.49586179830868327,26899.829999999998,28113.157444444445,28954.51605,30659.26,23465.61
2013-04-24,24885.19,1423.4,54.38,2013,4,2,24,Wednesday,17,1.4986693314027466,26801.355666666666,28056.937888888886,28938.041999999998,30659.26,23465.61
2013-04-25,25507.18,1461.8,54.27,2013,4,2,25,Thursday,17,2.4994384210046183,26730.007999999998,28011.33622222222,28926.181800000002,30659.26,23465.61
2013-04-26,25338.4,1453.6,54.22,2013,4,2,26,Friday,17,-0.661696040095372,26647.932666666668,27962.97233333333,28911.3894,30659.26,23465.61
2013-04-29,25652.08,1467.4,54.37,2013,4,2,29,Monday,18,1.237962933729042,26575.377,27917.981555555554,28897.876599999996,30659.26,23465.61
2013-04-30,25667.36,1472.2,54.23,2013,4,2,30,Tuesday,18,0.0595663197682228,26501.957333333336,27876.063222222223,28885.9604,30659.26,23465.61
2013-05-01,25015.85,1446.3,53.8,2013,5,2,1,Wednesday,18,-2.538282082769716,26402.077999999998,27827.49366666666,28871.125149999996,30659.26,23465.61
2013-05-02,25319.93,1467.7,53.66,2013,5,2,2,Thursday,18,1.215549341717348,26309.454666666665,27788.29777777778,28854.629950000002,30659.26,23465.61
2013-05-03,25331.89,1464.3,53.81,2013,5,2,3,Friday,18,0.0472355176337258,26213.870666666666,27744.68966666667,28840.2513,30659.26,23465.61
2013-05-06,25384.41,1468.1,53.78,2013,5,2,6,Monday,19,0.20732760169099862,26125.703666666665,27700.518888888884,28826.55125,30659.26,23465.61
2013-05-07,25237.25,1449.0,54.17,2013,5,2,7,Tuesday,19,-0.5797259026307899,26032.444,27654.773444444443,28813.644,30659.26,23465.61
2013-05-08,25649.61,1473.9,54.13,2013,5,2,8,Wednesday,19,1.6339339666564312,25961.047666666665,27614.06922222222,28801.393299999996,30659.26,23465.61
2013-05-09,25575.02,1468.8,54.16,2013,5,2,9,Thursday,19,-0.29080364184874696,25877.771,27573.429777777776,28789.0523,30659.26,23465.61
2013-05-10,25059.41,1436.8,54.25,2013,5,2,10,Friday,19,-2.0160688046382824,25783.521666666667,27524.286333333333,28774.104650000005,30659.26,23465.61
2013-05-13,25275.26,1434.5,54.8,2013,5,2,13,Monday,20,0.8613530805394065,25695.322666666667,27475.43122222222,28758.7,30659.26,23465.61
2013-05-14,25114.04,1424.7,54.83,2013,5,2,14,Tuesday,20,-0.637856939948378,25616.70633333333,27429.531444444445,28739.2356,30659.26,23465.61
2013-05-15,24603.47,1396.5,54.8,2013,5,2,15,Wednesday,20,-2.033006238741353,25531.157333333336,27382.045666666665,28716.457199999997,30659.26,23465.61
2013-05-16,24428.94,1387.1,54.78,2013,5,2,16,Thursday,20,-0.7093714829656261,25440.290666666664,27330.881444444447,28694.208850000003,30659.26,23465.61
2013-05-17,24037.97,1364.9,54.78,2013,5,2,17,Friday,20,-1.6004378413471798,25314.943666666666,27270.230111111112,28670.54805,30659.26,23465.61
2013-05-20,24428.59,1384.3,54.89,2013,5,2,20,Monday,21,1.6250124282541245,25205.965000000004,27216.600333333332,28649.20435,30659.26,23465.61
2013-05-21,24411.34,1377.8,55.11,2013,5,2,21,Tuesday,21,-0.07061398140457698,25092.23633333333,27159.797111111107,28627.8002,30659.26,23465.61
2013-05-22,24362.53,1367.6,55.41,2013,5,2,22,Wednesday,21,-0.19994805692764572,24992.859333333334,27106.96177777778,28608.06945,30659.26,23465.61
2013-05-23,24906.84,1392.0,55.65,2013,5,2,23,Thursday,21,2.23420966541652,24909.206333333335,27056.59155555555,28588.4465,30659.26,23465.61
2013-05-24,24838.32,1386.8,55.71,2013,5,2,24,Friday,21,-0.2751051518378067,24863.708333333332,27004.873000000003,28568.094950000002,30659.26,23465.61
2013-05-28,24637.0,1379.1,55.56,2013,5,2,28,Tuesday,22,-0.8105218066278175,24890.064333333332,26950.332555555557,28547.61875,30659.26,23465.61
2013-05-29,25097.84,1391.3,56.11,2013,5,2,29,Wednesday,22,1.8705199496692027,24916.029666666665,26898.957333333336,28530.3409,30659.26,23465.61
2013-05-30,25548.45,1411.5,56.3,2013,5,2,30,Thursday,22,1.7954134698444202,24965.555333333334,26855.379888888892,28514.0215,30659.26,23465.61
2013-05-31,25242.18,1392.6,56.38,2013,5,2,31,Friday,22,-1.1987811393646242,24998.29,26810.703,28496.32965,30659.26,23465.61
2013-06-03,25676.89,1411.7,56.57,2013,6,2,3,Monday,23,1.7221571195514818,25046.363999999998,26771.86377777778,28481.682800000002,30659.26,23465.61
2013-06-04,25454.0,1397.1,56.67,2013,6,2,4,Tuesday,23,-0.868056840217013,25073.499666666667,26734.612222222222,28466.67365,30659.26,23465.61
2013-06-05,25374.28,1398.4,56.44,2013,6,2,5,Wednesday,23,-0.313192425551978,25102.050666666666,26698.92722222222,28450.084199999998,30659.26,23465.61
2013-06-06,25817.91,1415.7,56.72,2013,6,2,6,Thursday,23,1.7483451747202228,25133.141333333333,26668.25966666667,28434.603649999997,30659.26,23465.61
2013-06-07,25272.7,1383.0,56.84,2013,6,2,7,Friday,23,-2.111751106111992,25125.325333333334,26629.257000000005,28416.4571,30659.26,23465.61
2013-06-10,25331.18,1386.2,56.84,2013,6,2,10,Monday,24,0.23139593316108265,25125.08466666667,26588.106777777775,28397.9767,30659.26,23465.61
2013-06-11,25163.06,1377.0,56.84,2013,6,2,11,Tuesday,24,-0.6636879924267203,25108.783999999996,26551.494111111107,28377.488250000002,30659.26,23465.61
2013-06-12,25433.51,1391.8,56.84,2013,6,2,12,Wednesday,24,1.0747897910667437,25100.988999999998,26516.747555555557,28358.93045,30659.26,23465.61
2013-06-13,25612.5,1377.6,57.83,2013,6,2,13,Thursday,24,0.7037565794103973,25120.87733333333,26483.167444444447,28338.052949999998,30659.26,23465.61
2013-06-14,25868.67,1387.3,58.0,2013,6,2,14,Friday,24,1.0001756954612029,25139.16866666667,26452.26744444445,28319.069249999997,30659.26,23465.61
2013-06-17,25562.47,1382.8,57.5,2013,6,2,17,Monday,25,-1.1836712130928961,25146.854666666666,26417.85544444444,28297.67835,30659.26,23465.61
2013-06-18,25528.82,1366.6,58.1,2013,6,2,18,Tuesday,25,-0.13163829629923018,25151.668333333335,26384.33577777778,28276.1366,30659.26,23465.61
2013-06-19,25984.17,1373.6,58.84,2013,6,2,19,Wednesday,25,1.7836703772442286,25176.565666666665,26356.324222222225,28257.5381,30659.26,23465.61
2013-06-20,24273.49,1285.9,58.71,2013,6,2,20,Thursday,25,-6.583546828703768,25130.695,26310.510555555553,28231.056200000003,30659.26,23465.61
2013-06-21,24736.13,1291.6,59.57,2013,6,2,21,Friday,25,1.9059475996241249,25102.732,26267.562444444447,28204.09315,30659.26,23465.61
2013-06-24,24329.54,1276.8,59.27,2013,6,2,24,Monday,26,-1.6437090199639126,25078.403,26221.610111111113,28174.62705,30659.26,23465.61
2013-06-25,24512.75,1274.8,59.81,2013,6,2,25,Tuesday,26,0.7530351991858364,25052.985999999997,26179.696111111116,28145.9383,30659.26,23465.61
2013-06-26,23584.32,1229.6,59.66,2013,6,2,26,Wednesday,26,-3.787539137795637,25001.995333333332,26131.870888888887,28110.853900000002,30659.26,23465.61
2013-06-27,23646.13,1211.4,60.71,2013,6,2,27,Thursday,26,0.2620809079931119,24970.083999999995,26084.244555555553,28073.6265,30659.26,23465.61
2013-06-28,23681.6,1223.8,60.19,2013,6,2,28,Friday,26,0.1500034043625531,24945.17266666667,26042.128999999997,28038.1975,30659.26,23465.61
2013-07-01,24035.46,1255.9,59.53,2013,7,3,1,Monday,27,1.4942402540368827,24945.089,26004.364666666665,28004.039249999998,30659.26,23465.61
2013-07-02,23740.89,1243.6,59.38,2013,7,3,2,Tuesday,27,-1.225564228851872,24922.165666666664,25962.20077777778,27968.793250000002,30659.26,23465.61
2013-07-03,23971.59,1252.1,59.55,2013,7,3,3,Wednesday,27,0.9717411605040915,24907.50733333333,25921.019999999997,27931.6456,30659.26,23465.61
2013-07-05,23465.61,1212.9,60.17,2013,7,3,5,Friday,27,-2.1107485986536556,24877.609999999997,25870.960444444445,27891.308449999997,30659.26,23465.61
2013-07-08,23910.29,1234.9,60.22,2013,7,3,8,Monday,28,1.8950285119372579,24844.391666666666,25828.407888888887,27856.564449999998,30659.26,23465.61
2013-07-09,24309.54,1245.9,60.69,2013,7,3,9,Tuesday,28,1.6697831770338123,24826.76566666667,25794.969,27824.58,30659.26,23465.61
2013-07-10,24100.99,1247.4,60.1,2013,7,3,10,Wednesday,28,-0.8578936499826773,24808.898666666668,25757.493111111115,27791.472250000003,30659.26,23465.61
2013-07-11,24647.59,1280.1,59.89,2013,7,3,11,Thursday,28,2.267956627507828,24793.890333333333,25723.047111111115,27761.2104,30659.26,23465.61
2013-07-12,24578.24,1277.8,59.83,2013,7,3,12,Friday,28,-0.2813662512237469,24761.55,25687.565333333336,27729.239500000003,30659.26,23465.61
2013-07-15,24717.18,1283.8,59.88,2013,7,3,15,Monday,29,0.5652967828453148,24744.05,25653.28977777778,27701.681399999998,30659.26,23465.61
2013-07-16,24820.41,1290.8,59.81,2013,7,3,16,Tuesday,29,0.41764473131642443,24715.500666666667,25621.275222222223,27674.18175,30659.26,23465.61
2013-07-17,24360.77,1277.9,59.29,2013,7,3,17,Wednesday,29,-1.8518630433582706,24679.059666666668,25584.67477777778,27645.82805,30659.26,23465.61
2013-07-18,24500.88,1284.6,59.32,2013,7,3,18,Thursday,29,0.5751460237094275,24649.946333333333,25550.609,27615.430350000002,30659.26,23465.61
2013-07-19,24839.38,1293.3,59.74,2013,7,3,19,Friday,29,1.3815830288544717,24617.328666666665,25517.275222222223,27588.707800000004,30659.26,23465.61
2013-07-22,25493.15,1336.4,59.33,2013,7,3,22,Monday,30,2.631990009412477,24624.677000000003,25493.336777777775,27564.91105,30659.26,23465.61
2013-07-23,25633.61,1335.1,59.72,2013,7,3,23,Tuesday,30,0.5509715354909073,24634.757999999998,25469.258444444447,27543.7616,30659.26,23465.61
2013-07-24,25354.91,1319.7,59.76,2013,7,3,24,Wednesday,30,-1.0872444419650629,24641.153000000002,25441.771333333334,27520.8312,30659.26,23465.61
2013-07-25,25263.97,1329.0,59.13,2013,7,3,25,Thursday,30,-0.35866820272680844,24635.501666666667,25412.816,27496.737599999997,30659.26,23465.61
2013-07-26,25053.38,1321.7,58.96,2013,7,3,26,Friday,30,-0.8335586212301571,24616.864333333335,25379.939888888886,27474.0771,30659.26,23465.61
2013-07-29,25223.95,1328.4,59.06,2013,7,3,29,Monday,31,0.6808262996849113,24595.373666666666,25347.999000000003,27452.20895,30659.26,23465.61
2013-07-30,25290.24,1324.0,59.41,2013,7,3,30,Tuesday,31,0.2628057857710697,24586.299333333332,25315.674888888887,27429.4795,30659.26,23465.61
2013-07-31,25657.7,1312.4,60.81,2013,7,3,31,Wednesday,31,1.4529715811316901,24590.595333333335,25289.322444444446,27408.3437,30659.26,23465.61
2013-08-01,25555.3,1311.0,60.63,2013,8,3,1,Thursday,31,-0.39910046496763885,24576.299666666666,25261.769777777776,27385.2972,30659.26,23465.61
2013-08-02,25464.49,1310.6,60.43,2013,8,3,2,Friday,31,-0.3553470317311791,24615.99966666667,25235.914111111113,27363.777350000004,30659.26,23465.61
2013-08-05,25587.56,1302.6,61.1,2013,8,3,5,Monday,32,0.4833004705768751,24644.380666666668,25208.29455555556,27344.35875,30659.26,23465.61
2013-08-06,25115.3,1283.2,60.88,2013,8,3,6,Tuesday,32,-1.845662501621892,24670.572666666667,25177.49911111111,27321.25135,30659.26,23465.61
2013-08-07,25133.19,1286.1,60.78,2013,8,3,7,Wednesday,32,0.07123148041232596,24691.254,25146.52088888889,27298.0622,30659.26,23465.61
2013-08-08,25790.91,1310.7,61.2,2013,8,3,8,Thursday,32,2.616938001105318,24764.807000000004,25127.836222222224,27278.858500000002,30659.26,23465.61
2013-08-09,25632.02,1312.9,60.72,2013,8,3,9,Friday,32,-0.6160697703182949,24831.003333333338,25110.74822222222,27259.1071,30659.26,23465.61
2013-08-12,26035.31,1334.7,60.67,2013,8,3,12,Monday,33,1.5733836037893356,24909.460333333333,25098.30788888889,27239.98225,30659.26,23465.61
2013-08-13,26068.46,1321.2,61.37,2013,8,3,13,Tuesday,33,0.12732708003091453,24977.227000000003,25079.086555555557,27223.493200000004,30659.26,23465.61
2013-08-14,26355.33,1334.0,61.45,2013,8,3,14,Wednesday,33,1.100448588063907,25064.375,25064.168555555556,27208.4255,30659.26,23465.61
2013-08-15,26830.57,1361.6,61.29,2013,8,3,15,Thursday,33,1.803202615941446,25159.674333333332,25053.139333333333,27194.69965,30659.26,23465.61
2013-08-16,27016.36,1371.7,61.26,2013,8,3,16,Friday,33,0.692456403274333,25278.032666666666,25049.500666666667,27182.5066,30659.26,23465.61
2013-08-19,27448.31,1366.2,62.49,2013,8,3,19,Monday,34,1.598846032552137,25395.966666666667,25049.854888888887,27170.77315,30659.26,23465.61
2013-08-20,28187.32,1373.1,63.85,2013,8,3,20,Tuesday,34,2.692369767027536,25525.226,25071.9,27163.25015,30659.26,23465.61
2013-08-21,27920.08,1370.6,63.36,2013,8,3,21,Wednesday,34,-0.9480858769120193,25652.529,25117.163999999997,27158.46085,30659.26,23465.61
2013-08-22,28518.63,1371.2,64.69,2013,8,3,22,Thursday,34,2.1437975822418798,25781.56366666667,25163.827888888893,27155.54655,30659.26,23465.61
2013-08-23,28902.55,1395.7,64.41,2013,8,3,23,Friday,34,1.3462077245645965,25925.707333333332,25217.60422222222,27149.6433,30659.26,23465.61
2013-08-26,28694.36,1393.0,64.07,2013,8,3,26,Monday,35,-0.7203170654492386,26058.280000000002,25266.87333333333,27143.24625,30659.26,23465.61
2013-08-27,29364.74,1420.6,64.29,2013,8,3,27,Tuesday,35,2.336277930575914,26209.75766666667,25323.87411111111,27139.74405,30659.26,23465.61
2013-08-28,30502.79,1419.0,66.86,2013,8,3,28,Wednesday,35,3.8755664105999177,26414.491666666665,25389.017000000003,27141.06015,30659.26,23465.61
2013-08-29,30594.25,1412.9,67.35,2013,8,3,29,Thursday,35,0.29984142434182903,26617.604,25456.53366666667,27142.193800000005,30659.26,23465.61
2013-08-30,30248.42,1396.1,67.39,2013,8,3,30,Friday,35,-1.1303758059112434,26797.905333333336,25516.125111111112,27141.3298,30659.26,23465.61
2013-09-03,30193.43,1412.0,66.51,2013,9,3,3,Tuesday,36,-0.18179461935531327,26954.58133333333,25568.194555555558,27139.7233,30659.26,23465.61
2013-09-04,30659.26,1389.9,68.61,2013,9,3,4,Wednesday,36,1.542819083489344,27122.103,25627.315222222223,27142.08165,30659.26,23465.61
2013-09-05,29255.66,1373.1,66.27,2013,9,3,5,Thursday,36,-4.578062223289137,27252.128,25667.355000000003,27137.62325,30659.26,23465.61
2013-09-06,29428.62,1386.7,66.01,2013,9,3,6,Friday,36,0.5912018392338458,27390.949666666667,25709.146777777783,27131.0152,30659.26,23465.61
2013-09-09,29087.42,1386.8,65.24,2013,9,3,9,Monday,37,-1.159415562129662,27525.417666666668,25754.386444444448,27123.9358,30659.26,23465.61
2013-09-10,28094.66,1364.1,64.06,2013,9,3,10,Tuesday,37,-3.413021849308051,27621.108,25785.216777777776,27111.365500000004,30659.26,23465.61
2013-09-11,27897.61,1363.9,63.62,2013,9,3,11,Wednesday,37,-0.7013788385408448,27708.020333333337,25813.724777777777,27095.4277,30659.26,23465.61
2013-09-12,27015.63,1330.4,63.16,2013,9,3,12,Thursday,37,-3.1614894609251487,27753.284666666666,25831.849444444448,27074.578800000003,30659.26,23465.61
2013-09-13,26762.39,1308.4,63.62,2013,9,3,13,Friday,37,-0.9373832851575226,27793.521,25848.795444444448,27052.5738,30659.26,23465.61
2013-09-16,26816.88,1317.9,63.29,2013,9,3,16,Monday,38,0.20360662855598566,27838.60066666666,25861.765111111108,27033.65855,30659.26,23465.61
2013-09-17,26645.96,1309.5,63.29,2013,9,3,17,Tuesday,38,-0.6373597525140995,27873.880666666668,25873.664444444443,27012.226949999997,30659.26,23465.61
2013-09-18,26565.12,1307.8,63.18,2013,9,3,18,Wednesday,38,-0.3033855789020157,27922.208,25890.39455555556,26994.229750000002,30659.26,23465.61
2013-09-19,27992.49,1369.4,63.58,2013,9,3,19,Thursday,38,5.373098258167119,28017.518,25920.585999999996,26984.2058,30659.26,23465.61
2013-09-20,26642.72,1332.5,62.19,2013,9,3,20,Friday,38,-4.821900445440908,28045.911666666667,25937.571333333333,26968.241800000003,30659.26,23465.61
2013-09-23,26756.85,1326.9,62.72,2013,9,3,23,Monday,39,0.4283721782160299,28083.406,25961.497777777782,26953.283,30659.26,23465.61
2013-09-24,26520.13,1316.0,62.68,2013,9,3,24,Tuesday,39,-0.8847080280376729,28099.566666666666,25984.733222222225,26936.815300000002,30659.26,23465.61
2013-09-25,26938.34,1335.9,62.72,2013,9,3,25,Wednesday,39,1.5769530541516863,28128.56266666667,26016.959555555553,26923.223650000004,30659.26,23465.61
2013-09-26,26566.9,1323.6,62.43,2013,9,3,26,Thursday,39,-1.378852594480573,28135.614999999998,26040.718555555555,26906.4271,30659.26,23465.61
2013-09-27,26562.74,1338.4,61.73,2013,9,3,27,Friday,39,-0.015658582672417598,28126.68733333333,26064.623000000003,26889.61715,30659.26,23465.61
2013-09-30,26829.81,1326.5,62.91,2013,9,3,30,Monday,40,1.005430915635963,28120.469,26092.037222222225,26874.04145,30659.26,23465.61
2013-10-01,25874.22,1286.0,62.58,2013,10,4,1,Tuesday,40,-3.56167263204622,28067.999333333333,26102.785888888888,26855.3559,30659.26,23465.61
2013-10-02,26583.11,1320.6,62.61,2013,10,4,2,Wednesday,40,2.739754087272961,28014.52566666667,26122.172444444444,26839.8157,30659.26,23465.61
2013-10-03,26289.97,1317.4,62.07,2013,10,4,3,Thursday,40,-1.1027302674517792,27960.18866666667,26140.538777777776,26822.7593,30659.26,23465.61
2013-10-04,26089.99,1309.7,61.96,2013,10,4,4,Friday,40,-0.7606703240817692,27879.234,26151.56266666667,26806.009200000004,30659.26,23465.61
2013-10-07,26143.76,1324.8,61.38,2013,10,4,7,Monday,41,0.206094367993237,27787.27433333334,26158.177222222224,26789.79245,30659.26,23465.61
2013-10-08,26131.91,1324.2,61.38,2013,10,4,8,Tuesday,41,-0.045326303485027086,27701.85933333333,26168.063111111114,26776.214200000002,30659.26,23465.61
2013-10-09,26063.63,1306.9,62.03,2013,10,4,9,Wednesday,41,-0.26128974116319537,27591.82233333333,26172.36022222222,26760.249250000004,30659.26,23465.61
2013-10-10,25766.5,1296.6,61.81,2013,10,4,10,Thursday,41,-1.1400177181766336,27433.946,26175.832444444444,26742.282850000003,30659.26,23465.61
2013-10-11,25116.62,1268.0,61.61,2013,10,4,11,Friday,41,-2.522189664874941,27251.358333333334,26172.96955555556,26721.094250000002,30659.26,23465.61
2013-10-14,25028.58,1276.4,60.99,2013,10,4,14,Monday,42,-0.3505248715790499,27077.363666666668,26164.199222222225,26699.6722,30659.26,23465.61
2013-10-15,25121.53,1273.0,61.38,2013,10,4,15,Tuesday,42,0.37137544359286956,26908.30033333333,26162.519555555555,26679.117,30659.26,23465.61
2013-10-16,25484.61,1282.0,61.83,2013,10,4,16,Wednesday,42,1.4452941361453808,26735.812,26164.22433333333,26659.128450000004,30659.26,23465.61
2013-10-17,26132.08,1322.7,61.45,2013,10,4,17,Thursday,42,2.5406313849809736,26631.692666666666,26174.991222222223,26641.42775,30659.26,23465.61
2013-10-18,25820.19,1314.4,61.1,2013,10,4,18,Friday,42,-1.1935138726041017,26511.411666666667,26179.287666666663,26624.3036,30659.26,23465.61
2013-10-21,25904.95,1315.7,61.24,2013,10,4,21,Monday,43,0.32827024123371906,26405.329333333335,26182.53711111111,26609.442399999996,30659.26,23465.61
2013-10-22,26165.01,1342.5,60.62,2013,10,4,22,Tuesday,43,1.0039007988820625,26341.007666666665,26185.829777777773,26595.09885,30659.26,23465.61
2013-10-23,26241.85,1333.9,61.19,2013,10,4,23,Wednesday,43,0.2936746441144056,26285.815666666665,26193.378444444446,26578.82515,30659.26,23465.61
2013-10-24,26705.77,1350.2,61.52,2013,10,4,24,Thursday,43,1.7678631651350862,26275.487,26206.455666666665,26566.077649999996,30659.26,23465.61
2013-10-25,26718.85,1352.4,61.45,2013,10,4,25,Friday,43,0.048978179621839146,26274.03566666667,26214.618777777778,26552.05375,30659.26,23465.61
2013-10-28,26706.6,1352.0,61.44,2013,10,4,28,Monday,44,-0.045847781622332384,26270.359666666667,26241.653333333335,26539.998199999998,30659.26,23465.61
2013-10-29,26602.55,1345.2,61.51,2013,10,4,29,Tuesday,44,-0.38960406790830016,26268.912666666667,26262.39133333333,26525.810149999998,30659.26,23465.61
2013-10-30,26651.68,1349.0,61.45,2013,10,4,30,Wednesday,44,0.1846815436866045,26271.798,26288.192888888887,26511.603600000002,30659.26,23465.61
2013-10-31,26094.54,1323.6,61.32,2013,10,4,31,Thursday,44,-2.0904498328060295,26208.533,26305.768333333337,26494.3481,30659.26,23465.61
2013-11-01,26267.49,1313.1,62.22,2013,11,4,1,Friday,44,0.6627823291769142,26196.025333333335,26335.58133333333,26477.0775,30659.26,23465.61
2013-11-04,26289.04,1314.6,62.2,2013,11,4,4,Monday,45,0.0820405756317033,26180.431666666667,26364.947,26461.1706,30659.26,23465.61
2013-11-05,26064.54,1308.0,61.98,2013,11,4,5,Tuesday,45,-0.8539680414347606,26165.245333333332,26391.42411111111,26445.177799999998,30659.26,23465.61
2013-11-06,26334.09,1317.7,62.16,2013,11,4,6,Wednesday,45,1.0341636568303114,26145.103666666666,26416.964444444442,26430.986149999997,30659.26,23465.61
2013-11-07,26278.63,1308.4,62.47,2013,11,4,7,Thursday,45,-0.21060154347463111,26135.49466666667,26445.161555555555,26418.346100000002,30659.26,23465.61
2013-11-08,25955.54,1284.5,62.85,2013,11,4,8,Friday,45,-1.2294780968414298,26115.254666666668,26467.205444444447,26405.194149999996,30659.26,23465.61
2013-11-11,26086.63,1281.0,63.34,2013,11,4,11,Monday,46,0.5050559533725796,26090.482,26496.327888888893,26392.737350000003,30659.26,23465.61
2013-11-12,25942.23,1271.1,63.48,2013,11,4,12,Tuesday,46,-0.5535402618122798,26092.749000000003,26518.905000000002,26378.533799999997,30659.26,23465.61
2013-11-13,26080.82,1268.3,63.96,2013,11,4,13,Wednesday,46,0.5342254694372883,26076.006,26538.585888888887,26363.7644,30659.26,23465.61
2013-11-14,26204.93,1286.2,63.37,2013,11,4,14,Thursday,46,0.4758669397664672,26073.171333333335,26561.963,26352.498050000002,30659.26,23465.61
2013-11-15,26090.76,1287.3,63.04,2013,11,4,15,Friday,46,-0.4356813775117985,26073.196999999996,26577.99822222222,26340.14835,30659.26,23465.61
2013-11-18,25649.74,1272.2,62.71,2013,11,4,18,Monday,47,-1.6903302165210854,26056.729666666666,26589.903777777778,26325.2235,30659.26,23465.61
2013-11-19,25465.13,1273.4,62.2,2013,11,4,19,Tuesday,47,-0.7197343910698484,26034.50366666667,26598.214333333333,26309.3008,30659.26,23465.61
2013-11-20,25118.77,1257.9,62.11,2013,11,4,20,Wednesday,47,-1.3601344269595361,26003.008333333335,26601.529444444444,26291.5969,30659.26,23465.61
2013-11-21,25091.09,1243.5,62.76,2013,11,4,21,Thursday,47,-0.11019647856961301,25980.49466666667,26609.64411111111,26274.324399999998,30659.26,23465.61
2013-11-22,25193.17,1244.0,62.99,2013,11,4,22,Friday,47,0.40683764635174313,25983.046333333335,26617.336222222224,26257.764199999998,30659.26,23465.61
2013-11-25,24835.17,1241.1,62.24,2013,11,4,25,Monday,48,-1.42102006218352,25976.59933333333,26617.289444444446,26239.95645,30659.26,23465.61
2013-11-26,24946.14,1241.4,62.5,2013,11,4,26,Tuesday,48,0.4468260132707069,25970.753000000004,26611.211555555557,26221.67985,30659.26,23465.61
2013-11-27,24856.68,1237.8,62.46,2013,11,4,27,Wednesday,48,-0.3586125949746055,25949.821999999996,26602.578999999998,26203.637000000002,30659.26,23465.61
2013-11-29,25094.83,1250.6,62.41,2013,11,4,29,Friday,48,0.9580925529877771,25915.247,26599.689222222227,26187.686100000003,30659.26,23465.61
2013-12-02,24545.42,1222.3,62.46,2013,12,4,2,Monday,49,-2.1893354129117526,25872.754666666668,26591.70533333333,26170.970250000002,30659.26,23465.61
2013-12-03,24477.6,1221.7,62.32,2013,12,4,3,Tuesday,49,-0.27630409257612953,25825.176333333333,26585.30777777778,26153.695750000003,30659.26,23465.61
2013-12-04,25026.6,1248.2,62.36,2013,12,4,4,Wednesday,49,2.2428669477399854,25787.229333333333,26583.115,26141.468750000004,30659.26,23465.61
2013-12-05,24462.98,1233.2,61.7,2013,12,4,5,Thursday,49,-2.252083782855041,25727.933666666668,26573.923222222227,26126.612399999998,30659.26,23465.61
2013-12-06,24357.99,1230.3,61.58,2013,12,4,6,Friday,49,-0.4291791106398213,25649.674333333332,26559.482,26110.724150000002,30659.26,23465.61
2013-12-09,24286.21,1235.3,61.15,2013,12,4,9,Monday,50,-0.2946876979586621,25568.586333333333,26545.381,26093.765900000002,30659.26,23465.61
2013-12-10,24705.35,1262.4,60.87,2013,12,4,10,Tuesday,50,1.7258353608899935,25501.878,26536.94611111111,26077.4378,30659.26,23465.61
2013-12-11,24673.53,1258.5,60.98,2013,12,4,11,Wednesday,50,-0.1287980133857669,25437.57733333333,26526.790222222222,26062.10535,30659.26,23465.61
2013-12-12,24276.8,1226.0,61.59,2013,12,4,12,Thursday,50,-1.6079174726923884,25358.414666666667,26517.473555555556,26046.89415,30659.26,23465.61
2013-12-13,24695.33,1235.7,62.16,2013,12,4,13,Friday,50,1.7239916298688485,25311.77433333333,26512.608444444446,26033.0017,30659.26,23465.61
2013-12-16,24902.39,1245.5,62.19,2013,12,4,16,Monday,51,0.8384581214342823,25266.271,26502.736,26018.775,30659.26,23465.61
2013-12-17,24454.97,1231.2,61.78,2013,12,4,17,Tuesday,51,-1.7966950160205442,25205.13533333333,26489.657666666666,26002.19185,30659.26,23465.61
2013-12-18,24524.48,1236.1,61.71,2013,12,4,18,Wednesday,51,0.2842367011695268,25153.8,26472.870666666666,25985.804350000002,30659.26,23465.61
2013-12-19,23832.0,1195.0,62.03,2013,12,4,19,Thursday,51,-2.8236276569370666,25070.396999999997,26448.02111111111,25966.455749999997,30659.26,23465.61
2013-12-20,24200.02,1205.1,62.46,2013,12,4,20,Friday,51,1.5442262504196114,25001.109999999997,26424.07322222222,25949.181800000002,30659.26,23465.61
2013-12-23,23895.95,1198.4,62.02,2013,12,4,23,Monday,52,-1.2564865648871382,24932.457000000002,26391.466333333337,25930.82755,30659.26,23465.61
2013-12-24,23959.81,1205.1,61.84,2013,12,4,24,Tuesday,52,0.26724193848748357,24861.563000000002,26357.50466666667,25911.429500000002,30659.26,23465.61
2013-12-26,24119.23,1214.1,61.79,2013,12,4,26,Thursday,52,0.6653642078130018,24800.79633333333,26320.51488888889,25893.787599999996,30659.26,23465.61
2013-12-27,24198.06,1216.1,61.89,2013,12,4,27,Friday,52,0.32683464604799095,24738.037666666667,26276.189777777774,25875.7746,30659.26,23465.61
2013-12-30,23854.28,1203.1,61.67,2013,12,4,30,Monday,1,-1.4206924026140988,24659.682666666668,26231.014222222224,25855.90225,30659.26,23465.61
2013-12-31,23873.0,1201.9,61.78,2013,12,4,31,Tuesday,1,0.07847648304624144,24585.757333333335,26179.39611111111,25835.9175,30659.26,23465.61
2014-01-02,24355.46,1225.0,61.84,2014,1,1,2,Thursday,1,2.020944162861804,24542.614666666665,26128.87288888889,25817.633650000003,27248.81,22538.61
2014-01-03,24709.47,1238.4,62.06,2014,1,1,3,Friday,1,1.4535139143337927,24517.426,26084.59633333334,25800.687850000002,27248.81,22538.61
2014-01-06,24765.15,1237.8,62.23,2014,1,1,6,Monday,2,0.22533870617216234,24505.63866666667,26033.489777777777,25783.516550000004,27248.81,22538.61
2014-01-07,24628.71,1229.4,62.31,2014,1,1,7,Tuesday,2,-0.5509354879740358,24490.226,25968.222222222223,25766.513000000003,27248.81,22538.61
2014-01-08,24455.97,1225.3,62.08,2014,1,1,8,Wednesday,2,-0.701376564180578,24465.65266666667,25900.01911111111,25748.61765,27248.81,22538.61
2014-01-09,24551.62,1229.3,62.12,2014,1,1,9,Thursday,2,0.39111104568740895,24456.201,25836.72133333333,25732.418250000002,27248.81,22538.61
2014-01-10,24762.85,1246.7,61.78,2014,1,1,10,Friday,2,0.8603505593520966,24450.091333333334,25776.381555555556,25715.865899999997,27248.81,22538.61
2014-01-13,24709.53,1250.9,61.44,2014,1,1,13,Monday,3,-0.21532254970652032,24445.186333333335,25710.273444444443,25699.9791,27248.81,22538.61
2014-01-14,24608.95,1245.2,61.47,2014,1,1,14,Tuesday,3,-0.40704942586927695,24428.99033333333,25658.643333333333,25683.4177,27248.81,22538.61
2014-01-15,24468.63,1238.1,61.47,2014,1,1,15,Wednesday,3,-0.5701990535963541,24426.430666666667,25603.53233333333,25668.398200000003,27248.81,22538.61
2014-01-16,24534.09,1240.0,61.54,2014,1,1,16,Thursday,3,0.2675262162205261,24428.31366666667,25552.939777777778,25655.21895,27248.81,22538.61
2014-01-17,24717.29,1251.7,61.42,2014,1,1,17,Friday,3,0.7467160999246492,24418.003333333334,25515.413444444443,25643.0307,27248.81,22538.61
2014-01-21,24610.75,1242.3,61.62,2014,1,1,21,Tuesday,4,-0.4310343083728019,24422.929,25478.892777777775,25627.092549999998,27248.81,22538.61
2014-01-22,24685.59,1239.0,61.97,2014,1,1,22,Wednesday,4,0.3040947553406559,24433.849,25453.003444444446,25612.03075,27248.81,22538.61
2014-01-23,25115.2,1262.6,61.87,2014,1,1,23,Thursday,4,1.7403270491002987,24461.482000000004,25434.70133333333,25598.49075,27248.81,22538.61
2014-01-24,25258.7,1264.5,62.13,2014,1,1,24,Friday,4,0.5713671402178822,24479.927000000003,25417.38822222222,25588.065050000005,27248.81,22538.61
2014-01-27,25484.47,1263.6,62.73,2014,1,1,27,Monday,5,0.8938306405317897,24506.958333333332,25404.48277777778,25578.40525,27248.81,22538.61
2014-01-28,25491.79,1251.0,63.38,2014,1,1,28,Tuesday,5,0.028723375451789046,24547.458,25392.556888888885,25574.8479,27248.81,22538.61
2014-01-29,25314.2,1262.2,62.38,2014,1,1,29,Wednesday,5,-0.6966556683543956,24568.087,25362.79811111111,25582.1873,27248.81,22538.61
2014-01-30,24948.24,1242.2,62.47,2014,1,1,30,Thursday,5,-1.4456708092691062,24569.61533333333,25343.970555555556,25585.334099999996,27248.81,22538.61
2014-01-31,24843.07,1240.1,62.31,2014,1,1,31,Friday,5,-0.4215527828816845,24582.552000000003,25322.70633333333,25589.23605,27248.81,22538.61
2014-02-03,25326.73,1260.4,62.5,2014,2,1,3,Monday,6,1.9468608348324201,24609.29366666667,25309.446333333333,25594.569000000003,27248.81,22538.61
2014-02-04,25300.81,1251.7,62.87,2014,2,1,4,Tuesday,6,-0.102342465845362,24658.254000000004,25291.25155555556,25599.899699999998,27248.81,22538.61
2014-02-05,25114.88,1257.3,62.13,2014,2,1,5,Wednesday,6,-0.734877658067079,24688.749333333337,25275.118000000002,25602.274449999997,27248.81,22538.61
2014-02-06,25161.3,1257.6,62.23,2014,2,1,6,Thursday,6,0.1848306661230259,24730.927666666666,25259.546444444448,25605.492199999997,27248.81,22538.61
2014-02-07,25275.34,1263.3,62.23,2014,2,1,7,Friday,6,0.4532357231144646,24774.778666666665,25242.274555555556,25607.442950000004,27248.81,22538.61
2014-02-10,25448.05,1274.8,62.09,2014,2,1,10,Monday,7,0.6833142501742717,24819.072666666667,25237.539333333334,25607.1473,27248.81,22538.61
2014-02-11,25901.96,1290.1,62.45,2014,2,1,11,Tuesday,7,1.783673012274023,24875.869333333332,25229.970999999998,25609.9651,27248.81,22538.61
2014-02-12,25832.29,1295.3,62.03,2014,2,1,12,Wednesday,7,-0.26897578407193423,24941.803,25224.885666666665,25610.86615,27248.81,22538.61
2014-02-13,25787.67,1300.4,61.68,2014,2,1,13,Thursday,7,-0.1727295566904985,25005.625333333333,25221.526555555552,25611.4677,27248.81,22538.61
2014-02-14,26355.83,1319.0,62.15,2014,2,1,14,Friday,7,2.203223478507388,25072.304333333333,25223.88288888889,25618.1676,27248.81,22538.61
2014-02-18,26316.4,1324.7,61.79,2014,2,1,18,Tuesday,8,-0.1496063679269466,25125.86866666667,25225.932777777776,25623.149949999995,27248.81,22538.61
2014-02-19,26413.27,1320.6,62.21,2014,2,1,19,Wednesday,8,0.3680974601389275,25180.806,25229.817666666666,25628.55685,27248.81,22538.61
2014-02-20,26364.44,1317.1,62.26,2014,2,1,20,Thursday,8,-0.1848691964304372,25238.663666666667,25236.46144444445,25633.457,27248.81,22538.61
2014-02-21,26445.23,1323.9,62.13,2014,2,1,21,Friday,8,0.30643548658724207,25304.97233333333,25251.22377777778,25639.4969,27248.81,22538.61
2014-02-24,26681.24,1338.3,62.01,2014,2,1,24,Monday,9,0.8924482789523847,25375.959666666666,25269.586666666666,25644.655050000005,27248.81,22538.61
2014-02-25,26799.98,1343.0,62.07,2014,2,1,25,Tuesday,9,0.44503179012669314,25443.864,25288.23611111111,25650.77985,27248.81,22538.61
2014-02-26,26466.21,1328.2,61.98,2014,2,1,26,Wednesday,9,-1.2454113771726671,25502.42,25299.14277777778,25657.81385,27248.81,22538.61
2014-02-27,26607.6,1331.6,62.15,2014,2,1,27,Thursday,9,0.5342283613709586,25569.041666666668,25304.426333333333,25664.475550000003,27248.81,22538.61
2014-02-28,26348.56,1321.4,62.02,2014,2,1,28,Friday,9,-0.9735564274868769,25631.706000000002,25310.297111111115,25670.64815,27248.81,22538.61
2014-03-03,26834.02,1350.1,61.82,2014,3,1,3,Monday,10,1.8424536293444538,25708.370333333332,25320.62011111111,25681.800900000002,27248.81,22538.61
2014-03-04,26740.09,1337.8,62.17,2014,3,1,4,Tuesday,10,-0.35004073187692164,25775.797000000002,25327.00988888889,25693.35665,27248.81,22538.61
2014-03-05,26542.45,1340.2,61.6,2014,3,1,5,Wednesday,10,-0.7391149394037178,25840.186999999998,25330.34988888889,25705.879050000003,27248.81,22538.61
2014-03-06,26834.53,1351.7,61.75,2014,3,1,6,Thursday,10,1.1004259214955514,25911.818333333336,25331.780555555557,25717.90875,27248.81,22538.61
2014-03-07,26156.7,1338.1,60.8,2014,3,1,7,Friday,10,-2.52596188567491,25946.534999999996,25325.534444444445,25726.635550000003,27248.81,22538.61
2014-03-10,26406.65,1341.4,61.23,2014,3,1,10,Monday,11,0.9555869050759558,25984.8,25322.201666666664,25736.856150000003,27248.81,22538.61
2014-03-11,26325.23,1346.5,60.81,2014,3,1,11,Tuesday,11,-0.3083314240920454,26012.825333333334,25319.120333333332,25743.9481,27248.81,22538.61
2014-03-12,26891.87,1370.3,61.04,2014,3,1,12,Wednesday,11,2.1524598265618256,26059.494666666666,25321.789111111113,25754.21585,27248.81,22538.61
2014-03-13,26810.03,1372.2,60.77,2014,3,1,13,Thursday,11,-0.3043298959871543,26109.355666666666,25329.738999999998,25765.081000000002,27248.81,22538.61
2014-03-14,27248.81,1379.0,61.46,2014,3,1,14,Friday,11,1.6366262924733865,26186.041333333338,25340.642555555558,25775.83585,27248.81,22538.61
2014-03-17,26916.41,1372.9,60.98,2014,3,1,17,Monday,12,-1.2198697851392493,26255.152666666665,25347.613333333335,25782.67565,27248.81,22538.61
2014-03-18,26670.11,1359.0,61.04,2014,3,1,18,Tuesday,12,-0.915055165231915,26299.931999999997,25354.34188888889,25789.815300000002,27248.81,22538.61
2014-03-19,26354.04,1341.4,61.11,2014,3,1,19,Wednesday,12,-1.1851094727393319,26335.039666666664,25354.563555555556,25793.20105,27248.81,22538.61
2014-03-20,26072.3,1330.5,60.95,2014,3,1,20,Thursday,12,-1.0690581026666202,26366.953666666665,25352.270999999997,25796.29255,27248.81,22538.61
2014-03-21,26344.59,1336.0,61.33,2014,3,1,21,Friday,12,1.0443650924544468,26406.396666666667,25356.593777777776,25801.1441,27248.81,22538.61
2014-03-24,25723.61,1311.2,61.02,2014,3,1,24,Monday,13,-2.3571442941416,26421.339,25352.560222222222,25800.6726,27248.81,22538.61
2014-03-25,25546.23,1311.4,60.59,2014,3,1,25,Tuesday,13,-0.6895610686058484,26424.611666666668,25348.16022222222,25802.04025,27248.81,22538.61
2014-03-26,25235.34,1303.4,60.22,2014,3,1,26,Wednesday,13,-1.2169701752469897,26402.391,25338.766,25801.56105,27248.81,22538.61
2014-03-27,25041.92,1294.7,60.16,2014,3,1,27,Thursday,13,-0.7664648068938296,26376.04533333333,25325.843666666668,25800.955349999997,27248.81,22538.61
2014-03-28,25056.96,1293.8,60.24,2014,3,1,28,Friday,13,0.060059292578218404,26351.68833333333,25314.357000000004,25799.0726,27248.81,22538.61
2014-03-31,24691.32,1283.4,59.84,2014,3,1,31,Monday,14,-1.4592352783418194,26296.20466666667,25303.70788888889,25794.4667,27248.81,22538.61
2014-04-01,24679.92,1279.6,59.99,2014,4,2,1,Tuesday,14,-0.04617007110191418,26241.655333333332,25294.983333333334,25788.52295,27248.81,22538.61
2014-04-02,24803.02,1290.5,59.78,2014,4,2,2,Wednesday,14,0.4987860576533665,26187.98033333333,25291.475,25784.725700000003,27248.81,22538.61
2014-04-03,24734.51,1284.4,59.9,2014,4,2,3,Thursday,14,-0.2762163639750348,26133.64933333333,25287.513000000003,25780.75415,27248.81,22538.61
2014-04-04,25302.7,1303.2,60.39,2014,4,2,4,Friday,14,2.297154865812989,26095.565000000002,25288.729999999996,25777.346800000003,27248.81,22538.61
2014-04-07,24901.27,1298.0,59.67,2014,4,2,7,Monday,15,-1.586510530496743,26036.232666666667,25289.464444444442,25780.485699999997,27248.81,22538.61
2014-04-08,25295.88,1308.7,60.12,2014,4,2,8,Tuesday,15,1.5846982904887952,25986.095999999998,25293.350444444444,25783.28445,27248.81,22538.61
2014-04-09,25221.44,1305.5,60.09,2014,4,2,9,Wednesday,15,-0.294277170827828,25944.603666666666,25297.403333333332,25787.74395,27248.81,22538.61
2014-04-10,25448.32,1320.1,59.96,2014,4,2,10,Thursday,15,0.8995521270791951,25905.961,25301.331000000002,25792.4218,27248.81,22538.61
2014-04-11,25565.48,1318.7,60.3,2014,4,2,11,Friday,15,0.4603840253502023,25879.858333333334,25312.665,25802.327599999997,27248.81,22538.61
2014-04-14,25747.34,1327.2,60.34,2014,4,2,14,Monday,16,0.711349835794195,25843.63566666667,25326.773222222222,25812.833649999997,27248.81,22538.61
2014-04-15,25219.67,1300.0,60.34,2014,4,2,15,Tuesday,16,-2.0494155901153333,25792.954999999998,25328.91844444444,25820.523999999998,27248.81,22538.61
2014-04-16,25263.05,1303.1,60.3,2014,4,2,16,Wednesday,16,0.1720085948785144,25750.308333333334,25337.80811111111,25826.66195,27248.81,22538.61
2014-04-17,25054.21,1293.4,60.25,2014,4,2,17,Thursday,16,-0.826661863868372,25690.96433333333,25345.54388888889,25833.22855,27248.81,22538.61
2014-04-21,24908.19,1288.0,60.15,2014,4,2,21,Monday,17,-0.5828162213057264,25649.347333333335,25352.45477777778,25837.911549999997,27248.81,22538.61
2014-04-22,24900.96,1280.6,60.48,2014,4,2,22,Tuesday,17,-0.02902659727583856,25599.157666666666,25354.62822222222,25845.0883,27248.81,22538.61
2014-04-23,25085.74,1284.2,60.76,2014,4,2,23,Wednesday,17,0.7420597438813736,25557.841333333334,25359.208333333332,25850.96555,27248.81,22538.61
2014-04-24,25313.36,1290.5,61.01,2014,4,2,24,Thursday,17,0.9073680903971759,25505.22433333333,25370.72566666667,25855.984650000002,27248.81,22538.61
2014-04-25,25559.43,1300.7,61.12,2014,4,2,25,Friday,17,0.9720953678215682,25463.537666666667,25380.326777777773,25863.276850000002,27248.81,22538.61
2014-04-28,25322.78,1298.9,60.64,2014,4,2,28,Monday,18,-0.9258813674639876,25399.336666666666,25384.997777777775,25866.652800000003,27248.81,22538.61
2014-04-29,25268.32,1296.0,60.64,2014,4,2,29,Tuesday,18,-0.21506327504325906,25344.400333333335,25394.035,25870.103199999998,27248.81,22538.61
2014-04-30,25166.8,1295.6,60.42,2014,4,2,30,Wednesday,18,-0.4017679054246548,25294.29,25401.17188888889,25872.351300000002,27248.81,22538.61
2014-05-01,24801.06,1283.1,60.12,2014,5,2,1,Thursday,18,-1.4532638237678142,25242.523999999998,25411.939222222227,25872.25455,27248.81,22538.61
2014-05-02,25186.35,1302.6,60.14,2014,5,2,2,Friday,18,1.5535223091271089,25212.99233333333,25422.898444444443,25876.382449999997,27248.81,22538.61
2014-05-05,25259.59,1309.0,60.02,2014,5,2,5,Monday,19,0.29079243320291326,25176.825666666668,25438.05,25880.176,27248.81,22538.61
2014-05-06,25283.94,1308.3,60.11,2014,5,2,6,Tuesday,19,0.09639903102147684,25162.17,25452.762555555553,25882.3988,27248.81,22538.61
2014-05-07,24848.54,1288.6,59.98,2014,5,2,7,Wednesday,19,-1.7220417387479925,25138.913666666667,25460.865999999998,25879.175750000002,27248.81,22538.61
2014-05-08,24788.97,1287.4,59.89,2014,5,2,8,Thursday,19,-0.2397323947402885,25124.034666666666,25467.431666666667,25874.952549999998,27248.81,22538.61
2014-05-09,24803.6,1287.3,59.93,2014,5,2,9,Friday,19,0.05901818429727701,25116.090666666667,25477.979666666666,25872.196,27248.81,22538.61
2014-05-12,24930.2,1295.6,59.85,2014,5,2,12,Monday,20,0.5104097792256068,25111.865333333335,25489.726333333336,25870.52715,27248.81,22538.61
2014-05-13,24731.98,1294.6,59.42,2014,5,2,13,Tuesday,20,-0.795099918973774,25113.220666666668,25493.90988888889,25868.92015,27248.81,22538.61
2014-05-14,24897.86,1305.7,59.31,2014,5,2,14,Wednesday,20,0.6707105537041569,25120.48533333333,25496.00311111111,25867.2897,27248.81,22538.61
2014-05-15,24702.65,1293.5,59.4,2014,5,2,15,Thursday,20,-0.784043287254399,25117.13966666667,25495.308666666664,25864.351749999998,27248.81,22538.61
2014-05-16,24669.73,1293.3,59.33,2014,5,2,16,Friday,20,-0.13326505455892868,25114.980333333333,25495.76444444444,25859.4119,27248.81,22538.61
2014-05-19,24357.09,1293.7,58.56,2014,5,2,19,Monday,21,-1.2673020742424046,25083.46,25494.665777777784,25853.42085,27248.81,22538.61
2014-05-20,24292.24,1294.5,58.37,2014,5,2,20,Tuesday,21,-0.26624691209006235,25063.159,25491.78377777778,25847.5596,27248.81,22538.61
2014-05-21,24259.3,1288.0,58.58,2014,5,2,21,Wednesday,21,-0.1355988579068934,25028.606333333337,25486.188777777774,25840.9183,27248.81,22538.61
2014-05-22,24432.97,1294.9,58.69,2014,5,2,22,Thursday,21,0.7158904007947609,25002.324,25483.11588888889,25837.50665,27248.81,22538.61
2014-05-23,24200.45,1291.6,58.28,2014,5,2,23,Friday,21,-0.9516649019746692,24960.728333333336,25478.577,25832.84295,27248.81,22538.61
2014-05-27,23860.89,1265.4,58.65,2014,5,2,27,Tuesday,22,-1.403114404897432,24903.908666666663,25471.824333333334,25823.192849999996,27248.81,22538.61
2014-05-28,23902.95,1259.3,59.04,2014,5,2,28,Wednesday,22,0.17627171492764493,24842.429,25464.811666666665,25814.5475,27248.81,22538.61
2014-05-29,23762.0,1256.3,58.83,2014,5,2,29,Thursday,22,-0.5896761696777997,24793.840000000004,25454.197333333337,25803.180949999998,27248.81,22538.61
2014-05-30,23587.65,1245.6,58.9,2014,5,2,30,Friday,22,-0.7337345341301149,24737.993333333336,25442.829555555556,25790.7769,27248.81,22538.61
2014-06-02,23666.83,1243.7,59.19,2014,6,2,2,Monday,23,0.33568413979350176,24691.747333333336,25431.51,25777.3344,27248.81,22538.61
2014-06-03,23667.04,1244.3,59.16,2014,6,2,3,Tuesday,23,0.0008873178199086951,24650.375666666667,25415.419333333335,25761.516750000003,27248.81,22538.61
2014-06-04,23717.33,1244.0,59.3,2014,6,2,4,Wednesday,23,0.212489605797761,24610.921333333335,25398.293,25745.0216,27248.81,22538.61
2014-06-05,23872.8,1253.0,59.26,2014,6,2,5,Thursday,23,0.655512235146194,24570.49,25380.385555555553,25727.144050000003,27248.81,22538.61
2014-06-06,23816.61,1252.1,59.16,2014,6,2,6,Friday,23,-0.23537247411279383,24520.598333333335,25361.772444444443,25705.2905,27248.81,22538.61
2014-06-09,23845.25,1253.5,59.17,2014,6,2,9,Monday,24,0.12025221053710844,24463.459,25345.450777777776,25684.91635,27248.81,22538.61
2014-06-10,23977.25,1259.8,59.2,2014,6,2,10,Tuesday,24,0.5535693691615773,24418.608,25334.661999999997,25662.20945,27248.81,22538.61
2014-06-11,23964.67,1260.8,59.12,2014,6,2,11,Wednesday,24,-0.05246640044209716,24375.153,25324.902000000002,25637.52005,27248.81,22538.61
2014-06-12,24295.18,1273.6,59.33,2014,6,2,12,Thursday,24,1.3791552314302846,24346.099,25313.440333333332,25615.52415,27248.81,22538.61
2014-06-13,24278.66,1273.7,59.29,2014,6,2,13,Friday,24,-0.06799702657070972,24328.685666666668,25302.08311111111,25590.09375,27248.81,22538.61
2014-06-16,24471.64,1274.9,59.7,2014,6,2,16,Monday,25,0.7948544112401645,24304.862000000005,25294.936,25559.938,27248.81,22538.61
2014-06-17,24568.44,1271.7,60.09,2014,6,2,17,Tuesday,25,0.39555992160720255,24281.823666666667,25288.348666666665,25529.80895,27248.81,22538.61
2014-06-18,24677.28,1272.4,60.32,2014,6,2,18,Wednesday,25,0.4430073704313253,24261.60166666667,25281.703555555552,25501.95325,27248.81,22538.61
2014-06-19,25261.59,1313.7,59.81,2014,6,2,19,Thursday,25,2.3678055279998445,24275.37,25279.63177777778,25477.294049999997,27248.81,22538.61
2014-06-20,25457.77,1316.2,60.16,2014,6,2,20,Friday,25,0.7765940307003616,24297.663333333334,25274.696333333333,25451.286600000003,27248.81,22538.61
2014-06-23,25495.98,1318.0,60.17,2014,6,2,23,Monday,26,0.15009170088347012,24320.74266666667,25270.95955555556,25432.4882,27248.81,22538.61
2014-06-24,25545.71,1320.9,60.15,2014,6,2,24,Tuesday,26,0.19505035695823736,24341.259666666665,25268.271111111117,25413.07365,27248.81,22538.61
2014-06-25,25586.58,1322.2,60.19,2014,6,2,25,Wednesday,26,0.15998772396619287,24369.746333333333,25259.72388888889,25395.56945,27248.81,22538.61
2014-06-26,25366.98,1316.1,59.95,2014,6,2,26,Thursday,26,-0.858262417251554,24385.38366666667,25249.17477777778,25381.93105,27248.81,22538.61
2014-06-27,25478.01,1319.0,60.08,2014,6,2,27,Friday,26,0.4376949877360259,24411.229,25238.783000000003,25369.833049999997,27248.81,22538.61
2014-06-30,25514.24,1321.8,60.04,2014,6,2,30,Monday,27,0.1422010588739253,24439.379333333334,25229.33633333333,25362.3261,27248.81,22538.61
2014-07-01,25574.04,1326.4,59.97,2014,7,3,1,Tuesday,27,0.2343789193799184,24479.944333333337,25219.65644444444,25356.38435,27248.81,22538.61
2014-07-02,25681.76,1330.7,60.03,2014,7,3,2,Wednesday,27,0.4212083816244716,24526.26166666667,25208.551111111112,25350.70875,27248.81,22538.61
2014-07-03,25233.36,1320.4,59.44,2014,7,3,3,Thursday,27,-1.745986256393639,24558.730333333333,25191.14422222222,25343.645750000003,27248.81,22538.61
2014-07-07,25276.49,1316.5,59.72,2014,7,3,7,Monday,28,0.17092452214053644,24586.84766666667,25177.925111111115,25337.202600000004,27248.81,22538.61
2014-07-08,25364.21,1316.0,59.95,2014,7,3,8,Tuesday,28,0.3470418558905841,24625.639666666666,25164.109666666667,25324.0612,27248.81,22538.61
2014-07-09,25429.42,1323.8,59.75,2014,7,3,9,Wednesday,28,0.2570945438474137,24677.924000000003,25153.897,25317.994700000003,27248.81,22538.61
2014-07-10,25719.94,1338.7,59.76,2014,7,3,10,Thursday,28,1.142456257358604,24738.49033333333,25141.518333333333,25312.81015,27248.81,22538.61
2014-07-11,25872.12,1337.0,60.19,2014,7,3,11,Friday,28,0.5916810070319078,24808.827666666664,25131.874222222224,25309.570099999997,27248.81,22538.61
2014-07-14,25236.05,1306.3,60.09,2014,7,3,14,Monday,29,-2.4585151893234847,24863.77433333333,25117.358666666663,25301.05865,27248.81,22538.61
2014-07-15,25042.78,1296.9,60.06,2014,7,3,15,Tuesday,29,-0.7658488551100517,24909.639333333336,25097.450333333338,25293.43805,27248.81,22538.61
2014-07-16,25140.88,1299.6,60.17,2014,7,3,16,Wednesday,29,0.39172967218497057,24958.767333333333,25086.163444444443,25286.32875,27248.81,22538.61
2014-07-17,25433.58,1316.7,60.08,2014,7,3,17,Thursday,29,1.164239278816015,25015.97566666667,25075.351555555557,25279.347599999997,27248.81,22538.61
2014-07-18,25507.58,1309.2,60.6,2014,7,3,18,Friday,29,0.29095392783871077,25070.46833333333,25066.266555555558,25277.5144,27248.81,22538.61
2014-07-21,25459.26,1313.7,60.28,2014,7,3,21,Monday,30,-0.1894338859272593,25125.22333333333,25050.348666666665,25271.89515,27248.81,22538.61
2014-07-22,25300.21,1306.1,60.25,2014,7,3,22,Tuesday,30,-0.6247235779830218,25173.721999999998,25033.572888888888,25266.94635,27248.81,22538.61
2014-07-23,25205.47,1304.5,60.1,2014,7,3,23,Wednesday,30,-0.37446329496868547,25214.662666666667,25010.869111111115,25262.52375,27248.81,22538.61
2014-07-24,24838.14,1290.6,59.86,2014,7,3,24,Thursday,30,-1.4573423943294972,25243.778333333335,24987.77722222222,25255.99565,27248.81,22538.61
2014-07-25,25162.5,1303.1,60.06,2014,7,3,25,Friday,30,1.305894885848935,25272.689000000002,24971.025999999998,25251.1486,27248.81,22538.61
2014-07-28,25163.43,1303.3,60.05,2014,7,3,28,Monday,31,0.0036959761549937298,25302.18133333333,24957.797,25246.647599999997,27248.81,22538.61
2014-07-29,25065.64,1298.3,60.05,2014,7,3,29,Tuesday,31,-0.38861951649675763,25321.981333333333,24946.611888888892,25243.1433,27248.81,22538.61
2014-07-30,24995.84,1294.9,60.04,2014,7,3,30,Wednesday,31,-0.27846885218171247,25336.228,24931.625777777776,25242.539399999998,27248.81,22538.61
2014-07-31,24819.82,1281.3,60.25,2014,7,3,31,Thursday,31,-0.7041971784104928,25340.979333333333,24921.583666666666,25241.495599999995,27248.81,22538.61
2014-08-01,25274.35,1293.6,60.77,2014,8,3,1,Friday,31,1.8313186799904235,25341.404666666665,24918.562777777777,25242.259700000002,27248.81,22538.61
2014-08-04,25340.41,1287.7,61.21,2014,8,3,4,Monday,32,0.26137170688860234,25337.49266666667,24919.730222222224,25241.5387,27248.81,22538.61
2014-08-05,25140.45,1284.0,60.9,2014,8,3,5,Tuesday,32,-0.7890953619140273,25325.641666666666,24920.825,25236.58055,27248.81,22538.61
2014-08-06,25560.96,1306.7,60.84,2014,8,3,6,Wednesday,32,1.6726430911141232,25326.15,24926.425,25235.2844,27248.81,22538.61
2014-08-07,25787.4,1310.8,61.19,2014,8,3,7,Thursday,32,0.8858822203861028,25332.843999999997,24938.603666666666,25234.69665,27248.81,22538.61
2014-08-08,25770.22,1308.9,61.24,2014,8,3,8,Friday,32,-0.06662168345781261,25346.28533333333,24950.71811111111,25232.7227,27248.81,22538.61
2014-08-11,25720.28,1308.5,61.14,2014,8,3,11,Monday,33,-0.19378957571958288,25354.360999999997,24960.90988888889,25230.114849999998,27248.81,22538.61
2014-08-12,25718.6,1308.8,61.12,2014,8,3,12,Tuesday,33,-0.006531810695686868,25361.173,24971.844222222222,25225.179,27248.81,22538.61
2014-08-13,25839.41,1312.8,61.22,2014,8,3,13,Wednesday,33,0.46973785509321075,25370.018666666663,24977.807666666668,25220.781799999997,27248.81,22538.61
2014-08-14,25776.58,1313.9,61.02,2014,8,3,14,Thursday,33,-0.24315570672859277,25373.17933333333,24987.533333333333,25216.131699999998,27248.81,22538.61
2014-08-15,25432.79,1304.5,60.64,2014,8,3,15,Friday,33,-1.3337300759061144,25379.826999999997,24989.05455555556,25210.282900000002,27248.81,22538.61
2014-08-18,25355.71,1297.7,60.77,2014,8,3,18,Monday,34,-0.3030733159830379,25382.467666666664,24990.546444444448,25203.80305,27248.81,22538.61
2014-08-19,25324.47,1295.1,60.82,2014,8,3,19,Tuesday,34,-0.12320696206100656,25381.143,24989.170333333335,25199.9527,27248.81,22538.61
2014-08-20,25257.97,1293.4,60.74,2014,8,3,20,Wednesday,34,-0.26259187260384564,25375.428,24985.753555555555,25194.905100000004,27248.81,22538.61
2014-08-21,24819.2,1273.7,60.61,2014,8,3,21,Thursday,34,-1.737154648611905,25345.403333333332,24975.44088888889,25187.555900000003,27248.81,22538.61
2014-08-22,24845.62,1278.6,60.44,2014,8,3,22,Friday,34,0.10644984528107582,25311.186666666665,24971.284777777782,25181.4613,27248.81,22538.61
2014-08-25,24829.81,1277.3,60.46,2014,8,3,25,Monday,35,-0.0636329461691787,25297.645333333334,24966.470999999998,25173.9399,27248.81,22538.61
2014-08-26,24975.56,1283.8,60.51,2014,8,3,26,Tuesday,35,0.5869960342024472,25295.40466666666,24965.597111111107,25167.424549999996,27248.81,22538.61
2014-08-27,24904.8,1281.9,60.43,2014,8,3,27,Wednesday,35,-0.28331697067053296,25287.535333333337,24965.559444444447,25162.170850000006,27248.81,22538.61
2014-08-28,25045.2,1288.7,60.45,2014,8,3,28,Thursday,35,0.5637467476149238,25274.58933333333,24967.16211111111,25156.963699999997,27248.81,22538.61
2014-08-29,25055.81,1285.8,60.61,2014,8,3,29,Friday,35,0.042363406960221894,25259.530333333336,24966.829555555552,25152.531600000002,27248.81,22538.61
2014-09-02,24589.81,1263.7,60.52,2014,9,3,2,Tuesday,36,-1.8598480751570223,25230.54866666667,24958.79011111111,25145.076549999998,27248.81,22538.61
2014-09-03,24754.23,1268.9,60.68,2014,9,3,3,Wednesday,36,0.6686509574494348,25212.349333333335,24949.843444444447,25137.823050000003,27248.81,22538.61
2014-09-04,24562.95,1265.1,60.39,2014,9,3,4,Thursday,36,-0.7727164205875048,25190.931999999997,24941.40088888889,25130.184000000005,27248.81,22538.61
2014-09-05,24568.41,1265.8,60.37,2014,9,3,5,Friday,36,0.022228600392049103,25181.941,24933.62411111111,25124.77735,27248.81,22538.61
2014-09-08,24321.39,1252.7,60.39,2014,9,3,8,Monday,37,-1.0054374703124869,25153.904,24924.230666666663,25119.058650000003,27248.81,22538.61
2014-09-09,24203.64,1246.8,60.38,2014,9,3,9,Tuesday,37,-0.4841417369648715,25121.911000000004,24917.592666666664,25114.482999999997,27248.81,22538.61
2014-09-10,24303.49,1243.5,60.79,2014,9,3,10,Wednesday,37,0.4125412541254203,25096.506,24907.78311111111,25110.545,27248.81,22538.61
2014-09-11,24188.25,1237.4,60.8,2014,9,3,11,Thursday,37,-0.47417058208513163,25069.586333333336,24895.87933333333,25105.5204,27248.81,22538.61
2014-09-12,24045.6,1229.9,60.81,2014,9,3,12,Friday,37,-0.589749155064967,25043.779,24882.12,25101.572549999997,27248.81,22538.61
2014-09-15,24053.68,1233.6,60.65,2014,9,3,15,Monday,38,0.03360282130620007,25003.09,24873.28822222222,25097.110250000005,27248.81,22538.61
2014-09-16,24212.76,1235.2,60.97,2014,9,3,16,Tuesday,38,0.6613541046525784,24965.501666666663,24866.88588888889,25093.89065,27248.81,22538.61
2014-09-17,24230.01,1234.4,61.05,2014,9,3,17,Wednesday,38,0.07124342701947395,24935.153666666665,24860.51266666667,25089.56655,27248.81,22538.61
2014-09-18,24002.1,1225.7,60.91,2014,9,3,18,Thursday,38,-0.9406104248409264,24883.191666666666,24850.200444444446,25086.849949999996,27248.81,22538.61
2014-09-19,23713.27,1215.3,60.69,2014,9,3,19,Friday,38,-1.2033530399423342,24814.054,24838.881444444447,25083.0283,27248.81,22538.61
2014-09-22,23806.3,1216.8,60.85,2014,9,3,22,Monday,39,0.39231198396509903,24748.590000000004,24826.753,25076.926799999997,27248.81,22538.61
2014-09-23,23946.18,1221.0,61.0,2014,9,3,23,Tuesday,39,0.5875755577305242,24689.45333333333,24818.34777777778,25074.3428,27248.81,22538.61
2014-09-24,23891.27,1218.6,60.98,2014,9,3,24,Wednesday,39,-0.2293058851140395,24628.542333333335,24809.698222222225,25072.0092,27248.81,22538.61
2014-09-25,23875.5,1221.2,60.81,2014,9,3,25,Thursday,39,-0.06600737424172776,24563.078666666665,24804.347222222223,25069.95565,27248.81,22538.61
2014-09-26,24002.13,1214.1,61.49,2014,9,3,26,Friday,39,0.5303763271973461,24503.930333333334,24801.12377777778,25066.43955,27248.81,22538.61
2014-09-29,23931.56,1217.5,61.14,2014,9,3,29,Monday,40,-0.29401557278457835,24453.889333333336,24797.482222222225,25062.729700000004,27248.81,22538.61
2014-09-30,23955.47,1210.5,61.55,2014,9,3,30,Tuesday,40,0.09990990975932146,24407.21466666667,24792.176666666666,25061.123050000002,27248.81,22538.61
2014-10-01,24140.87,1214.6,61.82,2014,10,4,1,Wednesday,40,0.7739359737045426,24367.761333333332,24791.514666666666,25058.35075,27248.81,22538.61
2014-10-02,24091.15,1214.2,61.71,2014,10,4,2,Thursday,40,-0.20595778031197165,24328.867333333335,24794.073111111113,25054.294550000002,27248.81,22538.61
2014-10-03,23550.01,1192.2,61.44,2014,10,4,3,Friday,40,-2.246219047243503,24286.561,24790.151555555556,25049.76975,27248.81,22538.61
2014-10-06,23874.45,1206.7,61.54,2014,10,4,6,Monday,41,1.3776639585291184,24254.18866666667,24791.400999999998,25046.5196,27248.81,22538.61
2014-10-07,23845.6,1211.7,61.21,2014,10,4,7,Tuesday,41,-0.1208404800948415,24221.381666666664,24794.267111111112,25046.587600000003,27248.81,22538.61
2014-10-08,23742.9,1205.3,61.27,2014,10,4,8,Wednesday,41,-0.43068742241754165,24180.293,24795.11233333333,25044.301999999996,27248.81,22538.61
2014-10-09,23969.54,1224.6,60.88,2014,10,4,9,Thursday,41,0.9545590471256693,24149.11766666667,24798.473444444444,25044.669949999996,27248.81,22538.61
2014-10-10,23954.03,1221.0,61.02,2014,10,4,10,Friday,41,-0.06470712412504076,24112.745333333336,24801.103444444445,25044.64105,27248.81,22538.61
2014-10-13,24218.83,1229.3,61.28,2014,10,4,13,Monday,42,1.1054507320897633,24084.846,24804.94822222222,25045.13905,27248.81,22538.61
2014-10-14,24194.48,1233.6,61.0,2014,10,4,14,Tuesday,42,-0.1005416033722617,24071.66833333333,24809.146777777783,25045.12115,27248.81,22538.61
2014-10-15,24556.41,1244.1,61.39,2014,10,4,15,Wednesday,42,1.495919730450912,24065.074333333334,24817.048555555557,25048.631799999996,27248.81,22538.61
2014-10-16,24477.38,1240.5,61.37,2014,10,4,16,Thursday,42,-0.32183043042528503,24062.222,24822.605555555554,25051.653699999995,27248.81,22538.61
2014-10-17,24573.31,1238.3,61.72,2014,10,4,17,Friday,42,0.3919128599547905,24062.38533333333,24829.36822222222,25052.74295,27248.81,22538.61
2014-10-20,24540.44,1244.0,61.36,2014,10,4,20,Monday,43,-0.1337630136111212,24069.686999999998,24832.09333333333,25051.8978,27248.81,22538.61
2014-10-21,24626.24,1251.0,61.23,2014,10,4,21,Tuesday,43,0.3496269830532972,24083.773666666664,24835.95533333333,25051.20325,27248.81,22538.61
2014-10-22,24470.18,1244.8,61.14,2014,10,4,22,Wednesday,43,-0.6337142820016406,24089.329999999998,24835.93911111111,25050.410599999996,27248.81,22538.61
2014-10-23,24132.77,1228.5,61.1,2014,10,4,23,Thursday,43,-1.3788619454372597,24087.480666666663,24831.098333333335,25048.7946,27248.81,22538.61
2014-10-24,24197.68,1231.2,61.13,2014,10,4,24,Friday,43,0.268970366849719,24092.55,24825.769444444446,25047.024899999997,27248.81,22538.61
2014-10-27,24169.45,1229.1,61.16,2014,10,4,27,Monday,44,-0.11666407688670777,24096.409,24813.634555555553,25044.0579,27248.81,22538.61
2014-10-28,24224.77,1229.2,61.3,2014,10,4,28,Tuesday,44,0.22888398370670693,24096.809333333335,24799.93455555556,25041.634100000003,27248.81,22538.61
2014-10-29,24082.15,1224.3,61.18,2014,10,4,29,Wednesday,44,-0.5887362398074303,24091.880666666668,24784.225333333332,25039.000099999997,27248.81,22538.61
2014-10-30,23606.08,1198.1,61.28,2014,10,4,30,Thursday,44,-1.9768583785085614,24078.68,24762.673888888887,25034.68735,27248.81,22538.61
2014-10-31,23130.57,1171.1,61.43,2014,10,4,31,Friday,44,-2.014353929157242,24059.256666666668,24735.38488888889,25027.66975,27248.81,22538.61
2014-11-03,23083.84,1169.4,61.4,2014,11,4,3,Monday,45,-0.20202701446613291,24035.174666666666,24710.01666666667,25019.5025,27248.81,22538.61
2014-11-04,23049.99,1167.4,61.41,2014,11,4,4,Tuesday,45,-0.14663938062297044,24005.30166666667,24683.038666666667,25011.6987,27248.81,22538.61
2014-11-05,22569.57,1145.4,61.29,2014,11,4,5,Wednesday,45,-2.084252531129094,23961.245000000003,24650.320111111112,25001.118599999998,27248.81,22538.61
2014-11-06,22538.61,1142.3,61.37,2014,11,4,6,Thursday,45,-0.13717585226479256,23916.682000000004,24616.593111111117,24988.23565,27248.81,22538.61
2014-11-07,23123.51,1169.6,61.49,2014,11,4,7,Friday,45,2.595102359905943,23887.39466666667,24588.16811111111,24977.559699999998,27248.81,22538.61
2014-11-10,22933.26,1159.6,61.51,2014,11,4,10,Monday,46,-0.822755714854706,23854.118000000002,24562.611444444447,24964.80365,27248.81,22538.61
2014-11-11,23002.91,1162.8,61.53,2014,11,4,11,Tuesday,46,0.30370736650611185,23822.365999999998,24537.34944444444,24952.359249999998,27248.81,22538.61
2014-11-12,22910.85,1158.9,61.49,2014,11,4,12,Wednesday,46,-0.4002102342703706,23781.36533333333,24510.089888888888,24940.3425,27248.81,22538.61
2014-11-13,22908.8,1161.1,61.37,2014,11,4,13,Thursday,46,-0.008947725640906512,23741.953666666665,24482.083,24930.145300000004,27248.81,22538.61
2014-11-14,23466.07,1185.0,61.59,2014,11,4,14,Friday,46,2.432558667411655,23739.155666666666,24457.04,24923.2603,27248.81,22538.61
2014-11-17,23470.21,1183.0,61.71,2014,11,4,17,Monday,47,0.01764249403499729,23725.681,24430.35211111111,24913.9777,27248.81,22538.61
2014-11-18,23786.26,1196.7,61.82,2014,11,4,18,Tuesday,47,1.3466006482259818,23723.703,24414.243333333332,24906.40495,27248.81,22538.61
2014-11-19,23684.34,1193.6,61.72,2014,11,4,19,Wednesday,47,-0.42848266183922457,23721.751,24399.149555555556,24899.25225,27248.81,22538.61
2014-11-20,23711.02,1190.7,61.94,2014,11,4,20,Thursday,47,0.1126482730783307,23713.13366666667,24383.262222222223,24892.000850000004,27248.81,22538.61
2014-11-21,23840.66,1197.5,61.92,2014,11,4,21,Friday,47,0.5467499921977259,23709.354666666663,24365.563111111107,24884.827449999997,27248.81,22538.61
2014-11-24,23738.19,1195.5,61.76,2014,11,4,24,Monday,48,-0.4298119263476785,23693.333333333332,24345.903222222216,24876.27815,27248.81,22538.61
2014-11-25,23805.75,1197.1,61.85,2014,11,4,25,Tuesday,48,0.2846046813173242,23680.375666666667,24327.530888888887,24865.7971,27248.81,22538.61
2014-11-26,23790.81,1196.6,61.84,2014,11,4,26,Wednesday,48,-0.06275794713461735,23654.855666666663,24310.759777777777,24855.589699999997,27248.81,22538.61
2014-11-28,23370.25,1175.2,61.85,2014,11,4,28,Friday,48,-1.7677414093929644,23617.951333333334,24290.36844444444,24843.502599999996,27248.81,22538.61
2014-12-01,24358.43,1218.0,62.2,2014,12,4,1,Monday,49,4.228367261796517,23610.788666666667,24285.038333333334,24833.5156,27248.81,22538.61
2014-12-02,23884.14,1199.2,61.95,2014,12,4,2,Tuesday,49,-1.9471287763620282,23588.912,24270.834333333336,24821.354300000003,27248.81,22538.61
2014-12-03,24007.2,1208.5,61.79,2014,12,4,3,Wednesday,49,0.5152373081048767,23568.27733333333,24257.98733333333,24809.32395,27248.81,22538.61
2014-12-04,24013.73,1207.5,61.86,2014,12,4,4,Thursday,49,0.027200173281349826,23553.06233333334,24246.29944444444,24797.5704,27248.81,22538.61
2014-12-05,23639.77,1190.1,61.78,2014,12,4,5,Friday,49,-1.5572757751502908,23536.629,24231.232,24783.5431,27248.81,22538.61
2014-12-08,23780.3,1194.7,61.91,2014,12,4,8,Monday,50,0.5944643285446416,23522.716333333334,24219.681777777783,24769.038399999998,27248.81,22538.61
2014-12-09,24475.98,1231.5,61.82,2014,12,4,9,Tuesday,50,2.9254466932713274,23532.934,24210.811,24757.418400000002,27248.81,22538.61
2014-12-10,24446.04,1228.9,61.87,2014,12,4,10,Wednesday,50,-0.12232400908972485,23540.309666666668,24200.873555555558,24747.317550000003,27248.81,22538.61
2014-12-11,24421.65,1225.1,62.0,2014,12,4,11,Thursday,50,-0.09977076041763899,23551.626333333334,24192.886888888886,24736.387799999997,27248.81,22538.61
2014-12-12,24544.51,1222.0,62.47,2014,12,4,12,Friday,50,0.5030782113411458,23582.907333333333,24181.592999999997,24727.36755,27248.81,22538.61
2014-12-15,24264.71,1207.2,62.52,2014,12,4,15,Monday,51,-1.139969793652429,23620.712,24164.67422222222,24714.520999999997,27248.81,22538.61
2014-12-16,24246.88,1193.9,63.17,2014,12,4,16,Tuesday,51,-0.07348119965167044,23659.48,24147.748222222224,24702.05495,27248.81,22538.61
2014-12-17,24441.23,1194.3,63.65,2014,12,4,17,Wednesday,51,0.8015464257669302,23705.854666666666,24133.536555555555,24691.54885,27248.81,22538.61
2014-12-18,24397.56,1194.7,63.52,2014,12,4,18,Thursday,51,-0.17867349556466294,23766.787666666663,24118.858333333334,24679.363999999998,27248.81,22538.61
2014-12-19,24216.37,1195.9,62.98,2014,12,4,19,Friday,51,-0.7426562328364028,23822.712999999996,24100.824555555555,24669.66235,27248.81,22538.61
2014-12-22,23985.8,1179.7,63.24,2014,12,4,22,Monday,52,-0.9521245339413009,23851.456,24080.927000000003,24657.558100000002,27248.81,22538.61
2014-12-23,23942.76,1177.9,63.22,2014,12,4,23,Tuesday,52,-0.17943950170518086,23885.105999999996,24064.37111111111,24645.645750000003,27248.81,22538.61
2014-12-24,23932.56,1173.5,63.43,2014,12,4,24,Wednesday,52,-0.042601604827496864,23916.094333333334,24048.558333333334,24630.8492,27248.81,22538.61
2014-12-26,24407.89,1195.3,63.51,2014,12,4,26,Friday,52,1.9861226713732139,23965.995666666666,24038.37411111111,24618.8385,27248.81,22538.61
2014-12-29,24159.44,1181.7,63.59,2014,12,4,29,Monday,1,-1.0179085533407517,24007.683666666668,24026.168222222223,24603.39165,27248.81,22538.61
2014-12-30,24565.83,1200.2,63.66,2014,12,4,30,Tuesday,1,1.6821168040318968,24044.342333333334,24023.353,24591.63875,27248.81,22538.61
2014-12-31,24123.72,1183.9,63.38,2014,12,4,31,Wednesday,1,-1.799694942120822,24066.126,24015.331888888886,24578.906799999997,27248.81,22538.61
2015-01-02,24033.05,1186.0,63.03,2015,1,1,2,Friday,1,-0.3758541385822878,24074.352333333332,24006.479000000003,24567.30185,25740.51,22276.68
2015-01-05,24492.54,1203.9,63.28,2015,1,1,5,Monday,2,1.911908808911078,24101.292333333335,24001.112111111113,24559.40305,25740.51,22276.68
2015-01-06,24829.37,1219.3,63.34,2015,1,1,6,Tuesday,2,1.3752350715768857,24138.570666666667,24000.273999999998,24551.82695,25740.51,22276.68
2015-01-07,24741.72,1210.6,63.57,2015,1,1,7,Wednesday,2,-0.3530093594803163,24168.605999999996,23996.902000000002,24546.9175,25740.51,22276.68
2015-01-08,24582.15,1208.4,63.27,2015,1,1,8,Thursday,2,-0.6449430354882324,24196.738,23991.63911111111,24542.0971,25740.51,22276.68
2015-01-09,24500.23,1216.0,62.67,2015,1,1,9,Friday,2,-0.33324993948862236,24219.887333333332,23990.643777777776,24538.421550000003,25740.51,22276.68
2015-01-12,24709.88,1232.7,62.35,2015,1,1,12,Monday,3,0.8557062525535564,24250.523,23990.150999999998,24536.76135,25740.51,22276.68
2015-01-13,24630.84,1234.3,62.07,2015,1,1,13,Tuesday,3,-0.3198720511795372,24292.542666666664,23990.905333333332,24534.63075,25740.51,22276.68
2015-01-14,24595.13,1234.4,61.97,2015,1,1,14,Wednesday,3,-0.14498084515184306,24300.432666666668,23991.202222222226,24534.1498,25740.51,22276.68
2015-01-15,25245.61,1264.7,62.09,2015,1,1,15,Thursday,3,2.6447512170092224,24345.815,24001.47133333333,24536.97825,25740.51,22276.68
2015-01-16,25476.83,1276.9,62.06,2015,1,1,16,Friday,3,0.9158820087928232,24394.80266666667,24015.617888888886,24540.3473,25740.51,22276.68
2015-01-20,25647.24,1294.2,61.64,2015,1,1,20,Tuesday,4,0.6688822746000911,24449.253000000004,24030.54844444445,24544.91095,25740.51,22276.68
2015-01-21,25641.49,1293.7,61.65,2015,1,1,21,Wednesday,4,-0.022419566393894197,24515.977000000003,24046.695555555558,24546.6049,25740.51,22276.68
2015-01-22,25740.51,1300.7,61.55,2015,1,1,22,Thursday,4,0.3861710064430701,24581.317333333332,24065.527888888893,24550.801100000004,25740.51,22276.68
2015-01-23,25598.91,1292.6,61.6,2015,1,1,23,Friday,4,-0.5501056505873403,24618.748333333337,24082.69711111111,24552.31625,25740.51,22276.68
2015-01-26,25269.63,1279.4,61.43,2015,1,1,26,Monday,5,-1.2863047684452122,24646.201333333334,24094.440111111115,24552.557200000003,25740.51,22276.68
2015-01-27,25529.18,1291.7,61.47,2015,1,1,27,Tuesday,5,1.0271222807773484,24683.119,24108.87533333333,24552.961499999998,25740.51,22276.68
2015-01-28,25385.61,1285.9,61.4,2015,1,1,28,Wednesday,5,-0.5623760731837013,24711.15566666667,24124.247666666666,24552.062149999998,25740.51,22276.68
2015-01-29,24746.72,1254.6,61.35,2015,1,1,29,Thursday,5,-2.5167407834596034,24727.222666666665,24135.73044444444,24547.059050000003,25740.51,22276.68
2015-01-30,25401.06,1278.5,61.8,2015,1,1,30,Friday,5,2.6441483962319046,24765.695333333333,24153.45,24547.966,25740.51,22276.68
2015-02-02,25444.4,1276.2,62.01,2015,2,1,2,Monday,6,0.17062280078075087,24799.134333333335,24170.096888888886,24548.87275,25740.51,22276.68
2015-02-03,25000.0,1259.7,61.73,2015,2,1,3,Tuesday,6,-1.7465532690886798,24819.21566666667,24182.41611111111,24548.6017,25740.51,22276.68
2015-02-04,25035.05,1263.8,61.61,2015,2,1,4,Wednesday,6,0.14019999999999033,24846.505,24195.3,24549.236,25740.51,22276.68
2015-02-05,25099.21,1262.0,61.86,2015,2,1,5,Thursday,6,0.2562806944663487,24883.61866666667,24207.489777777777,24550.22725,25740.51,22276.68
2015-02-06,24489.96,1233.9,61.73,2015,2,1,6,Friday,6,-2.427367235861211,24901.858666666667,24213.69422222222,24547.248349999998,25740.51,22276.68
2015-02-09,24718.66,1240.8,61.96,2015,2,1,9,Monday,7,0.9338520765244329,24928.061999999998,24222.17411111111,24544.274849999998,25740.51,22276.68
2015-02-10,24601.51,1231.6,62.13,2015,2,1,10,Tuesday,7,-0.47393345755798455,24934.516000000003,24227.292333333335,24539.485249999998,25740.51,22276.68
2015-02-11,24432.91,1219.0,62.34,2015,2,1,11,Wednesday,7,-0.6853237870358297,24943.631666666664,24231.08966666667,24535.0359,25740.51,22276.68
2015-02-12,24470.65,1220.1,62.38,2015,2,1,12,Thursday,7,0.15446379493888607,24940.459,24241.319,24531.047550000003,25740.51,22276.68
2015-02-13,24515.41,1226.5,62.17,2015,2,1,13,Friday,7,0.18291299985899734,24953.515333333336,24248.440777777778,24527.790599999997,25740.51,22276.68
2015-02-17,24153.84,1208.1,62.19,2015,2,1,17,Tuesday,8,-1.4748682563334614,24957.541666666668,24251.86566666667,24524.554500000002,25740.51,22276.68
2015-02-18,23957.36,1199.7,62.11,2015,2,1,18,Wednesday,8,-0.8134524365483897,24939.70233333333,24254.248555555558,24518.40955,25740.51,22276.68
2015-02-19,24090.38,1207.1,62.07,2015,2,1,19,Thursday,8,0.5552364701286061,24915.069333333333,24255.59122222222,24512.563499999997,25740.51,22276.68
2015-02-20,24071.74,1204.4,62.17,2015,2,1,20,Friday,8,-0.07737528424208717,24892.736666666668,24256.89911111111,24506.5025,25740.51,22276.68
2015-02-23,23965.1,1200.3,62.1,2015,2,1,23,Monday,9,-0.44300910528281,24872.168333333335,24254.079888888893,24502.085300000002,25740.51,22276.68
2015-02-24,23924.15,1196.9,62.17,2015,2,1,24,Tuesday,9,-0.17087347851666435,24852.965666666667,24251.076222222222,24497.7612,25740.51,22276.68
2015-02-25,24030.04,1201.0,62.23,2015,2,1,25,Wednesday,9,0.442607156367103,24830.304333333333,24245.22766666667,24493.893399999997,25740.51,22276.68
2015-02-26,24063.66,1209.6,61.88,2015,2,1,26,Thursday,9,0.13990821488436556,24811.398333333334,24240.630777777777,24489.560699999998,25740.51,22276.68
2015-02-27,24075.39,1212.6,61.75,2015,2,1,27,Friday,9,0.04874570202537676,24794.07366666667,24235.098333333335,24486.277749999997,25740.51,22276.68
2015-03-02,23938.11,1207.7,61.65,2015,3,1,2,Monday,10,-0.5702088315080234,24750.490333333335,24228.405777777778,24481.479,25740.51,22276.68
2015-03-03,23961.55,1204.0,61.9,2015,3,1,3,Tuesday,10,0.09791917574111242,24699.980999999996,24221.020333333334,24477.7735,25740.51,22276.68
2015-03-04,23859.91,1200.6,61.81,2015,3,1,4,Wednesday,10,-0.42417957102106607,24640.403333333332,24214.239555555556,24473.7244,25740.51,22276.68
2015-03-05,23955.68,1195.9,62.31,2015,3,1,5,Thursday,10,0.4013845819200501,24584.20966666667,24212.271888888885,24471.71735,25740.51,22276.68
2015-03-06,23370.33,1164.1,62.44,2015,3,1,6,Friday,10,-2.4434706090580516,24505.203666666665,24203.079111111114,24467.107799999998,25740.51,22276.68
2015-03-09,23420.25,1166.4,62.45,2015,3,1,9,Monday,11,0.2136041724699611,24432.581666666665,24194.754666666668,24462.912549999997,25740.51,22276.68
2015-03-10,23375.81,1160.1,62.67,2015,3,1,10,Tuesday,11,-0.18975032290431404,24369.454333333335,24185.32177777778,24457.626750000003,25740.51,22276.68
2015-03-11,23201.2,1150.7,62.71,2015,3,1,11,Wednesday,11,-0.7469687681410875,24291.855,24175.53344444444,24452.6305,25740.51,22276.68
2015-03-12,23244.98,1152.1,62.76,2015,3,1,12,Thursday,11,0.1886971363550094,24220.500666666667,24171.521222222225,24449.55095,25740.51,22276.68
2015-03-13,23173.55,1152.6,62.53,2015,3,1,13,Friday,11,-0.30729215512338426,24168.06166666667,24171.99877777778,24445.90395,25740.51,22276.68
2015-03-16,23388.22,1153.3,63.08,2015,3,1,16,Monday,12,0.9263578519475901,24100.967,24175.380777777773,24444.03505,25740.51,22276.68
2015-03-17,23180.87,1148.3,62.79,2015,3,1,17,Tuesday,12,-0.8865574207870597,24025.516,24176.835,24442.001149999996,25740.51,22276.68
2015-03-18,23179.41,1151.4,62.62,2015,3,1,18,Wednesday,12,-0.00629829682837757,23964.82966666667,24183.611,24439.564049999997,25740.51,22276.68
2015-03-19,23564.67,1169.1,62.69,2015,3,1,19,Thursday,12,1.6620785429827478,23915.817,24195.011666666665,24439.0522,25740.51,22276.68
2015-03-20,23801.14,1184.8,62.48,2015,3,1,20,Friday,12,1.0034937896435725,23872.548,24202.540888888892,24439.47125,25740.51,22276.68
2015-03-23,23834.86,1188.0,62.4,2015,3,1,23,Monday,13,0.14167388620882626,23850.711333333333,24212.558666666664,24439.28155,25740.51,22276.68
2015-03-24,23840.13,1191.7,62.22,2015,3,1,24,Tuesday,13,0.02211047180473713,23821.427,24221.86111111111,24439.39915,25740.51,22276.68
2015-03-25,23973.33,1197.3,62.28,2015,3,1,25,Wednesday,13,0.5587217854936322,23800.487666666668,24233.666444444443,24440.03955,25740.51,22276.68
2015-03-26,24200.8,1205.1,62.46,2015,3,1,26,Thursday,13,0.9488460718640068,23792.750666666667,24248.022,24441.1573,25740.51,22276.68
2015-03-27,24235.93,1199.8,62.83,2015,3,1,27,Friday,13,0.14516049056230163,23784.92666666667,24256.575999999997,24442.513600000002,25740.51,22276.68
2015-03-30,23813.32,1184.8,62.51,2015,3,1,30,Monday,14,-1.7437333743743344,23761.523666666664,24260.388333333336,24440.104299999995,25740.51,22276.68
2015-03-31,23776.87,1183.1,62.51,2015,3,1,31,Tuesday,14,-0.1530655952215021,23748.958,24260.284,24437.595349999996,25740.51,22276.68
2015-04-01,24200.45,1208.1,62.31,2015,4,2,1,Wednesday,14,1.7814792275013591,23757.061,24266.018555555554,24436.2394,25740.51,22276.68
2015-04-02,24003.33,1200.9,62.17,2015,4,2,2,Thursday,14,-0.8145303083207045,23754.159333333333,24269.266444444445,24433.413849999997,25740.51,22276.68
2015-04-06,24314.41,1218.6,62.06,2015,4,2,6,Monday,15,1.2959868484914372,23762.248333333337,24274.530333333332,24431.5995,25740.51,22276.68
2015-04-07,24154.79,1210.6,62.06,2015,4,2,7,Tuesday,15,-0.6564831307854013,23768.57133333333,24279.159222222224,24426.065500000004,25740.51,22276.68
2015-04-08,24101.45,1203.1,62.31,2015,4,2,8,Wednesday,15,-0.22082576582118651,23774.481333333337,24282.444777777782,24419.283900000002,25740.51,22276.68
2015-04-09,23862.41,1193.6,62.18,2015,4,2,9,Thursday,15,-0.9918075468488441,23768.893666666667,24283.24033333334,24411.116050000004,25740.51,22276.68
2015-04-10,24133.44,1204.6,62.31,2015,4,2,10,Friday,15,1.1358031313685402,23771.219666666664,24291.720222222226,24404.0547,25740.51,22276.68
2015-04-13,24009.91,1199.3,62.27,2015,4,2,13,Monday,16,-0.5118623785088205,23769.037,24287.847777777777,24396.171350000004,25740.51,22276.68
2015-04-14,23926.56,1192.8,62.39,2015,4,2,14,Tuesday,16,-0.3471483233381534,23768.652,24288.31911111111,24388.96925,25740.51,22276.68
2015-04-15,24071.33,1201.5,62.31,2015,4,2,15,Wednesday,16,0.6050598163714227,23772.311333333335,24289.03166666667,24381.935849999998,25740.51,22276.68
2015-04-16,24030.49,1198.0,62.39,2015,4,2,16,Thursday,16,-0.16966241582828667,23777.997333333336,24289.217888888892,24374.5171,25740.51,22276.68
2015-04-17,24104.02,1202.9,62.33,2015,4,2,17,Friday,16,0.3059862699428928,23782.942,24294.376222222225,24367.167,25740.51,22276.68
2015-04-20,23998.93,1193.5,62.54,2015,4,2,20,Monday,17,-0.435985366756253,23803.895333333334,24296.805444444442,24358.75285,25740.51,22276.68
2015-04-21,24420.76,1202.9,63.15,2015,4,2,21,Tuesday,17,1.7577033642749873,23837.245666666666,24296.19188888889,24354.68985,25740.51,22276.68
2015-04-22,23994.05,1186.9,62.88,2015,4,2,22,Wednesday,17,-1.7473248170818523,23857.853666666666,24291.169777777777,24348.277649999996,25740.51,22276.68
2015-04-23,24167.56,1194.4,62.94,2015,4,2,23,Thursday,17,0.7231376111994425,23890.065666666665,24288.346555555556,24342.2944,25740.51,22276.68
2015-04-24,23912.06,1175.2,63.29,2015,4,2,24,Friday,17,-1.0572022992805241,23912.30166666667,24281.319333333337,24334.707599999998,25740.51,22276.68
2015-04-27,24626.19,1203.3,63.65,2015,4,2,27,Monday,18,2.9864846441502557,23960.722999999998,24285.33577777778,24329.23885,25740.51,22276.68
2015-04-28,24644.16,1214.0,63.14,2015,4,2,28,Tuesday,18,0.07297109297053073,24002.587666666666,24289.75,24323.099050000004,25740.51,22276.68
2015-04-29,24517.28,1209.8,63.03,2015,4,2,29,Wednesday,18,-0.5148481425213958,24047.13466666667,24290.594999999998,24319.5052,25740.51,22276.68
2015-04-30,24117.49,1182.4,63.44,2015,4,2,30,Thursday,18,-1.6306458138912516,24078.404,24287.483111111113,24314.87875,25740.51,22276.68
2015-05-01,23986.93,1174.5,63.52,2015,5,2,1,Friday,18,-0.5413498668393801,24092.479333333333,24284.933777777776,24309.109,25740.51,22276.68
2015-05-04,24238.14,1186.8,63.52,2015,5,2,4,Monday,19,1.047278663839002,24107.046,24287.737555555555,24303.131800000003,25740.51,22276.68
2015-05-05,24395.7,1193.2,63.59,2015,5,2,5,Tuesday,19,0.6500498800650512,24125.74066666667,24292.770222222225,24297.5724,25740.51,22276.68
2015-05-06,24241.12,1190.3,63.34,2015,5,2,6,Wednesday,19,-0.6336362555696362,24139.107000000004,24296.198666666667,24291.4817,25740.51,22276.68
2015-05-07,24200.36,1182.4,63.66,2015,5,2,7,Thursday,19,-0.16814404614967637,24146.674666666666,24293.89277777778,24285.98245,25740.51,22276.68
2015-05-08,24498.82,1189.1,64.08,2015,5,2,8,Friday,19,1.2332874386992598,24156.608666666667,24297.663666666667,24282.4492,25740.51,22276.68
2015-05-11,24233.47,1183.2,63.7,2015,5,2,11,Monday,20,-1.0831133907673873,24156.52666666667,24293.97077777778,24279.42585,25740.51,22276.68
2015-05-12,24547.16,1192.6,64.02,2015,5,2,12,Tuesday,20,1.2944493710558058,24180.988,24298.675666666666,24276.349150000002,25740.51,22276.68
2015-05-13,25153.02,1218.4,64.21,2015,5,2,13,Wednesday,20,2.4681470280065065,24226.859666666667,24311.119777777774,24276.2971,25740.51,22276.68
2015-05-14,25231.73,1225.4,64.04,2015,5,2,14,Thursday,20,0.31292465079739706,24261.235666666664,24319.333,24277.127549999997,25740.51,22276.68
2015-05-15,24983.2,1225.5,63.41,2015,5,2,15,Friday,20,-0.9849899313285282,24293.898,24321.042222222226,24277.06435,25740.51,22276.68
2015-05-18,25039.96,1227.8,63.43,2015,5,2,18,Monday,21,0.2271926734765728,24318.083,24324.356,24278.165050000003,25740.51,22276.68
2015-05-19,24728.58,1206.9,63.73,2015,5,2,19,Tuesday,21,-1.2435323379110685,24337.20933333333,24325.983000000004,24275.4362,25740.51,22276.68
2015-05-20,24791.32,1208.9,63.78,2015,5,2,20,Wednesday,21,0.2537145278863395,24360.205,24329.217333333334,24272.690749999998,25740.51,22276.68
2015-05-21,24637.08,1204.4,63.62,2015,5,2,21,Thursday,21,-0.6221532375040861,24386.02733333333,24328.40844444444,24270.1739,25740.51,22276.68
2015-05-22,24635.43,1204.3,63.63,2015,5,2,22,Friday,21,-0.006697222235763078,24402.760333333335,24328.459444444445,24265.546250000003,25740.51,22276.68
2015-05-26,24264.63,1187.2,63.57,2015,5,2,26,Tuesday,22,-1.5051492910819864,24411.251,24324.787222222225,24257.9324,25740.51,22276.68
2015-05-27,24392.48,1185.9,63.98,2015,5,2,27,Wednesday,22,0.5268986174526313,24426.78166666667,24315.308,24251.043700000002,25740.51,22276.68
2015-05-28,24398.76,1188.1,63.87,2015,5,2,28,Thursday,22,0.025745639639751516,24437.696,24303.329444444444,24244.4361,25740.51,22276.68
2015-05-29,24406.73,1189.4,63.83,2015,5,2,29,Friday,22,0.03266559448102946,24450.237333333334,24289.545999999995,24237.876750000003,25740.51,22276.68
2015-06-01,24350.15,1188.3,63.74,2015,6,2,1,Monday,23,-0.23182130502528153,24458.441666666666,24275.19777777778,24230.430450000003,25740.51,22276.68
2015-06-02,24420.63,1194.1,63.61,2015,6,2,2,Tuesday,23,0.2894438021942447,24472.498333333337,24260.532444444445,24223.650700000002,25740.51,22276.68
2015-06-03,24248.19,1184.7,63.66,2015,6,2,3,Wednesday,23,-0.7061242891768238,24466.746,24245.524444444447,24217.7277,25740.51,22276.68
2015-06-04,24197.57,1174.9,64.06,2015,6,2,4,Thursday,23,-0.20875784955495247,24473.530000000002,24233.612666666664,24211.937,25740.51,22276.68
2015-06-05,24029.57,1167.8,64.0,2015,6,2,5,Friday,23,-0.6942845913866513,24468.930333333334,24216.950333333338,24205.4625,25740.51,22276.68
2015-06-08,24050.53,1173.2,63.76,2015,6,2,8,Monday,24,0.08722586380029984,24473.546,24202.116111111107,24199.4253,25740.51,22276.68
2015-06-09,24215.59,1177.3,63.98,2015,6,2,9,Tuesday,24,0.6863050419263272,24459.859333333334,24196.21466666667,24196.407249999997,25740.51,22276.68
2015-06-10,24420.23,1186.1,64.04,2015,6,2,10,Wednesday,24,0.8450754245508785,24452.395,24185.316555555557,24194.280300000002,25740.51,22276.68
2015-06-11,24201.92,1179.9,63.8,2015,6,2,11,Thursday,24,-0.8939719240973587,24441.882999999998,24171.511222222223,24191.14085,25740.51,22276.68
2015-06-12,24255.16,1178.8,64.0,2015,6,2,12,Friday,24,0.2199825468392591,24446.472,24163.23522222222,24187.53885,25740.51,22276.68
2015-06-15,24424.34,1185.3,64.09,2015,6,2,15,Monday,25,0.6975010678140325,24461.052333333337,24156.449555555555,24185.13655,25740.51,22276.68
2015-06-16,24310.25,1180.5,64.05,2015,6,2,16,Tuesday,25,-0.46711599985915786,24463.456000000002,24147.683333333334,24181.4618,25740.51,22276.68
2015-06-17,24274.99,1176.4,64.18,2015,6,2,17,Wednesday,25,-0.14504170051726772,24459.432333333334,24145.294777777777,24177.5577,25740.51,22276.68
2015-06-18,24723.78,1201.5,64.0,2015,6,2,18,Thursday,25,1.8487752209166652,24475.521,24145.35166666667,24178.227550000003,25740.51,22276.68
2015-06-19,24585.49,1201.5,63.65,2015,6,2,19,Friday,25,-0.5593400361918688,24488.358666666667,24145.173666666666,24177.38385,25740.51,22276.68
2015-06-22,24163.03,1183.7,63.49,2015,6,2,22,Monday,26,-1.7183306088266015,24477.165666666664,24142.175,24175.38425,25740.51,22276.68
2015-06-23,24015.6,1176.2,63.51,2015,6,2,23,Tuesday,26,-0.6101469890158695,24469.903333333335,24137.118888888886,24172.6202,25740.51,22276.68
2015-06-24,23977.16,1172.6,63.6,2015,6,2,24,Wednesday,26,-0.16006262595978926,24450.903333333332,24131.138333333336,24170.899049999996,25740.51,22276.68
2015-06-25,23940.36,1171.5,63.56,2015,6,2,25,Thursday,26,-0.15347939455715442,24410.481333333337,24128.76633333333,24169.58265,25740.51,22276.68
2015-06-26,23949.73,1172.9,63.51,2015,6,2,26,Friday,26,0.03913892690001752,24367.748000000003,24128.681555555555,24167.81385,25740.51,22276.68
2015-06-29,24038.69,1178.5,63.44,2015,6,2,29,Monday,27,0.3714446885204836,24336.264333333333,24128.107222222225,24167.06605,25740.51,22276.68
2015-06-30,24001.37,1171.5,63.72,2015,6,2,30,Tuesday,27,-0.155249724506612,24301.644666666667,24127.32533333333,24166.844900000004,25740.51,22276.68
2015-07-01,23899.79,1169.0,63.59,2015,7,3,1,Wednesday,27,-0.42322584085824344,24274.018333333333,24126.599666666665,24166.07545,25740.51,22276.68
2015-07-02,23771.14,1163.0,63.57,2015,7,3,2,Thursday,27,-0.5382892485666257,24240.012333333332,24124.899555555556,24163.86735,25740.51,22276.68
2015-07-06,23909.38,1172.9,63.4,2015,7,3,6,Monday,28,0.5815455211655829,24215.755666666668,24123.558888888885,24162.264199999998,25740.51,22276.68
2015-07-07,23477.05,1152.4,63.37,2015,7,3,7,Tuesday,28,-1.8082024711640443,24177.142999999996,24117.041000000005,24159.63895,25740.51,22276.68
2015-07-08,23756.33,1163.3,63.52,2015,7,3,8,Wednesday,28,1.1895872777883287,24160.199666666667,24113.495888888887,24159.854249999997,25740.51,22276.68
2015-07-09,23684.91,1159.0,63.56,2015,7,3,9,Thursday,28,-0.3006356621582662,24136.613999999998,24110.68255555556,24159.2473,25740.51,22276.68
2015-07-10,23584.64,1157.7,63.36,2015,7,3,10,Friday,28,-0.4233497192938529,24109.476666666666,24106.494666666666,24157.439600000005,25740.51,22276.68
2015-07-13,23529.26,1155.2,63.35,2015,7,3,13,Monday,29,-0.23481384494314916,24080.227666666666,24102.820777777775,24155.62955,25740.51,22276.68
2015-07-14,23550.63,1153.3,63.51,2015,7,3,14,Tuesday,29,0.09082308580892207,24053.576999999997,24098.320222222224,24154.0052,25740.51,22276.68
2015-07-15,23355.99,1147.2,63.32,2015,7,3,15,Wednesday,29,-0.8264747057721955,24018.088999999996,24098.160888888888,24150.774500000003,25740.51,22276.68
2015-07-16,23360.31,1143.8,63.52,2015,7,3,16,Thursday,29,0.018496325781947043,23988.493000000002,24097.49488888889,24147.91825,25740.51,22276.68
2015-07-17,23099.95,1131.8,63.48,2015,7,3,17,Friday,29,-1.114540003963993,23951.905666666666,24094.42977777778,24143.64065,25740.51,22276.68
2015-07-20,22588.37,1106.7,63.48,2015,7,3,20,Monday,30,-2.2146368282182527,23903.865666666665,24087.620555555557,24135.87815,25740.51,22276.68
2015-07-21,22571.04,1103.4,63.62,2015,7,3,21,Tuesday,30,-0.07672089663839365,23854.549333333332,24080.13233333333,24128.2776,25740.51,22276.68
2015-07-22,22310.83,1091.4,63.58,2015,7,3,22,Wednesday,30,-1.1528489604377912,23791.057333333334,24070.546555555557,24122.0817,25740.51,22276.68
2015-07-23,22392.47,1094.0,63.66,2015,7,3,23,Thursday,30,0.36592094511946893,23723.465333333337,24059.48266666667,24114.6718,25740.51,22276.68
2015-07-24,22284.75,1085.6,63.85,2015,7,3,24,Friday,30,-0.4810545687903178,23659.559666666668,24049.52577777778,24106.86755,25740.51,22276.68
2015-07-27,22597.34,1096.5,64.1,2015,7,3,27,Monday,31,1.4027081299992084,23604.299,24043.058333333334,24101.139750000002,25740.51,22276.68
2015-07-28,22634.46,1096.3,64.22,2015,7,3,28,Tuesday,31,0.16426712170547475,23544.636333333332,24032.72266666667,24094.464350000002,25740.51,22276.68
2015-07-29,22427.34,1092.7,63.84,2015,7,3,29,Wednesday,31,-0.9150649054583071,23481.872666666666,24017.45822222222,24086.830899999997,25740.51,22276.68
2015-07-30,22354.48,1088.4,63.88,2015,7,3,30,Thursday,31,-0.3248713400697545,23417.855666666666,24001.009555555553,24077.50915,25740.51,22276.68
2015-07-31,22570.71,1094.9,64.12,2015,7,3,31,Friday,31,0.96727814737807,23346.086666666666,23986.904888888886,24069.390300000003,25740.51,22276.68
2015-08-03,22408.99,1089.4,63.98,2015,8,3,3,Monday,32,-0.7165038228748588,23273.536666666667,23969.523333333334,24058.653200000004,25740.51,22276.68
2015-08-04,22486.23,1090.7,64.12,2015,8,3,4,Tuesday,32,0.34468309370478956,23217.643333333333,23950.472555555552,24048.69745,25740.51,22276.68
2015-08-05,22276.68,1085.7,63.82,2015,8,3,5,Wednesday,32,-0.9319036583722573,23159.679333333333,23928.703111111114,24037.214300000003,25740.51,22276.68
2015-08-06,22325.9,1090.2,63.7,2015,8,3,6,Thursday,32,0.2209485434992997,23104.637333333336,23912.17622222222,24026.141600000003,25740.51,22276.68
2015-08-07,22418.79,1094.1,63.73,2015,8,3,7,Friday,32,0.416063854088744,23053.91833333333,23897.08644444445,24015.10435,25740.51,22276.68
2015-08-10,22625.74,1104.2,63.73,2015,8,3,10,Monday,33,0.9231095879840057,23009.78533333333,23879.589666666663,24005.882150000005,25740.51,22276.68
2015-08-11,22732.8,1107.6,63.84,2015,8,3,11,Tuesday,33,0.47317789385008524,22966.255666666668,23865.47266666667,23998.8823,25740.51,22276.68
2015-08-12,23229.2,1123.2,64.33,2015,8,3,12,Wednesday,33,2.18362894144144,22940.516666666666,23853.41477777778,23994.039900000003,25740.51,22276.68
2015-08-13,23243.77,1115.7,64.8,2015,8,3,13,Thursday,33,0.0627227799493646,22918.64933333333,23843.292333333335,23989.4115,25740.51,22276.68
2015-08-14,23353.6,1112.9,65.27,2015,8,3,14,Friday,33,0.47251371012533294,22904.731333333333,23834.982888888888,23985.05565,25740.51,22276.68
2015-08-17,23420.34,1118.6,65.12,2015,8,3,17,Monday,34,0.2857803507810397,22888.43,23830.070999999996,23981.746600000002,25740.51,22276.68
2015-08-18,23504.23,1117.1,65.44,2015,8,3,18,Tuesday,34,0.35819292119585455,22889.336000000003,23823.079777777773,23981.23735,25740.51,22276.68
2015-08-19,23736.76,1128.1,65.45,2015,8,3,19,Wednesday,34,0.989311285670702,22888.683666666668,23820.04477777778,23984.2683,25740.51,22276.68
2015-08-20,24115.38,1153.0,65.05,2015,8,3,20,Thursday,34,1.5950786880770673,22903.03266666667,23822.14277777778,23989.426,25740.51,22276.68
2015-08-21,24405.15,1159.6,65.46,2015,8,3,21,Friday,34,1.2015983160953647,22930.382999999998,23825.851888888887,23996.201799999995,25740.51,22276.68
2015-08-24,24484.19,1153.4,66.03,2015,8,3,24,Monday,35,0.32386606925176586,22962.214,23830.892999999996,24005.774900000004,25740.51,22276.68
2015-08-25,24447.32,1138.2,66.81,2015,8,3,25,Tuesday,35,-0.15058697061246518,22992.103666666666,23834.707444444444,24015.318450000002,25740.51,22276.68
2015-08-26,23965.75,1124.6,66.28,2015,8,3,26,Wednesday,35,-1.9698273675805789,23012.429,23834.33877777778,24019.529650000004,25740.51,22276.68
2015-08-27,23836.95,1122.4,66.06,2015,8,3,27,Thursday,35,-0.5374336292417237,23028.317,23827.851999999995,24024.048099999996,25740.51,22276.68
2015-08-28,24063.83,1133.1,66.06,2015,8,3,28,Friday,35,0.9517996220154146,23060.446333333333,23828.627333333334,24029.3527,25740.51,22276.68
2015-08-31,24063.98,1131.6,66.14,2015,8,3,31,Monday,36,0.0006233421695478469,23109.633333333335,23827.476444444444,24035.11835,25740.51,22276.68
2015-09-01,24290.75,1138.7,66.35,2015,9,3,1,Tuesday,36,0.9423628177882559,23166.957,23831.68411111111,24042.0281,25740.51,22276.68
2015-09-02,24185.07,1132.5,66.42,2015,9,3,2,Wednesday,36,-0.4350627296398901,23229.431666666667,23826.78277777778,24045.6231,25740.51,22276.68
2015-09-03,23925.97,1123.7,66.23,2015,9,3,3,Thursday,36,-1.071322100783656,23280.548333333332,23818.802888888888,24047.9019,25740.51,22276.68
2015-09-04,23836.19,1120.6,66.16,2015,9,3,4,Friday,36,-0.37524079483507444,23332.262999999995,23811.23522222222,24048.15155,25740.51,22276.68
2015-09-08,24063.56,1120.4,66.8,2015,9,3,8,Tuesday,37,0.9538856671305274,23381.137,23810.636,24050.04765,25740.51,22276.68
2015-09-09,23531.98,1102.2,66.41,2015,9,3,9,Wednesday,37,-2.2090663226887575,23411.054333333333,23805.581000000002,24049.152449999998,25740.51,22276.68
2015-09-10,23755.97,1109.5,66.6,2015,9,3,10,Thursday,37,0.9518536051789983,23455.342,23800.223555555556,24048.729000000003,25740.51,22276.68
2015-09-11,23528.87,1103.5,66.32,2015,9,3,11,Friday,37,-0.9559702255896196,23494.48833333333,23790.592111111113,24047.682399999998,25740.51,22276.68
2015-09-14,23588.15,1107.7,66.23,2015,9,3,14,Monday,38,0.2519458010520781,23528.403,23783.33688888889,24046.594399999998,25740.51,22276.68
2015-09-15,23512.53,1102.8,66.32,2015,9,3,15,Tuesday,38,-0.3205847003686313,23565.18766666667,23775.69433333333,24045.203,25740.51,22276.68
2015-09-16,23903.56,1119.2,66.43,2015,9,3,16,Wednesday,38,1.663070711658854,23612.431999999997,23769.08033333333,24047.86955,25740.51,22276.68
2015-09-17,23778.93,1117.3,66.2,2015,9,3,17,Thursday,38,-0.5213867725142207,23662.506999999998,23764.029888888886,24044.97205,25740.51,22276.68
2015-09-18,24194.53,1138.1,66.12,2015,9,3,18,Friday,38,1.747765774153831,23724.79466666667,23760.11177777778,24046.523999999998,25740.51,22276.68
2015-09-21,23993.15,1133.1,65.86,2015,9,3,21,Monday,39,-0.8323368959843314,23777.273333333334,23747.22433333333,24046.45375,25740.51,22276.68
2015-09-22,23777.51,1125.0,65.74,2015,9,3,22,Tuesday,39,-0.8987565200901271,23815.66566666667,23731.066333333336,24045.272650000003,25740.51,22276.68
2015-09-23,23966.48,1131.6,65.88,2015,9,3,23,Wednesday,39,0.7947425949983877,23856.788333333334,23719.769444444446,24046.9062,25740.51,22276.68
2015-09-24,24543.13,1153.8,66.16,2015,9,3,24,Thursday,39,2.4060688094371896,23900.586000000003,23714.24911111111,24050.720350000003,25740.51,22276.68
2015-09-25,24398.95,1146.0,66.22,2015,9,3,25,Friday,39,-0.5874556342243209,23939.092,23710.586555555557,24050.3352,25740.51,22276.68
2015-09-28,24079.77,1132.0,66.16,2015,9,3,28,Monday,40,-1.3081710483442976,23963.29766666667,23702.680444444446,24048.503849999997,25740.51,22276.68
2015-09-29,24010.69,1127.1,66.26,2015,9,3,29,Tuesday,40,-0.28687981654310635,23982.976,23695.720555555556,24046.449050000003,25740.51,22276.68
2015-09-30,23641.63,1115.5,65.92,2015,9,3,30,Wednesday,40,-1.5370653654684596,23987.555999999997,23684.67833333333,24041.934650000003,25740.51,22276.68
2015-10-01,23473.3,1114.2,65.53,2015,10,4,1,Thursday,40,-0.7120067440358424,23978.773999999998,23675.885777777774,24037.977600000002,25740.51,22276.68
2015-10-02,23989.01,1137.1,65.62,2015,10,4,2,Friday,40,2.197006811994906,23974.561666666665,23671.402777777777,24036.688249999996,25740.51,22276.68
2015-10-05,23914.61,1138.1,65.36,2015,10,4,5,Monday,41,-0.3101420191996107,23958.210333333336,23666.023333333334,24034.05515,25740.51,22276.68
2015-10-06,24011.14,1146.8,65.12,2015,10,4,6,Tuesday,41,0.40364446670884124,23942.442,23661.627888888892,24032.123050000002,25740.51,22276.68
2015-10-07,24079.74,1149.0,65.18,2015,10,4,7,Wednesday,41,0.28570072058220486,23930.189333333336,23658.62333333333,24031.4399,25740.51,22276.68
2015-10-08,23899.46,1144.7,64.94,2015,10,4,8,Thursday,41,-0.7486791800908277,23927.979666666666,23652.832555555557,24031.008199999997,25740.51,22276.68
2015-10-09,24162.47,1156.3,65.0,2015,10,4,9,Friday,41,1.1004851155632878,23938.83033333333,23651.88011111111,24032.10675,25740.51,22276.68
2015-10-12,24258.66,1164.9,64.77,2015,10,4,12,Monday,42,0.39809671776105393,23945.324666666667,23652.558888888892,24033.737250000002,25740.51,22276.68
2015-10-13,24281.14,1165.8,64.78,2015,10,4,13,Tuesday,42,0.09266793796525175,23952.563333333335,23655.35411111111,24033.103499999997,25740.51,22276.68
2015-10-14,24693.94,1180.1,65.08,2015,10,4,14,Wednesday,42,1.7000849218776315,23966.003000000004,23662.503111111113,24035.776,25740.51,22276.68
2015-10-15,24767.03,1187.9,64.85,2015,10,4,15,Thursday,42,0.29598354900028934,23985.401666666665,23668.63022222222,24036.782000000003,25740.51,22276.68
2015-10-16,24652.64,1183.6,64.78,2015,10,4,16,Friday,42,-0.46186401841480373,24009.624,23671.212555555554,24039.426600000003,25740.51,22276.68
2015-10-19,24404.54,1173.3,64.69,2015,10,4,19,Monday,43,-1.0063830891944958,24028.569000000003,23673.463888888888,24041.28405,25740.51,22276.68
2015-10-20,24599.25,1178.0,64.95,2015,10,4,20,Tuesday,43,0.7978433520976047,24046.425333333333,23677.287111111116,24041.8176,25740.51,22276.68
2015-10-21,24398.22,1167.6,64.99,2015,10,4,21,Wednesday,43,-0.8172200371962535,24075.3,23676.996888888887,24039.66185,25740.51,22276.68
2015-10-22,24439.21,1166.6,65.16,2015,10,4,22,Thursday,43,0.16800405931252094,24098.074666666667,23678.429777777776,24038.149299999997,25740.51,22276.68
2015-10-23,24329.31,1163.3,65.05,2015,10,4,23,Friday,43,-0.4496872034734256,24124.756,23679.033333333333,24036.885100000003,25740.51,22276.68
2015-10-26,24344.78,1167.0,64.89,2015,10,4,26,Monday,44,0.06358585590795496,24149.977000000003,23674.82222222222,24036.10785,25740.51,22276.68
2015-10-27,24346.61,1166.8,64.9,2015,10,4,27,Tuesday,44,0.007517011860458389,24177.779666666665,23672.168,24034.2915,25740.51,22276.68
2015-10-28,24624.36,1177.1,65.07,2015,10,4,28,Wednesday,44,1.1408159082517022,24201.806333333334,23677.293888888886,24034.259100000003,25740.51,22276.68
2015-10-29,23954.23,1147.2,64.95,2015,10,4,29,Thursday,44,-2.72141083057591,24207.649666666668,23676.612,24031.0546,25740.51,22276.68
2015-10-30,24017.98,1141.5,65.44,2015,10,4,30,Friday,44,0.2661325369256229,24201.764666666666,23677.065555555553,24024.91645,25740.51,22276.68
2015-11-02,23887.46,1135.8,65.42,2015,11,4,2,Monday,45,-0.5434262165261217,24198.241666666665,23676.477777777778,24016.9696,25740.51,22276.68
2015-11-03,23478.32,1114.2,65.54,2015,11,4,3,Tuesday,45,-1.7127815180014938,24188.268666666663,23671.239888888893,24006.125,25740.51,22276.68
2015-11-04,23312.5,1106.5,65.53,2015,11,4,4,Wednesday,45,-0.7062685916198408,24166.46933333333,23663.17111111111,23994.480050000002,25740.51,22276.68
2015-11-05,23287.44,1104.4,65.58,2015,11,4,5,Thursday,45,-0.10749597855228554,24124.612999999998,23655.23855555556,23982.214699999997,25740.51,22276.68
2015-11-06,23029.35,1087.6,65.86,2015,11,4,6,Friday,45,-1.1082798280961814,24078.95966666667,23645.567000000003,23969.366900000005,25740.51,22276.68
2015-11-09,23131.19,1087.9,66.13,2015,11,4,9,Monday,46,0.44221829969148807,24047.340333333334,23638.456444444444,23958.674699999996,25740.51,22276.68
2015-11-10,23254.77,1088.2,66.47,2015,11,4,10,Tuesday,46,0.534256992398574,24022.143,23631.183,23947.30265,25740.51,22276.68
2015-11-11,23084.07,1084.7,66.19,2015,11,4,11,Wednesday,46,-0.7340429511880853,24003.557666666668,23626.816555555553,23935.79495,25740.51,22276.68
2015-11-12,22955.9,1080.8,66.06,2015,11,4,12,Thursday,46,-0.5552313781755025,23986.310999999998,23617.92288888889,23926.84085,25740.51,22276.68
2015-11-13,22950.69,1080.8,66.05,2015,11,4,13,Friday,46,-0.022695690432539273,23951.700333333334,23609.764888888887,23914.589,25740.51,22276.68
2015-11-16,23013.32,1083.7,66.05,2015,11,4,16,Monday,47,0.27288939896796816,23921.657333333333,23603.41688888889,23902.4336,25740.51,22276.68
2015-11-17,22641.86,1068.7,65.9,2015,11,4,17,Tuesday,47,-1.6141086987883524,23876.014666666666,23593.55688888889,23890.6429,25740.51,22276.68
2015-11-18,22692.09,1068.8,66.04,2015,11,4,18,Wednesday,47,0.22184573175525468,23829.75966666667,23584.01755555555,23878.9281,25740.51,22276.68
2015-11-19,22900.59,1078.0,66.07,2015,11,4,19,Thursday,47,0.918822373787509,23796.464,23578.957555555557,23867.935,25740.51,22276.68
2015-11-20,22870.06,1076.4,66.08,2015,11,4,20,Friday,47,-0.13331534253047117,23753.383666666665,23573.510333333335,23859.835499999997,25740.51,22276.68
2015-11-23,22654.09,1066.8,66.05,2015,11,4,23,Monday,48,-0.9443350826364272,23699.898,23568.55633333333,23849.51265,25740.51,22276.68
2015-11-24,22924.23,1074.3,66.37,2015,11,4,24,Tuesday,48,1.1924557552300596,23654.667666666668,23572.288111111113,23841.12625,25740.51,22276.68
2015-11-25,22818.7,1070.5,66.3,2015,11,4,25,Wednesday,48,-0.46034261565164325,23592.159666666663,23575.039888888892,23833.0552,25740.51,22276.68
2015-11-27,22601.49,1056.2,66.56,2015,11,4,27,Friday,48,-0.951894717928714,23519.975,23578.269444444446,23823.7094,25740.51,22276.68
2015-11-30,22924.12,1065.8,66.9,2015,11,4,30,Monday,49,1.4274722595722489,23462.357666666667,23584.176666666666,23815.752950000006,25740.51,22276.68
2015-12-01,22747.03,1063.8,66.51,2015,12,4,1,Tuesday,49,-0.7725051168812613,23407.107333333333,23589.313111111107,23808.718899999996,25740.51,22276.68
2015-12-02,22525.82,1054.2,66.46,2015,12,4,2,Wednesday,49,-0.9724786048991851,23337.993000000002,23588.518444444446,23801.5612,25740.51,22276.68
2015-12-03,22718.85,1061.7,66.56,2015,12,4,3,Thursday,49,0.8569277389235852,23282.014000000003,23589.45611111111,23794.70355,25740.51,22276.68
2015-12-04,23292.51,1084.5,66.8,2015,12,4,4,Friday,49,2.5250397797423663,23243.79066666667,23599.069111111112,23790.8074,25740.51,22276.68
2015-12-07,23060.75,1076.4,66.64,2015,12,4,7,Monday,50,-0.9949979628644523,23201.505333333334,23606.91655555556,23786.285649999998,25740.51,22276.68
2015-12-08,23104.28,1076.3,66.77,2015,12,4,8,Tuesday,50,0.18876229090554197,23160.155333333332,23612.845111111114,23782.186299999998,25740.51,22276.68
2015-12-09,23154.71,1077.6,66.83,2015,12,4,9,Wednesday,50,0.21827124671274234,23120.425333333333,23621.130888888885,23777.80965,25740.51,22276.68
2015-12-10,23077.68,1073.1,66.89,2015,12,4,10,Thursday,50,-0.33267529586852307,23068.869333333332,23627.702555555556,23772.87975,25740.51,22276.68
2015-12-11,23123.39,1076.9,66.79,2015,12,4,11,Friday,50,0.1980701699650922,23041.174666666666,23637.110444444443,23768.11975,25740.51,22276.68
2015-12-14,22982.95,1064.7,67.14,2015,12,4,14,Monday,51,-0.6073503928273438,23006.67366666667,23644.410999999996,23763.34395,25740.51,22276.68
2015-12-15,22920.18,1062.9,67.07,2015,12,4,15,Tuesday,51,-0.27311550518971384,22974.430999999997,23649.982,23758.1371,25740.51,22276.68
2015-12-16,23187.56,1078.0,66.9,2015,12,4,16,Wednesday,51,1.16657024508533,22964.739,23656.224444444448,23754.77535,25740.51,22276.68
2015-12-17,22442.02,1050.8,66.43,2015,12,4,17,Thursday,51,-3.215258526554765,22935.722999999998,23652.993555555553,23747.20705,25740.51,22276.68
2015-12-18,22781.55,1066.2,66.46,2015,12,4,18,Friday,51,1.512920851153332,22918.86,23648.019666666667,23744.26315,25740.51,22276.68
2015-12-21,23043.62,1081.9,66.25,2015,12,4,21,Monday,52,1.150360708555831,22919.335666666666,23645.795777777777,23742.38,25740.51,22276.68
2015-12-22,22899.65,1074.8,66.27,2015,12,4,22,Tuesday,52,-0.6247716287631766,22911.61766666667,23640.751888888888,23739.9992,25740.51,22276.68
2015-12-23,22775.66,1069.4,66.24,2015,12,4,23,Wednesday,52,-0.5414493234612849,22895.647333333334,23633.58877777778,23737.871500000005,25740.51,22276.68
2015-12-24,22910.95,1077.2,66.15,2015,12,4,24,Thursday,52,0.5940113261262203,22889.876666666667,23626.996777777782,23736.20135,25740.51,22276.68
2015-12-28,22694.8,1070.5,65.94,2015,12,4,28,Monday,53,-0.9434353442349663,22881.173333333336,23615.419444444444,23733.807600000004,25740.51,22276.68
2015-12-29,22910.41,1077.5,66.13,2015,12,4,29,Tuesday,53,0.9500414191797368,22879.830666666665,23602.03088888889,23731.41855,25740.51,22276.68
2015-12-30,22583.38,1060.1,66.26,2015,12,4,30,Wednesday,53,-1.4274297142652603,22865.499333333333,23581.789000000004,23728.4311,25740.51,22276.68
2015-12-31,22654.12,1060.3,66.46,2015,12,4,31,Thursday,53,0.31323920511454606,22865.908,23561.454888888893,23725.80465,25740.51,22276.68
2016-01-04,22879.77,1075.1,66.19,2016,1,1,4,Monday,1,0.9960660577413849,22872.163999999997,23544.037666666667,23722.38015,29588.23,22879.77
2016-01-05,23091.46,1078.4,66.6,2016,1,1,5,Tuesday,1,0.9252278322727792,22878.526333333335,23534.323333333334,23718.831749999998,29588.23,22879.77
2016-01-06,23353.5,1091.9,66.52,2016,1,1,6,Wednesday,1,1.134791823470671,22894.641,23528.951666666664,23716.42495,29588.23,22879.77
2016-01-07,23762.65,1107.7,66.72,2016,1,1,7,Thursday,1,1.751985783715515,22931.592999999997,23525.60522222222,23716.037550000005,29588.23,22879.77
2016-01-08,23619.81,1097.8,66.92,2016,1,1,8,Friday,1,-0.601111408028987,22954.779,23520.67,23714.26995,29588.23,22879.77
2016-01-11,23563.28,1096.5,66.84,2016,1,1,11,Monday,2,-0.2393330005618255,22979.598333333335,23512.587,23711.082350000004,29588.23,22879.77
2016-01-12,23312.64,1085.6,66.79,2016,1,1,12,Tuesday,2,-1.0636889261596782,23003.303333333333,23502.893333333333,23706.4659,29588.23,22879.77
2016-01-13,23397.85,1087.5,66.92,2016,1,1,13,Wednesday,2,0.3655098693241099,23019.094333333334,23497.025333333335,23704.388550000003,29588.23,22879.77
2016-01-14,23110.77,1073.9,66.94,2016,1,1,14,Thursday,2,-1.226950339454258,23031.219,23488.96511111111,23701.058050000003,29588.23,22879.77
2016-01-15,23618.67,1091.5,67.3,2016,1,1,15,Friday,2,2.197676667631576,23067.64733333333,23484.021888888892,23698.14915,29588.23,22879.77
2016-01-19,23726.66,1089.9,67.71,2016,1,1,19,Tuesday,3,0.45722303584410096,23101.240999999998,23486.184999999998,23696.7658,29588.23,22879.77
2016-01-20,24121.03,1107.1,67.77,2016,1,1,20,Wednesday,3,1.6621387081030337,23128.858333333334,23490.241222222223,23695.7989,29588.23,22879.77
2016-01-21,24011.04,1099.1,67.95,2016,1,1,21,Thursday,3,-0.455992136322525,23160.534666666663,23495.598666666665,23695.08015,29588.23,22879.77
2016-01-22,23919.79,1097.2,67.81,2016,1,1,22,Friday,3,-0.38003351791509044,23187.718333333334,23499.283555555558,23694.17185,29588.23,22879.77
2016-01-25,24021.04,1106.2,67.54,2016,1,1,25,Monday,4,0.42328966934910284,23216.596,23504.93366666667,23694.965,29588.23,22879.77
2016-01-26,24429.75,1121.7,67.74,2016,1,1,26,Tuesday,4,1.7014667141805662,23261.665,23510.780222222224,23696.446550000004,29588.23,22879.77
2016-01-27,24318.19,1116.1,67.77,2016,1,1,27,Wednesday,4,-0.45665633090801183,23301.491666666665,23516.772,23697.98795,29588.23,22879.77
2016-01-28,24460.09,1115.6,68.2,2016,1,1,28,Thursday,4,0.583513822369186,23350.729666666663,23519.72266666667,23700.655600000002,29588.23,22879.77
2016-01-29,24440.67,1116.4,68.09,2016,1,1,29,Friday,4,-0.07939463836805771,23401.412666666667,23524.695111111112,23702.5023,29588.23,22879.77
2016-02-01,24611.56,1127.9,67.87,2016,2,1,1,Monday,5,0.6992034179095885,23448.879333333334,23533.962333333333,23705.40765,29588.23,22879.77
2016-02-02,24602.82,1127.3,67.88,2016,2,1,2,Tuesday,5,-0.03551176764090558,23520.906000000003,23541.03277777778,23707.901649999996,29588.23,22879.77
2016-02-03,24946.53,1141.3,67.99,2016,2,1,3,Wednesday,5,1.3970349740395571,23593.072,23545.515,23712.639649999997,29588.23,22879.77
2016-02-04,25280.85,1157.6,67.93,2016,2,1,4,Thursday,5,1.3401463049169449,23667.646333333334,23555.31388888889,23716.940100000003,29588.23,22879.77
2016-02-05,25150.1,1157.8,67.56,2016,2,1,5,Friday,5,-0.5171898887893378,23742.661333333333,23567.206444444444,23722.720350000003,29588.23,22879.77
2016-02-08,26112.82,1197.9,67.8,2016,2,1,8,Monday,6,3.827897304583283,23853.9,23590.563444444444,23732.44665,29588.23,22879.77
2016-02-09,26235.86,1198.7,68.08,2016,2,1,9,Tuesday,6,0.47118618364465625,23964.730333333333,23619.38822222222,23744.06565,29588.23,22879.77
2016-02-10,26091.46,1194.7,67.93,2016,2,1,10,Wednesday,6,-0.5503917157661409,24077.95233333333,23648.47888888889,23751.391999999996,29588.23,22879.77
2016-02-11,27239.27,1247.9,67.89,2016,2,1,11,Thursday,6,4.399178888417898,24222.24766666667,23684.59288888889,23764.36755,29588.23,22879.77
2016-02-12,27278.64,1239.1,68.47,2016,2,1,12,Friday,6,0.14453397613078955,24378.756333333335,23721.971,23778.17435,29588.23,22879.77
2016-02-16,26460.91,1207.9,68.14,2016,2,1,16,Tuesday,7,-2.997693433396975,24505.64933333333,23749.19066666667,23789.89145,29588.23,22879.77
2016-02-17,26674.69,1211.1,68.51,2016,2,1,17,Wednesday,7,0.8079087227158777,24632.146666666667,23778.023444444447,23803.330250000003,29588.23,22879.77
2016-02-18,26945.94,1226.1,68.36,2016,2,1,18,Thursday,7,1.0168815457649139,24760.62933333333,23811.87322222222,23816.86925,29588.23,22879.77
2016-02-19,27123.51,1230.4,68.57,2016,2,1,19,Friday,7,0.6589861032868072,24886.29633333333,23844.773666666664,23830.508299999998,29588.23,22879.77
2016-02-22,26651.89,1209.5,68.54,2016,2,1,22,Monday,8,-1.7387867573186444,24982.604333333333,23871.36511111111,23842.56215,29588.23,22879.77
2016-02-23,26948.09,1222.3,68.57,2016,2,1,23,Tuesday,8,1.1113658355936584,25093.547,23900.997888888884,23856.3008,29588.23,22879.77
2016-02-24,27321.21,1238.7,68.6,2016,2,1,24,Wednesday,8,1.3845879244131831,25218.81133333333,23930.189777777774,23870.41275,29588.23,22879.77
2016-02-25,27219.82,1238.2,68.38,2016,2,1,25,Thursday,8,-0.37110362242375183,25349.050666666666,23957.443000000003,23885.344500000003,29588.23,22879.77
2016-02-26,26980.43,1219.8,68.8,2016,2,1,26,Friday,8,-0.879469445426162,25468.469999999998,23983.30733333333,23897.51085,29588.23,22879.77
2016-02-29,27265.73,1233.9,68.73,2016,2,1,29,Monday,9,1.0574331098503587,25606.968666666668,24015.098333333328,23908.074399999998,29588.23,22879.77
2016-03-01,26983.66,1230.3,68.22,2016,3,1,1,Tuesday,9,-1.0345220905510266,25719.135000000002,24041.591777777776,23916.834049999998,29588.23,22879.77
2016-03-02,27032.19,1241.1,67.75,2016,3,1,2,Wednesday,9,0.17984958304395615,25829.319333333333,24070.858111111113,23927.078999999998,29588.23,22879.77
2016-03-03,27242.49,1257.4,67.39,2016,3,1,3,Thursday,9,0.7779613860364298,25933.368,24102.005666666668,23938.091650000002,29588.23,22879.77
2016-03-04,27413.28,1269.9,67.14,2016,3,1,4,Friday,9,0.6269250718271335,26046.776,24136.272,23951.515149999996,29588.23,22879.77
2016-03-07,27182.14,1263.2,66.93,2016,3,1,7,Monday,10,-0.8431679828170835,26155.521,24167.79822222222,23963.469250000002,29588.23,22879.77
2016-03-08,27205.54,1262.1,67.05,2016,3,1,8,Tuesday,10,0.08608593731032066,26261.670999999995,24199.56411111111,23976.311550000002,29588.23,22879.77
2016-03-09,27212.63,1256.6,67.36,2016,3,1,9,Wednesday,10,0.026060868484867328,26354.433666666664,24228.322666666667,23989.197549999997,29588.23,22879.77
2016-03-10,27459.43,1272.0,67.14,2016,3,1,10,Thursday,10,0.9069318180565444,26459.141666666666,24267.269333333337,24005.17155,29588.23,22879.77
2016-03-11,27238.68,1258.7,67.31,2016,3,1,11,Friday,10,-0.8039132640408009,26551.761333333336,24303.054888888888,24019.40255,29588.23,22879.77
2016-03-14,26770.79,1244.4,66.91,2016,3,1,14,Monday,11,-1.7177410946492278,26629.431999999997,24335.09188888889,24031.2627,29588.23,22879.77
2016-03-15,26572.86,1230.4,67.17,2016,3,1,15,Tuesday,11,-0.7393506131122773,26694.808666666664,24369.47566666667,24042.09335,29588.23,22879.77
2016-03-16,26622.22,1229.3,67.36,2016,3,1,16,Wednesday,11,0.18575343414295453,26762.122,24406.25033333333,24053.4537,29588.23,22879.77
2016-03-17,27169.46,1264.5,66.83,2016,3,1,17,Thursday,11,2.0555761315171894,26836.219666666664,24449.383888888886,24067.197849999997,29588.23,22879.77
2016-03-18,26851.68,1253.8,66.61,2016,3,1,18,Friday,11,-1.1696220683075742,26888.58066666667,24491.85422222222,24080.215300000003,29588.23,22879.77
2016-03-21,26543.15,1243.8,66.38,2016,3,1,21,Monday,12,-1.149015629562089,26935.015666666666,24529.764888888887,24091.943199999998,29588.23,22879.77
2016-03-22,26694.83,1248.2,66.52,2016,3,1,22,Tuesday,12,0.571446870473169,26954.416,24567.987777777777,24105.2695,29588.23,22879.77
2016-03-23,26266.85,1223.7,66.76,2016,3,1,23,Wednesday,12,-1.6032317868291512,26955.449,24603.352000000003,24116.351100000003,29588.23,22879.77
2016-03-24,26271.68,1221.4,66.9,2016,3,1,24,Thursday,12,0.01838819652908441,26961.45633333333,24640.194,24126.631550000002,29588.23,22879.77
2016-03-28,26241.37,1219.9,66.91,2016,3,1,28,Monday,13,-0.11537138089380283,26928.193000000003,24676.757111111114,24135.737250000002,29588.23,22879.77
2016-03-29,26579.09,1235.6,66.91,2016,3,1,29,Tuesday,13,1.2869754894656804,26904.874666666667,24716.376777777776,24147.6231,29588.23,22879.77
2016-03-30,26179.34,1226.9,66.37,2016,3,1,30,Wednesday,13,-1.5040018300099822,26895.489,24755.682111111113,24157.244,29588.23,22879.77
2016-03-31,26335.1,1234.2,66.37,2016,3,1,31,Thursday,13,0.5949729825121652,26884.16933333333,24796.160000000003,24166.797799999997,29588.23,22879.77
2016-04-01,26031.89,1222.2,66.25,2016,4,2,1,Friday,13,-1.151353137068012,26853.701,24830.95222222222,24175.406000000003,29588.23,22879.77
2016-04-04,25985.51,1218.0,66.36,2016,4,2,4,Monday,14,-0.17816608782535992,26815.767666666667,24865.568333333333,24183.958599999998,29588.23,22879.77
2016-04-05,26118.53,1228.4,66.13,2016,4,2,5,Tuesday,14,0.5119006707969165,26797.989,24904.06211111111,24190.93235,29588.23,22879.77
2016-04-06,26124.76,1222.5,66.47,2016,4,2,6,Wednesday,14,0.02385279722862954,26770.54466666667,24939.623555555558,24198.6287,29588.23,22879.77
2016-04-07,26443.35,1236.2,66.53,2016,4,2,7,Thursday,14,1.21949445659979,26741.282666666666,24979.89744444444,24210.0303,29588.23,22879.77
2016-04-08,26676.39,1242.5,66.78,2016,4,2,8,Friday,14,0.8812801706289175,26723.168333333335,25025.17411111111,24223.334250000004,29588.23,22879.77
2016-04-11,26886.31,1256.7,66.54,2016,4,2,11,Monday,15,0.7869130718211936,26720.031,25069.198444444442,24237.88,29588.23,22879.77
2016-04-12,26841.23,1259.4,66.29,2016,4,2,12,Tuesday,15,-0.16766897354081323,26705.880999999998,25114.689555555557,24252.38435,29588.23,22879.77
2016-04-13,26582.72,1246.8,66.32,2016,4,2,13,Wednesday,15,-0.9631078754587574,26692.516333333333,25159.76622222222,24265.549300000002,29588.23,22879.77
2016-04-14,26200.63,1225.0,66.53,2016,4,2,14,Thursday,15,-1.4373623165725657,26664.79766666667,25198.452666666668,24276.359,29588.23,22879.77
2016-04-15,26418.28,1233.1,66.64,2016,4,2,15,Friday,15,0.8307052158669448,26637.324,25233.183444444443,24288.44355,29588.23,22879.77
2016-04-18,26435.33,1233.6,66.65,2016,4,2,18,Monday,16,0.06453864521083208,26604.72566666667,25270.678777777775,24301.12125,29588.23,22879.77
2016-04-19,26752.77,1253.0,66.41,2016,4,2,19,Tuesday,16,1.2008172396561712,26590.413333333334,25311.217555555555,24316.0294,29588.23,22879.77
2016-04-20,26681.69,1253.2,66.22,2016,4,2,20,Wednesday,16,-0.2656921133774248,26572.951666666668,25350.406222222224,24329.89095,29588.23,22879.77
2016-04-21,26585.05,1249.0,66.2,2016,4,2,21,Thursday,16,-0.36219594785786846,26552.032333333336,25389.377,24345.43095,29588.23,22879.77
2016-04-22,26274.63,1228.7,66.51,2016,4,2,22,Friday,16,-1.1676487349092768,26512.539,25424.39077777778,24358.02245,29588.23,22879.77
2016-04-25,26548.91,1238.9,66.65,2016,4,2,25,Monday,17,1.0438967170993463,26489.546666666665,25464.01255555556,24372.34245,29588.23,22879.77
2016-04-26,26640.39,1242.2,66.71,2016,4,2,26,Tuesday,17,0.3445715850481257,26485.2,25505.34822222222,24387.621199999998,29588.23,22879.77
2016-04-27,26690.91,1249.2,66.46,2016,4,2,27,Wednesday,17,0.18963686342430286,26489.135000000002,25544.27433333333,24403.42945,29588.23,22879.77
2016-04-28,26997.69,1265.5,66.36,2016,4,2,28,Thursday,17,1.149380069843997,26501.650666666665,25594.892888888888,24420.66475,29588.23,22879.77
2016-04-29,27537.7,1289.2,66.44,2016,4,2,29,Friday,17,2.0002081659579174,26513.925333333333,25647.739,24441.5733,29588.23,22879.77
2016-05-02,27646.85,1294.7,66.42,2016,5,2,2,Monday,18,0.39636570955452477,26540.430999999997,25698.886000000002,24463.006,29588.23,22879.77
2016-05-03,27541.93,1290.7,66.37,2016,5,2,3,Tuesday,18,-0.37950073878216806,26573.72366666667,25750.46688888889,24485.2159,29588.23,22879.77
2016-05-04,27261.11,1273.3,66.59,2016,5,2,4,Wednesday,18,-1.0196090106975086,26592.599666666665,25800.305222222218,24508.5796,29588.23,22879.77
2016-05-05,27231.88,1271.4,66.62,2016,5,2,5,Thursday,18,-0.10722233980934304,26624.767333333333,25848.315555555553,24531.8838,29588.23,22879.77
2016-05-06,27684.9,1292.9,66.6,2016,5,2,6,Friday,18,1.663564909951143,26671.874666666667,25903.76111111111,24558.75415,29588.23,22879.77
2016-05-09,27097.07,1265.6,66.59,2016,5,2,9,Monday,19,-2.1232874238303223,26700.397999999997,25950.279555555553,24582.277149999998,29588.23,22879.77
2016-05-10,27112.28,1263.9,66.72,2016,5,2,10,Tuesday,19,0.056131530087943915,26718.171,26000.60066666667,24606.4148,29588.23,22879.77
2016-05-11,27319.27,1274.6,66.67,2016,5,2,11,Wednesday,19,0.7634547887525489,26756.16866666667,26052.435666666664,24630.024450000004,29588.23,22879.77
2016-05-12,27196.47,1270.3,66.59,2016,5,2,12,Thursday,19,-0.44949956569116933,26784.881,26100.398999999998,24652.8345,29588.23,22879.77
2016-05-13,27296.16,1271.9,66.75,2016,5,2,13,Friday,19,0.3665549242236166,26827.02333333333,26147.117888888886,24677.178600000003,29588.23,22879.77
2016-05-16,27389.35,1273.4,66.9,2016,5,2,16,Monday,20,0.34140333292300706,26873.818000000003,26191.960666666666,24702.35295,29588.23,22879.77
2016-05-17,27439.31,1276.2,66.88,2016,5,2,17,Tuesday,20,0.18240666536446515,26917.843999999997,26232.812444444447,24726.695949999998,29588.23,22879.77
2016-05-18,27382.69,1273.7,66.87,2016,5,2,18,Wednesday,20,-0.20634629660878367,26959.775,26274.62222222222,24751.564449999998,29588.23,22879.77
2016-05-19,27081.22,1254.2,67.16,2016,5,2,19,Thursday,20,-1.1009510022572555,26981.037333333334,26313.710444444445,24774.539399999998,29588.23,22879.77
2016-05-20,27169.99,1252.4,67.48,2016,5,2,20,Friday,20,0.3277917316871326,26997.490666666665,26356.56988888889,24799.00595,29588.23,22879.77
2016-05-23,27120.07,1251.1,67.42,2016,5,2,23,Monday,21,-0.18373212503943748,27005.282666666666,26397.927888888888,24822.9768,29588.23,22879.77
2016-05-24,26648.72,1228.9,67.45,2016,5,2,24,Tuesday,21,-1.7380117381702864,26998.86566666667,26437.238444444443,24844.12645,29588.23,22879.77
2016-05-25,26611.47,1223.5,67.65,2016,5,2,25,Wednesday,21,-0.1397815729986318,26999.824,26470.491777777774,24864.055099999998,29588.23,22879.77
2016-05-26,26401.4,1220.1,67.3,2016,5,2,26,Thursday,21,-0.7893964519810392,27006.516333333333,26500.21111111111,24882.398100000002,29588.23,22879.77
2016-05-27,26128.5,1213.8,66.95,2016,5,2,27,Friday,21,-1.0336573060519605,26996.857000000004,26522.51633333333,24896.8946,29588.23,22879.77
2016-05-31,26219.94,1214.8,67.13,2016,5,2,31,Tuesday,22,0.3499626844250425,26989.677333333333,26547.059666666668,24911.77545,29588.23,22879.77
2016-06-01,26195.53,1211.9,67.23,2016,6,2,1,Wednesday,22,-0.09309708565313768,26971.102666666666,26572.345666666664,24925.985099999998,29588.23,22879.77
2016-06-02,26225.98,1209.8,67.43,2016,6,2,2,Thursday,22,0.11624120603783705,26955.912333333334,26596.844999999998,24940.013300000002,29588.23,22879.77
2016-06-03,26829.39,1240.1,67.29,2016,6,2,3,Friday,22,2.3008101127202973,26964.056999999997,26623.507666666665,24956.6391,29588.23,22879.77
2016-06-06,26806.71,1244.6,66.99,2016,6,2,6,Monday,23,-0.08453416197684582,26981.792999999998,26651.157888888887,24971.988849999998,29588.23,22879.77
2016-06-07,26725.99,1244.4,66.8,2016,6,2,7,Tuesday,23,-0.30111863783357506,26987.695666666667,26676.334555555553,24985.0419,29588.23,22879.77
2016-06-08,27041.34,1259.8,66.76,2016,6,2,8,Wednesday,23,1.1799375813580593,27001.060666666668,26705.23088888889,24998.222850000002,29588.23,22879.77
2016-06-09,27161.25,1270.2,66.51,2016,6,2,9,Thursday,23,0.443432167192892,27016.738666666668,26733.56077777778,25011.60815,29588.23,22879.77
2016-06-10,27324.25,1273.4,66.74,2016,6,2,10,Friday,23,0.60011965575959,27027.624000000003,26763.798888888894,25025.992799999996,29588.23,22879.77
2016-06-13,27644.53,1284.4,66.94,2016,6,2,13,Monday,24,1.1721456215632697,27031.184999999998,26793.776666666665,25044.3867,29588.23,22879.77
2016-06-14,27756.74,1285.6,67.15,2016,6,2,14,Tuesday,24,0.4059030846247147,27034.848,26821.286555555555,25063.985650000002,29588.23,22879.77
2016-06-15,27820.59,1285.8,67.3,2016,6,2,15,Wednesday,24,0.23003421871587992,27044.136666666665,26850.958666666666,25082.769450000003,29588.23,22879.77
2016-06-16,27949.69,1296.1,67.07,2016,6,2,16,Thursday,24,0.46404479559922773,27067.08933333333,26871.368333333332,25102.197999999997,29588.23,22879.77
2016-06-17,27969.29,1292.5,67.31,2016,6,2,17,Friday,24,0.07012600139750802,27091.669666666665,26890.628666666667,25120.590699999997,29588.23,22879.77
2016-06-20,27815.24,1290.0,67.07,2016,6,2,20,Monday,25,-0.5507826619839062,27096.014333333333,26909.781777777782,25138.74155,29588.23,22879.77
2016-06-21,27420.92,1270.5,67.13,2016,6,2,21,Tuesday,25,-1.4176401138368822,27106.809333333335,26911.800111111115,25156.2163,29588.23,22879.77
2016-06-22,27561.02,1268.0,67.61,2016,6,2,22,Wednesday,25,0.5109237764451491,27121.767333333333,26914.93766666667,25174.840450000003,29588.23,22879.77
2016-06-23,27338.6,1261.2,67.42,2016,6,2,23,Thursday,25,-0.8070093196841155,27122.411666666667,26924.689777777774,25191.21565,29588.23,22879.77
2016-06-24,28536.8,1320.0,67.24,2016,6,2,24,Friday,25,4.382814043147776,27167.08933333333,26945.37988888889,25216.23975,29588.23,22879.77
2016-06-27,28860.85,1322.5,67.88,2016,6,2,27,Monday,26,1.1355512881612517,27219.24566666667,26966.65666666667,25241.76415,29588.23,22879.77
2016-06-28,28722.33,1315.3,67.92,2016,6,2,28,Tuesday,26,-0.47995814399089953,27263.678333333333,26984.421333333332,25267.73145,29588.23,22879.77
2016-06-29,28818.19,1323.9,67.71,2016,6,2,29,Wednesday,26,0.33374729696371563,27309.641,27008.491333333335,25293.88165,29588.23,22879.77
2016-06-30,28575.97,1318.4,67.42,2016,6,2,30,Thursday,26,-0.8405108023786245,27349.417,27026.57888888889,25319.198849999997,29588.23,22879.77
2016-07-01,29009.14,1336.7,67.5,2016,7,3,1,Friday,26,1.515854054997945,27413.680999999997,27045.33366666667,25344.72675,29588.23,22879.77
2016-07-05,29321.55,1356.4,67.24,2016,7,3,5,Tuesday,27,1.0769364414112248,27485.399666666668,27068.68622222222,25372.43985,29588.23,22879.77
2016-07-06,29588.23,1364.9,67.43,2016,7,3,6,Wednesday,27,0.9095017146092177,27567.67166666667,27097.66177777778,25399.408349999998,29588.23,22879.77
2016-07-07,29473.24,1360.1,67.4,2016,7,3,7,Thursday,27,-0.38863426436794857,27661.82233333333,27122.18966666667,25426.8088,29588.23,22879.77
2016-07-08,29439.27,1356.6,67.5,2016,7,3,8,Friday,27,-0.1152570942319242,27756.082333333332,27149.474222222223,25455.1176,29588.23,22879.77
2016-07-11,29245.54,1355.0,67.13,2016,7,3,11,Monday,28,-0.6580665892870319,27850.887,27174.067000000003,25481.5129,29588.23,22879.77
2016-07-12,28800.02,1334.1,67.14,2016,7,3,12,Tuesday,28,-1.5233775816757,27939.93766666667,27191.37288888889,25502.797349999997,29588.23,22879.77
2016-07-13,28860.51,1342.4,66.87,2016,7,3,13,Wednesday,28,0.21003457636488143,28027.95666666667,27207.453222222222,25525.105149999996,29588.23,22879.77
2016-07-14,28680.08,1331.3,67.01,2016,7,3,14,Thursday,28,-0.6251795273194971,28110.775,27224.097,25548.1067,29588.23,22879.77
2016-07-15,28505.02,1326.5,66.84,2016,7,3,15,Friday,28,-0.6103888134203261,28186.743000000002,27238.535666666667,25570.57835,29588.23,22879.77
2016-07-18,28671.85,1328.4,67.13,2016,7,3,18,Monday,29,0.5852653322116597,28248.158333333333,27254.749222222224,25595.72945,29588.23,22879.77
2016-07-19,28741.32,1331.5,67.14,2016,7,3,19,Tuesday,29,0.24229339927490656,28312.645333333334,27268.992444444444,25622.06955,29588.23,22879.77
2016-07-20,28495.6,1318.8,67.21,2016,7,3,20,Wednesday,29,-0.8549363773132201,28371.632333333335,27282.958222222223,25644.6025,29588.23,22879.77
2016-07-21,28730.43,1330.5,67.16,2016,7,3,21,Thursday,29,0.8240921405409996,28427.93533333333,27304.732000000004,25668.681599999996,29588.23,22879.77
2016-07-22,28566.38,1323.1,67.15,2016,7,3,22,Friday,29,-0.5709973710800731,28474.772999999997,27326.882222222222,25691.457800000004,29588.23,22879.77
2016-07-25,28480.95,1319.3,67.15,2016,7,3,25,Monday,30,-0.29905784352095566,28513.32966666667,27347.534777777775,25713.463849999996,29588.23,22879.77
2016-07-26,28621.15,1320.7,67.4,2016,7,3,26,Tuesday,30,0.4922588607472633,28545.88366666667,27363.66466666667,25737.0723,29588.23,22879.77
2016-07-27,28697.4,1326.6,67.28,2016,7,3,27,Wednesday,30,0.2664113776001287,28577.238999999998,27384.172666666665,25759.746950000004,29588.23,22879.77
2016-07-28,28726.04,1332.3,67.06,2016,7,3,28,Thursday,30,0.09979998187990002,28607.420666666665,27408.427000000003,25782.083850000003,29588.23,22879.77
2016-07-29,29061.83,1349.0,67.01,2016,7,3,29,Friday,30,1.1689394013236765,28644.492000000002,27434.727000000003,25805.9873,29588.23,22879.77
2016-08-01,28957.55,1351.4,66.65,2016,8,3,1,Monday,31,-0.35882117540431135,28677.434,27464.623666666666,25827.305350000002,29588.23,22879.77
2016-08-02,29281.29,1364.4,66.75,2016,8,3,2,Tuesday,31,1.1179813209335698,28726.302333333337,27498.06377777778,25849.876650000002,29588.23,22879.77
2016-08-03,29070.47,1356.1,66.68,2016,8,3,3,Wednesday,31,-0.7199819406863539,28781.287333333334,27529.49822222222,25871.9658,29588.23,22879.77
2016-08-04,29165.04,1358.8,66.76,2016,8,3,4,Thursday,31,0.32531293783690796,28834.754666666664,27558.231,25895.7683,29588.23,22879.77
2016-08-05,28719.06,1336.4,66.84,2016,8,3,5,Friday,31,-1.5291595691279691,28880.77,27586.45011111111,25916.36735,29588.23,22879.77
2016-08-08,28652.01,1333.4,66.83,2016,8,3,8,Monday,32,-0.2334686441687217,28884.610333333334,27612.193555555554,25937.636300000002,29588.23,22879.77
2016-08-09,28754.69,1339.0,66.79,2016,8,3,9,Tuesday,32,0.35836927322028256,28881.071666666663,27642.44688888889,25959.2137,29588.23,22879.77
2016-08-10,28863.76,1344.3,66.78,2016,8,3,10,Wednesday,32,0.3793120357061808,28885.786,27674.42744444444,25981.885949999996,29588.23,22879.77
2016-08-11,28814.32,1342.5,66.76,2016,8,3,11,Thursday,32,-0.17128745527262845,28885.657000000003,27704.380666666668,26004.23365,29588.23,22879.77
2016-08-12,28662.78,1335.8,66.74,2016,8,3,12,Friday,32,-0.5259190569133709,28888.550666666666,27732.580888888886,26025.8145,29588.23,22879.77
2016-08-15,28828.12,1340.3,66.9,2016,8,3,15,Monday,33,0.5768456513987941,28882.51666666667,27759.078333333335,26046.833300000002,29588.23,22879.77
2016-08-16,29032.44,1350.5,66.86,2016,8,3,16,Tuesday,33,0.7087524264502765,28872.879666666668,27785.256666666668,26072.22435,29588.23,22879.77
2016-08-17,28861.65,1342.7,66.86,2016,8,3,17,Wednesday,33,-0.5882729801559794,28848.660333333337,27807.20488888889,26096.4427,29588.23,22879.77
2016-08-18,29065.12,1351.2,66.91,2016,8,3,18,Thursday,33,0.7049839492891063,28835.056333333334,27831.91477777778,26122.331000000002,29588.23,22879.77
2016-08-19,28795.96,1340.4,66.82,2016,8,3,19,Friday,33,-0.926058450816647,28813.612666666668,27856.50633333333,26148.9192,29588.23,22879.77
2016-08-22,28870.21,1337.7,67.13,2016,8,3,22,Monday,34,0.2578486704384986,28801.101666666666,27886.16833333333,26176.707749999998,29588.23,22879.77
2016-08-23,28958.61,1340.6,67.19,2016,8,3,23,Tuesday,34,0.3061979805481174,28806.388,27914.39422222222,26205.063599999998,29588.23,22879.77
2016-08-24,28584.23,1324.4,67.13,2016,8,3,24,Wednesday,34,-1.2928106701253994,28797.178666666667,27938.27088888889,26232.838,29588.23,22879.77
2016-08-25,28504.16,1320.1,67.16,2016,8,3,25,Thursday,34,-0.2801194924614059,28791.314666666665,27957.73077777778,26259.70285,29588.23,22879.77
2016-08-26,28468.79,1321.5,67.01,2016,8,3,26,Friday,34,-0.12408715078781052,28790.107,27977.587444444445,26285.77295,29588.23,22879.77
2016-08-29,28551.43,1322.9,67.13,2016,8,3,29,Monday,35,0.2902827974072597,28786.093,27999.43611111111,26313.10975,29588.23,22879.77
2016-08-30,28293.26,1311.7,67.09,2016,8,3,30,Tuesday,35,-0.9042279143286369,28771.15766666667,28021.86533333333,26339.79655,29588.23,22879.77
2016-08-31,28205.11,1306.9,67.13,2016,8,3,31,Wednesday,35,-0.31155830045741517,28761.474666666665,28040.26755555555,26366.06865,29588.23,22879.77
2016-09-01,28255.41,1312.2,66.97,2016,9,3,1,Thursday,35,0.17833647874445635,28745.640666666666,28058.212222222224,26392.2791,29588.23,22879.77
2016-09-02,28391.35,1322.1,66.79,2016,9,3,2,Friday,35,0.48111140486015724,28739.806333333334,28077.106,26421.02655,29588.23,22879.77
2016-09-06,28833.13,1349.4,66.46,2016,9,3,6,Tuesday,36,1.5560373141819683,28751.545666666665,28097.49977777778,26451.73175,29588.23,22879.77
2016-09-07,28635.64,1344.3,66.26,2016,9,3,7,Wednesday,36,-0.6849412464064786,28752.02866666667,28109.69911111111,26480.407000000003,29588.23,22879.77
2016-09-08,28568.89,1336.8,66.47,2016,9,3,8,Thursday,36,-0.23310112852376053,28747.745,28119.944,26508.90115,29588.23,22879.77
2016-09-09,28416.46,1330.1,66.45,2016,9,3,9,Friday,36,-0.533552406131288,28737.425666666666,28129.661000000004,26537.713,29588.23,22879.77
2016-09-12,28361.35,1321.0,66.78,2016,9,3,12,Monday,37,-0.19393689432111172,28714.076333333334,28141.88588888889,26564.8986,29588.23,22879.77
2016-09-13,28295.09,1319.0,66.72,2016,9,3,13,Tuesday,37,-0.23362780685686202,28691.994333333332,28153.699333333334,26592.280550000003,29588.23,22879.77
2016-09-14,28464.29,1321.5,67.0,2016,9,3,14,Wednesday,37,0.5979836077566913,28664.761,28162.35922222222,26621.59455,29588.23,22879.77
2016-09-15,28191.93,1313.5,66.76,2016,9,3,15,Thursday,37,-0.9568480366100807,28635.476333333332,28174.52433333333,26647.9336,29588.23,22879.77
2016-09-16,28065.37,1305.8,66.85,2016,9,3,16,Friday,37,-0.4489227945727814,28598.820666666667,28185.11422222222,26674.5253,29588.23,22879.77
2016-09-19,28321.66,1313.5,67.07,2016,9,3,19,Monday,38,0.9131894573276567,28585.574,28196.251888888888,26703.504500000003,29588.23,22879.77
2016-09-20,28279.47,1313.7,66.96,2016,9,3,20,Tuesday,38,-0.14896725686276424,28573.156,28208.28522222222,26731.307600000004,29588.23,22879.77
2016-09-21,28572.07,1326.9,66.97,2016,9,3,21,Wednesday,38,1.0346728563159102,28567.06866666667,28222.462,26757.7054,29588.23,22879.77
2016-09-22,28770.63,1340.4,66.76,2016,9,3,22,Thursday,38,0.6949443984982651,28563.964333333333,28237.809555555556,26786.2548,29588.23,22879.77
2016-09-23,28642.35,1337.2,66.62,2016,9,3,23,Friday,38,-0.44587136256662996,28558.232,28251.176666666666,26813.94515,29588.23,22879.77
2016-09-26,28727.73,1339.7,66.7,2016,9,3,26,Monday,39,0.2980900659338426,28560.396999999997,28266.121555555554,26841.810250000002,29588.23,22879.77
2016-09-27,28393.45,1325.9,66.61,2016,9,3,27,Tuesday,39,-1.1636143893025919,28545.908,28280.70188888889,26868.389099999997,29588.23,22879.77
2016-09-28,28184.18,1319.4,66.44,2016,9,3,28,Wednesday,39,-0.7370361826407157,28517.632666666665,28291.970666666664,26893.69305,29588.23,22879.77
2016-09-29,28187.2,1321.7,66.33,2016,9,3,29,Thursday,39,0.010715231026758865,28495.151,28303.827666666668,26919.714300000003,29588.23,22879.77
2016-09-30,28212.21,1313.3,66.82,2016,9,3,30,Friday,39,0.0887282170630499,28466.720666666668,28321.199777777776,26946.174450000002,29588.23,22879.77
2016-10-03,28006.29,1309.0,66.55,2016,10,4,3,Monday,40,-0.7298967362003861,28440.398333333334,28336.69777777778,26970.2681,29588.23,22879.77
2016-10-04,27025.06,1266.3,66.38,2016,10,4,4,Tuesday,40,-3.5036057971262857,28378.893333333333,28343.627333333337,26993.1833,29588.23,22879.77
2016-10-05,27082.0,1265.2,66.58,2016,10,4,5,Wednesday,40,0.21069333426086967,28316.339666666663,28354.221777777784,27014.685550000002,29588.23,22879.77
2016-10-06,26746.41,1249.8,66.56,2016,10,4,6,Thursday,40,-1.2391625433867515,28255.079,28360.071444444442,27033.199500000002,29588.23,22879.77
2016-10-07,26776.9,1248.9,66.69,2016,10,4,7,Friday,40,0.11399660739517259,28197.50366666667,28366.531111111108,27052.58575,29588.23,22879.77
2016-10-11,26783.43,1253.0,66.49,2016,10,4,11,Tuesday,41,0.02438669151394457,28141.325,28372.725,27072.6246,29588.23,22879.77
2016-10-12,26868.87,1251.1,66.8,2016,10,4,12,Wednesday,41,0.31900320459328224,28085.239666666665,28373.163666666667,27092.414200000003,29588.23,22879.77
2016-10-13,26960.54,1255.0,66.82,2016,10,4,13,Thursday,41,0.3411754941685441,28040.815666666665,28374.87288888889,27113.7429,29588.23,22879.77
2016-10-14,26905.98,1253.1,66.78,2016,10,4,14,Friday,41,-0.20236983383864482,27997.511333333332,28376.872777777782,27133.72075,29588.23,22879.77
2016-10-17,26902.16,1254.4,66.71,2016,10,4,17,Monday,42,-0.014197587302156034,27952.403000000002,28375.32633333333,27155.31465,29588.23,22879.77
2016-10-18,27071.15,1260.8,66.78,2016,10,4,18,Tuesday,42,0.6281651733541116,27908.396333333334,28374.32522222222,27177.399800000003,29588.23,22879.77
2016-10-19,27205.01,1267.9,66.74,2016,10,4,19,Wednesday,42,0.4944747452546139,27854.125666666663,28373.00033333333,27199.026,29588.23,22879.77
2016-10-20,27114.32,1265.6,66.64,2016,10,4,20,Thursday,42,-0.33335771609713793,27803.414999999997,28367.10911111111,27219.1403,29588.23,22879.77
2016-10-21,27204.14,1265.9,66.84,2016,10,4,21,Friday,42,0.3312640700559699,27757.923333333336,28360.96911111111,27238.393500000002,29588.23,22879.77
2016-10-24,27148.69,1262.0,66.91,2016,10,4,24,Monday,43,-0.2038292701037392,27715.66433333333,28353.503555555555,27255.323699999997,29588.23,22879.77
2016-10-25,27330.1,1271.9,66.83,2016,10,4,25,Tuesday,43,0.6682090369737992,27681.28933333333,28346.619222222223,27273.87515,29588.23,22879.77
2016-10-26,27156.11,1264.8,66.78,2016,10,4,26,Wednesday,43,-0.6366240884592367,27643.323333333337,28337.583888888887,27291.839299999996,29588.23,22879.77
2016-10-27,27256.37,1267.9,66.86,2016,10,4,27,Thursday,43,0.36919868125442346,27603.059333333335,28331.374222222217,27311.55795,29588.23,22879.77
2016-10-28,27435.75,1275.5,66.9,2016,10,4,28,Friday,43,0.658121385936572,27577.853333333336,28331.538999999997,27331.747449999995,29588.23,22879.77
2016-10-31,27300.0,1271.5,66.78,2016,10,4,31,Monday,44,-0.49479237855717395,27552.341000000004,28328.638777777775,27352.6936,29588.23,22879.77
2016-11-01,27571.98,1286.4,66.67,2016,11,4,1,Tuesday,44,0.9962637362637361,27527.35166666667,28331.23188888889,27372.460150000003,29588.23,22879.77
2016-11-02,28014.68,1306.8,66.68,2016,11,4,2,Wednesday,44,1.6056155560826735,27518.525333333335,28325.430555555555,27393.90025,29588.23,22879.77
2016-11-03,27955.37,1302.1,66.78,2016,11,4,3,Thursday,44,-0.21171043181646976,27497.968666666664,28315.369666666666,27413.071949999998,29588.23,22879.77
2016-11-04,27942.17,1303.3,66.68,2016,11,4,4,Friday,44,-0.047218119452541174,27470.353333333333,28306.701222222226,27432.7276,29588.23,22879.77
2016-11-07,27447.6,1278.3,66.79,2016,11,4,7,Monday,45,-1.7699770633418987,27430.528333333332,28291.472444444444,27450.366649999996,29588.23,22879.77
2016-11-08,27321.8,1273.4,66.74,2016,11,4,8,Tuesday,45,-0.4583278683746417,27383.664,28277.537222222225,27466.87045,29588.23,22879.77
2016-11-09,27097.81,1272.6,66.23,2016,11,4,9,Wednesday,45,-0.8198215344523363,27340.476,28256.300222222224,27480.21075,29588.23,22879.77
2016-11-10,27059.73,1265.5,66.51,2016,11,4,10,Thursday,45,-0.14052796148471547,27302.994333333332,28231.16888888889,27493.91845,29588.23,22879.77
2016-11-14,26520.54,1221.2,67.55,2016,11,4,14,Monday,46,-1.992591943822053,27247.439,28197.083444444448,27504.2207,29588.23,22879.77
2016-11-15,26671.34,1224.0,67.78,2016,11,4,15,Tuesday,46,0.5686158728291257,27196.076666666664,28165.951222222222,27515.374050000002,29588.23,22879.77
2016-11-16,26647.45,1223.4,67.75,2016,11,4,16,Wednesday,46,-0.08957180254159924,27150.782,28134.931,27525.5535,29588.23,22879.77
2016-11-17,26588.48,1216.5,67.98,2016,11,4,17,Thursday,46,-0.2212969721305469,27136.229333333333,28105.40811111111,27535.4818,29588.23,22879.77
2016-11-18,26411.03,1208.5,67.97,2016,11,4,18,Friday,46,-0.6673943000878646,27113.863666666668,28078.863777777777,27542.804300000003,29588.23,22879.77
2016-11-21,26510.98,1209.6,68.17,2016,11,4,21,Monday,47,0.378440371314559,27106.016,28052.75788888889,27548.954949999996,29588.23,22879.77
2016-11-22,26559.38,1211.0,68.22,2016,11,4,22,Tuesday,47,0.18256586516229856,27098.765333333333,28029.194555555554,27556.00135,29588.23,22879.77
2016-11-23,26144.07,1189.1,68.39,2016,11,4,23,Wednesday,47,-1.563703670793526,27077.45333333333,28002.96177777778,27556.1576,29588.23,22879.77
2016-11-25,26040.78,1178.2,68.75,2016,11,4,25,Friday,47,-0.39508003153296833,27049.850333333332,27973.727666666666,27555.182200000003,29588.23,22879.77
2016-11-28,26224.13,1190.6,68.51,2016,11,4,28,Monday,48,0.704087972787315,27025.303333333333,27945.758888888886,27555.845550000002,29588.23,22879.77
2016-11-29,26182.61,1187.9,68.56,2016,11,4,29,Tuesday,48,-0.15832746405696208,27001.191,27920.059,27550.562250000003,29588.23,22879.77
2016-11-30,25825.47,1170.8,68.61,2016,11,4,30,Wednesday,48,-1.3640351362984804,26965.30133333333,27887.781666666662,27543.296400000003,29588.23,22879.77
2016-12-01,25731.94,1166.9,68.59,2016,12,4,1,Thursday,48,-0.36216185029740444,26920.661,27856.287888888884,27539.65155,29588.23,22879.77
2016-12-02,25772.41,1175.1,68.22,2016,12,4,2,Friday,48,0.1572753550645567,26872.90766666667,27826.193000000003,27535.140149999996,29588.23,22879.77
2016-12-05,25670.9,1174.0,68.01,2016,12,4,5,Monday,49,-0.39387080990872514,26824.793666666665,27793.41244444444,27528.76495,29588.23,22879.77
2016-12-06,25531.34,1167.6,68.01,2016,12,4,6,Tuesday,49,-0.5436505926944557,26769.033666666666,27758.234,27520.8041,29588.23,22879.77
2016-12-07,25583.41,1175.0,67.72,2016,12,4,7,Wednesday,49,0.20394542550450367,26716.857666666667,27723.315888888887,27515.4617,29588.23,22879.77
2016-12-08,25360.93,1169.8,67.43,2016,12,4,8,Thursday,49,-0.8696260584495907,26651.218666666668,27682.194777777775,27507.525899999997,29588.23,22879.77
2016-12-09,25125.96,1159.4,67.41,2016,12,4,9,Friday,49,-0.926503878209517,26583.547,27639.621555555554,27496.549649999997,29588.23,22879.77
2016-12-12,25235.2,1163.5,67.46,2016,12,4,12,Monday,50,0.4347694575650207,26516.174666666666,27594.665,27486.626549999997,29588.23,22879.77
2016-12-13,25071.9,1156.7,67.42,2016,12,4,13,Tuesday,50,-0.6471119705807715,26437.379666666664,27550.236444444447,27477.0839,29588.23,22879.77
2016-12-14,25159.85,1161.3,67.39,2016,12,4,14,Wednesday,50,0.3507911247252693,26366.041333333334,27505.734333333337,27466.554500000002,29588.23,22879.77
2016-12-15,24591.25,1127.8,67.82,2016,12,4,15,Thursday,50,-2.259949880464307,26266.683666666668,27459.86977777778,27454.59245,29588.23,22879.77
2016-12-16,24763.91,1135.3,67.85,2016,12,4,16,Friday,50,0.7021196563818499,26158.324666666667,27416.668666666665,27443.25105,29588.23,22879.77
2016-12-19,24873.67,1140.5,67.83,2016,12,4,19,Monday,51,0.443225645707801,26055.601333333336,27373.546222222223,27431.406949999997,29588.23,22879.77
2016-12-20,24679.28,1131.5,67.84,2016,12,4,20,Tuesday,51,-0.7815091218947523,25946.838333333333,27327.052000000003,27417.736950000002,29588.23,22879.77
2016-12-21,24691.21,1131.1,67.9,2016,12,4,21,Wednesday,51,0.048340146065850575,25854.958666666666,27281.239666666665,27405.2823,29588.23,22879.77
2016-12-22,24615.05,1128.8,67.83,2016,12,4,22,Thursday,51,-0.30844984915684437,25764.733666666667,27236.264888888887,27392.32985,29588.23,22879.77
2016-12-23,24687.2,1131.9,67.84,2016,12,4,23,Friday,51,0.2931133595097446,25684.38,27190.254666666668,27379.7027,29588.23,22879.77
2016-12-27,24780.85,1137.3,67.77,2016,12,4,27,Tuesday,52,0.3793463819307119,25608.417333333335,27143.01477777778,27366.3098,29588.23,22879.77
2016-12-28,24898.4,1139.4,67.97,2016,12,4,28,Wednesday,52,0.4743582241932831,25554.346,27098.978666666666,27354.608400000005,29588.23,22879.77
2016-12-29,25358.0,1156.4,68.21,2016,12,4,29,Thursday,52,1.8459017446904147,25510.568000000003,27057.788444444443,27347.54445,29588.23,22879.77
2016-12-30,25117.09,1150.0,67.93,2016,12,4,30,Friday,52,-0.9500354917580278,25459.555999999997,27016.91211111111,27340.2656,29588.23,22879.77
2017-01-03,25419.19,1160.4,68.13,2017,1,1,3,Tuesday,1,1.202766721781856,25420.57966666667,26978.56744444444,27334.25045,27684.06,25145.88
2017-01-04,25544.52,1163.8,68.27,2017,1,1,4,Wednesday,1,0.49305268971986393,25391.696,26940.63311111111,27326.125750000003,27684.06,25145.88
2017-01-05,25747.75,1179.7,67.89,2017,1,1,5,Thursday,1,0.7955913832007777,25366.255,26909.116666666665,27320.606099999997,27684.06,25145.88
2017-01-06,25520.06,1171.9,67.73,2017,1,1,6,Friday,1,-0.8843102795389801,25331.610999999997,26875.96,27315.49065,27684.06,25145.88
2017-01-09,25928.52,1183.5,68.14,2017,1,1,9,Monday,2,1.6005448263052724,25324.426,26847.734777777776,27311.6591,27684.06,25145.88
2017-01-10,25926.49,1184.2,68.1,2017,1,1,10,Tuesday,2,-0.007829216630950153,25320.61633333333,26818.56877777778,27309.9573,27684.06,25145.88
2017-01-11,26261.03,1195.6,68.32,2017,1,1,11,Wednesday,2,1.2903404973060306,25321.846333333335,26795.988444444443,27309.904049999997,27684.06,25145.88
2017-01-12,26264.9,1198.9,68.14,2017,1,1,12,Thursday,2,0.014736664936609856,25324.589333333333,26774.430555555555,27310.021699999998,27684.06,25145.88
2017-01-13,26182.0,1195.3,68.13,2017,1,1,13,Friday,2,-0.3156303660017845,25336.47366666667,26751.392666666667,27308.03625,27684.06,25145.88
2017-01-17,26534.2,1212.0,68.09,2017,1,1,17,Tuesday,3,1.3451989916736684,25363.215666666667,26730.757666666665,27309.810550000002,27684.06,25145.88
2017-01-18,26442.9,1211.3,67.9,2017,1,1,18,Wednesday,3,-0.34408423845452285,25385.565333333332,26704.199555555555,27310.34955,27684.06,25145.88
2017-01-19,26331.11,1200.9,68.2,2017,1,1,19,Thursday,3,-0.4227599847217989,25407.572333333334,26678.593666666668,27311.84565,27684.06,25145.88
2017-01-20,26363.96,1204.3,68.09,2017,1,1,20,Friday,3,0.12475736875505739,25435.32633333333,26654.094444444443,27313.7379,27684.06,25145.88
2017-01-23,26593.08,1215.0,68.08,2017,1,1,23,Monday,4,0.869065193544527,25468.982000000004,26633.834666666662,27316.11065,27684.06,25145.88
2017-01-24,26480.17,1210.3,68.05,2017,1,1,24,Tuesday,4,-0.4245841399341588,25506.289999999997,26612.93266666667,27317.8877,27684.06,25145.88
2017-01-25,26239.28,1197.3,68.16,2017,1,1,25,Wednesday,4,-0.9096995978500111,25543.40066666667,26590.090333333334,27316.867350000004,27684.06,25145.88
2017-01-26,25995.11,1189.5,67.97,2017,1,1,26,Thursday,4,-0.9305514480580146,25568.730999999996,26562.654999999995,27313.460949999997,27684.06,25145.88
2017-01-27,26031.74,1188.1,68.15,2017,1,1,27,Friday,4,0.14091111751401986,25600.72566666667,26538.652888888893,27309.1881,27684.06,25145.88
2017-01-30,26128.52,1193.2,68.11,2017,1,1,30,Monday,5,0.37177691541172564,25633.014666666666,26517.132333333335,27305.62455,27684.06,25145.88
2017-01-31,26353.45,1208.6,67.82,2017,1,1,31,Tuesday,5,0.8608600869854044,25691.754666666668,26495.26333333333,27304.478199999998,27684.06,25145.88
2017-02-01,26164.24,1205.6,67.5,2017,2,1,1,Wednesday,5,-0.7179705123997016,25738.432333333338,26471.76077777778,27304.29625,27684.06,25145.88
2017-02-02,26363.59,1216.7,67.4,2017,2,1,2,Thursday,5,0.7619177931405652,25788.096333333335,26447.222111111107,27304.0228,27684.06,25145.88
2017-02-03,26351.74,1218.5,67.27,2017,2,1,3,Friday,5,-0.04494835490916893,25843.844999999998,26420.345555555556,27303.60485,27684.06,25145.88
2017-02-06,26557.62,1230.0,67.16,2017,2,1,6,Monday,6,0.7812766822987705,25906.058666666668,26397.18188888889,27302.629100000002,27684.06,25145.88
2017-02-07,26663.38,1234.2,67.2,2017,2,1,7,Tuesday,6,0.39822845571253485,25974.336333333333,26374.244666666666,27302.537549999997,27684.06,25145.88
2017-02-08,26794.61,1237.6,67.34,2017,2,1,8,Wednesday,6,0.4921731603420021,26044.583333333332,26356.47977777778,27303.58535,27684.06,25145.88
2017-02-09,26591.09,1235.1,66.96,2017,2,1,9,Thursday,6,-0.7595557464728953,26104.924666666666,26338.778777777778,27305.167650000003,27684.06,25145.88
2017-02-10,26489.11,1234.4,66.75,2017,2,1,10,Friday,6,-0.38351192072231255,26157.948333333337,26319.911111111112,27304.868650000004,27684.06,25145.88
2017-02-13,26313.25,1224.4,66.84,2017,2,1,13,Monday,7,-0.6638954649665463,26189.79,26298.811555555556,27303.232950000005,27684.06,25145.88
2017-02-14,26330.72,1223.9,66.92,2017,2,1,14,Tuesday,7,0.06639240686727721,26230.244333333336,26280.19411111111,27301.432,27684.06,25145.88
2017-02-15,26443.29,1231.7,66.78,2017,2,1,15,Wednesday,7,0.42752344030090317,26264.380999999998,26273.729999999996,27298.66,27684.06,25145.88
2017-02-16,26657.2,1240.0,66.87,2017,2,1,16,Thursday,7,0.8089386759363215,26301.470333333335,26269.01,27294.2575,27684.06,25145.88
2017-02-17,26724.7,1237.6,67.16,2017,2,1,17,Friday,7,0.25321489128640184,26334.03533333333,26268.768777777776,27289.64675,27684.06,25145.88
2017-02-21,26643.04,1237.5,66.96,2017,2,1,21,Tuesday,8,-0.3055600249955992,26371.468,26267.281444444445,27285.1523,27684.06,25145.88
2017-02-22,26524.67,1232.0,66.97,2017,2,1,22,Wednesday,8,-0.4442811330839236,26391.33966666667,26264.406333333332,27281.4701,27684.06,25145.88
2017-02-23,26896.09,1250.2,66.91,2017,2,1,23,Thursday,8,1.4002813230098665,26423.659666666666,26264.708777777778,27279.79115,27684.06,25145.88
2017-02-24,26946.68,1256.9,66.68,2017,2,1,24,Friday,8,0.18809425459238582,26446.514666666666,26264.554777777776,27276.100049999997,27684.06,25145.88
2017-02-27,26938.08,1257.4,66.64,2017,2,1,27,Monday,9,-0.03191487782538971,26468.954,26264.911444444442,27275.3051,27684.06,25145.88
2017-02-28,26858.68,1252.6,66.69,2017,2,1,28,Tuesday,9,-0.2947500341524023,26491.51,26264.428333333337,27274.0371,27684.06,25145.88
2017-03-01,26784.12,1248.9,66.71,2017,3,1,1,Wednesday,9,-0.27760113304153844,26499.840666666667,26261.23911111111,27271.36135,27684.06,25145.88
2017-03-02,26480.1,1231.9,66.86,2017,3,1,2,Thursday,9,-1.1350755596973183,26501.08066666667,26253.184555555556,27267.779499999997,27684.06,25145.88
2017-03-03,26337.44,1225.5,66.85,2017,3,1,3,Friday,9,-0.538744189032514,26501.291666666668,26244.55255555556,27262.9859,27684.06,25145.88
2017-03-06,26287.57,1224.5,66.77,2017,3,1,6,Monday,10,-0.18935021778881955,26498.745333333336,26234.368444444444,27257.477000000003,27684.06,25145.88
2017-03-07,26043.46,1215.1,66.66,2017,3,1,7,Tuesday,10,-0.9286137897112634,26480.424666666666,26222.088111111112,27250.497750000002,27684.06,25145.88
2017-03-08,25883.16,1208.5,66.62,2017,3,1,8,Wednesday,10,-0.6155096135459726,26460.52433333334,26206.011000000002,27243.0001,27684.06,25145.88
2017-03-09,25810.03,1202.4,66.76,2017,3,1,9,Thursday,10,-0.282538917195585,26446.216,26191.05455555556,27236.64415,27684.06,25145.88
2017-03-10,25740.92,1200.7,66.68,2017,3,1,10,Friday,10,-0.2677641211575543,26437.743000000002,26174.21622222222,27229.498799999998,27684.06,25145.88
2017-03-13,25701.79,1202.4,66.49,2017,3,1,13,Monday,11,-0.15201476870289055,26426.74466666667,26154.95,27222.407399999996,27684.06,25145.88
2017-03-14,25569.42,1201.9,66.17,2017,3,1,14,Tuesday,11,-0.5150224945422166,26408.108,26135.72133333333,27217.010899999997,27684.06,25145.88
2017-03-15,25378.72,1200.1,65.78,2017,3,1,15,Wednesday,11,-0.7458127716623908,26375.617000000002,26111.351777777778,27210.84715,27684.06,25145.88
2017-03-16,25876.04,1226.5,65.62,2017,3,1,16,Thursday,11,1.9595944949154287,26366.01033333333,26087.589111111112,27208.220350000003,27684.06,25145.88
2017-03-17,25860.26,1229.8,65.4,2017,3,1,17,Friday,11,-0.06098305613997379,26349.232666666667,26064.310111111106,27206.87915,27684.06,25145.88
2017-03-20,25965.39,1233.6,65.47,2017,3,1,20,Monday,12,0.4065311021621554,26336.354333333333,26042.34588888889,27205.6064,27684.06,25145.88
2017-03-21,26175.29,1246.1,65.34,2017,3,1,21,Tuesday,12,0.8083837754796042,26323.61,26028.209111111108,27205.5052,27684.06,25145.88
2017-03-22,26306.66,1249.3,65.5,2017,3,1,22,Wednesday,12,0.501885556950854,26311.71933333333,26016.92977777778,27205.9086,27684.06,25145.88
2017-03-23,26204.0,1246.9,65.36,2017,3,1,23,Thursday,12,-0.390243383234512,26292.032333333333,26006.998555555558,27202.78165,27684.06,25145.88
2017-03-24,26263.18,1248.2,65.44,2017,3,1,24,Friday,12,0.2258433826896722,26281.102000000003,25998.147999999997,27200.064,27684.06,25145.88
2017-03-27,26393.97,1255.4,65.39,2017,3,1,27,Monday,13,0.497997576835707,26277.930666666663,25996.741666666665,27198.4039,27684.06,25145.88
2017-03-28,26251.38,1255.3,65.04,2017,3,1,28,Tuesday,13,-0.5402370314128602,26275.868333333332,25992.075444444446,27194.454100000003,27684.06,25145.88
2017-03-29,26237.84,1253.4,65.11,2017,3,1,29,Wednesday,13,-0.0515782408391563,26272.77233333333,25987.52422222222,27189.837050000002,27684.06,25145.88
2017-03-30,25929.91,1245.0,64.78,2017,3,1,30,Thursday,13,-1.1736103276794085,26255.659666666663,25980.206777777777,27182.86535,27684.06,25145.88
2017-03-31,25981.83,1247.3,64.79,2017,3,1,31,Friday,13,0.20023208719197605,26233.147333333334,25975.43788888889,27174.55185,27684.06,25145.88
2017-04-03,26057.43,1250.8,64.8,2017,4,2,3,Monday,14,0.2909725758347248,26210.905000000002,25970.398444444447,27166.055299999996,27684.06,25145.88
2017-04-04,26177.53,1255.0,64.88,2017,4,2,4,Tuesday,14,0.46090500866737827,26195.388,25966.15566666667,27157.84,27684.06,25145.88
2017-04-05,26046.35,1245.4,65.05,2017,4,2,5,Wednesday,14,-0.5011167974977027,26179.444,25965.06988888889,27148.3233,27684.06,25145.88
2017-04-06,26144.81,1250.3,65.04,2017,4,2,6,Thursday,14,0.3780184171678691,26154.401333333335,25966.22577777778,27139.200900000003,27684.06,25145.88
2017-04-07,26042.95,1254.3,64.58,2017,4,2,7,Friday,14,-0.3895993124447994,26124.277000000002,25964.212666666666,27130.33945,27684.06,25145.88
2017-04-10,25847.79,1251.1,64.26,2017,4,2,10,Monday,15,-0.7493774706782474,26087.934,25960.492444444444,27122.4738,27684.06,25145.88
2017-04-11,26391.8,1271.2,64.57,2017,4,2,11,Tuesday,15,2.1046673622773904,26072.371333333333,25966.785000000003,27116.627699999997,27684.06,25145.88
2017-04-12,26499.47,1275.3,64.63,2017,4,2,12,Wednesday,15,0.40796762630816996,26062.882999999998,25975.313111111114,27112.43205,27684.06,25145.88
2017-04-13,26665.99,1285.9,64.5,2017,4,2,13,Thursday,15,0.6283899262890857,26069.079333333335,25985.24177777778,27103.078,27684.06,25145.88
2017-04-17,26719.37,1289.4,64.45,2017,4,2,17,Monday,16,0.2001800795695008,26081.810333333335,25996.891444444445,27092.370599999995,27684.06,25145.88
2017-04-18,26748.18,1291.7,64.41,2017,4,2,18,Tuesday,16,0.10782439855430148,26097.163999999997,26010.411888888888,27082.499850000004,27684.06,25145.88
2017-04-19,26601.51,1281.4,64.57,2017,4,2,19,Wednesday,16,-0.5483363727924684,26115.765666666666,26021.724111111114,27071.41645,27684.06,25145.88
2017-04-20,26643.5,1281.9,64.65,2017,4,2,20,Thursday,16,0.15784818230244468,26141.11033333333,26035.97488888889,27061.754100000002,27684.06,25145.88
2017-04-21,26763.32,1287.4,64.66,2017,4,2,21,Friday,16,0.44971569050613613,26172.88666666667,26054.16777777778,27050.525,27684.06,25145.88
2017-04-24,26513.97,1275.8,64.64,2017,4,2,24,Monday,17,-0.9316856055227807,26198.655000000002,26068.37633333333,27036.4871,27684.06,25145.88
2017-04-25,26200.26,1265.6,64.39,2017,4,2,25,Tuesday,17,-1.1831875799814262,26215.270666666667,26080.913666666667,27019.54725,27684.06,25145.88
2017-04-26,26111.57,1262.1,64.35,2017,4,2,26,Wednesday,17,-0.3385080911410765,26233.342333333334,26091.48833333333,27002.7389,27684.06,25145.88
2017-04-27,26010.6,1263.7,64.02,2017,4,2,27,Thursday,17,-0.38668682120608366,26254.405000000002,26107.258888888886,26985.59555,27684.06,25145.88
2017-04-28,26076.28,1266.1,64.06,2017,4,2,28,Friday,17,0.2525124372371179,26261.07966666667,26121.840777777783,26969.749249999997,27684.06,25145.88
2017-05-01,25892.56,1253.3,64.26,2017,5,2,1,Monday,18,-0.7045483481539438,26262.156333333336,26133.161777777772,26955.211949999997,27684.06,25145.88
2017-05-02,25898.15,1255.1,64.18,2017,5,2,2,Tuesday,18,0.02158921327206631,26259.914999999997,26146.70477777778,26940.40015,27684.06,25145.88
2017-05-03,25674.55,1246.4,64.07,2017,5,2,3,Wednesday,18,-0.8633821334728675,26243.223666666665,26157.630777777777,26925.3725,27684.06,25145.88
2017-05-04,25319.84,1226.5,64.21,2017,5,2,4,Thursday,18,-1.381562675879422,26210.32966666667,26165.46177777778,26909.446599999996,27684.06,25145.88
2017-05-05,25268.99,1224.8,64.17,2017,5,2,5,Friday,18,-0.20083065295830593,26179.162666666667,26171.926111111112,26892.4323,27684.06,25145.88
2017-05-08,25333.67,1225.3,64.31,2017,5,2,8,Monday,19,0.2559659092033151,26148.179,26178.068555555554,26875.39405,27684.06,25145.88
2017-05-09,25146.77,1214.3,64.41,2017,5,2,9,Tuesday,19,-0.7377533535409486,26106.605666666666,26180.828222222222,26858.649900000004,27684.06,25145.88
2017-05-10,25298.21,1217.3,64.64,2017,5,2,10,Wednesday,19,0.6022244606364913,26074.833333333332,26180.16388888889,26841.488800000003,27684.06,25145.88
2017-05-11,25375.05,1222.7,64.55,2017,5,2,11,Thursday,19,0.3037369047059091,26046.07366666667,26183.03011111111,26825.53215,27684.06,25145.88
2017-05-12,25372.78,1226.2,64.36,2017,5,2,12,Friday,19,-0.008945795180703708,26027.50266666667,26182.51444444445,26809.991300000005,27684.06,25145.88
2017-05-15,25345.61,1228.6,64.17,2017,5,2,15,Monday,20,-0.10708326009211122,26006.29533333333,26180.304333333333,26793.613599999997,27684.06,25145.88
2017-05-16,25427.14,1235.0,64.04,2017,5,2,16,Tuesday,20,0.32167306290911135,25985.28566666667,26176.742000000002,26777.2623,27684.06,25145.88
2017-05-17,25834.47,1257.5,63.9,2017,5,2,17,Wednesday,20,1.6019497277318662,25973.850333333332,26180.235444444443,26762.80445,27684.06,25145.88
2017-05-18,25848.12,1251.7,64.23,2017,5,2,18,Thursday,20,0.052836384876475684,25967.24266666667,26179.342111111113,26746.735900000003,27684.06,25145.88
2017-05-19,26126.97,1252.7,64.87,2017,5,2,19,Friday,20,1.0788018625726092,25966.647999999997,26181.569666666666,26732.583,27684.06,25145.88
2017-05-22,26122.53,1260.7,64.45,2017,5,2,22,Monday,21,-0.01699393385456993,25969.300666666666,26180.030777777778,26716.7892,27684.06,25145.88
2017-05-23,26021.14,1254.8,64.5,2017,5,2,23,Tuesday,21,-0.3881323899331268,25975.079,26177.322333333337,26701.54255,27684.06,25145.88
2017-05-24,26126.39,1252.4,64.89,2017,5,2,24,Wednesday,21,0.40447881991334533,25966.232000000004,26176.704444444447,26686.3493,27684.06,25145.88
2017-05-25,26146.81,1255.8,64.76,2017,5,2,25,Thursday,21,0.07815852094377185,25954.476666666666,26172.400111111114,26673.48805,27684.06,25145.88
2017-05-26,26305.0,1267.6,64.55,2017,5,2,26,Friday,21,0.6050068822927024,25942.443666666666,26170.867888888894,26661.752999999997,27684.06,25145.88
2017-05-30,26175.93,1262.1,64.51,2017,5,2,30,Tuesday,22,-0.4906671735411483,25924.329,26169.143666666663,26648.8592,27684.06,25145.88
2017-05-31,26426.24,1272.0,64.62,2017,5,2,31,Wednesday,22,0.9562601978229557,25913.59766666667,26169.835666666666,26636.6716,27684.06,25145.88
2017-06-01,26274.09,1267.0,64.5,2017,6,2,1,Thursday,22,-0.5757534934973774,25902.683666666668,26166.291333333334,26623.97045,27684.06,25145.88
2017-06-02,26424.86,1276.8,64.37,2017,6,2,2,Friday,22,0.5738352879205433,25895.395666666667,26165.676777777775,26612.78085,27684.06,25145.88
2017-06-05,26490.05,1279.3,64.4,2017,6,2,5,Monday,23,0.24669950947706631,25886.286666666667,26168.463111111112,26601.0905,27684.06,25145.88
2017-06-06,26777.33,1294.4,64.34,2017,6,2,6,Tuesday,23,1.084482664245634,25895.065333333332,26177.154444444448,26589.81495,27684.06,25145.88
2017-06-07,26720.11,1290.1,64.42,2017,6,2,7,Wednesday,23,-0.2136882205955648,25912.393666666663,26184.803,26579.10725,27684.06,25145.88
2017-06-08,26433.38,1276.3,64.42,2017,6,2,8,Thursday,23,-1.0730868997171017,25923.120666666666,26188.190333333332,26565.94855,27684.06,25145.88
2017-06-09,26200.71,1268.5,64.24,2017,6,2,9,Friday,23,-0.8802128218184824,25929.457666666665,26186.493222222223,26552.9723,27684.06,25145.88
2017-06-12,26205.32,1266.1,64.38,2017,6,2,12,Monday,24,0.01759494303781306,25933.759000000002,26186.949666666664,26539.647849999998,27684.06,25145.88
2017-06-13,26236.59,1265.8,64.47,2017,6,2,13,Tuesday,24,0.11932691529812356,25945.226666666666,26185.53855555556,26526.037750000003,27684.06,25145.88
2017-06-14,26336.02,1272.8,64.36,2017,6,2,14,Wednesday,24,0.3789745542389422,25959.822333333334,26185.36388888889,26514.7967,27684.06,25145.88
2017-06-15,25832.6,1252.2,64.17,2017,6,2,15,Thursday,24,-1.911526494891791,25965.090666666667,26177.30811111111,26501.438899999997,27684.06,25145.88
2017-06-16,26028.66,1254.0,64.56,2017,6,2,16,Friday,24,0.7589634802536382,25988.718,26170.255666666664,26489.23825,27684.06,25145.88
2017-06-19,25759.24,1244.2,64.39,2017,6,2,19,Monday,25,-1.0350897818020566,26005.059666666668,26158.75155555556,26475.2773,27684.06,25145.88
2017-06-20,25729.94,1241.0,64.49,2017,6,2,20,Tuesday,25,-0.1137455918730601,26018.268666666667,26149.183222222226,26462.460700000003,27684.06,25145.88
2017-06-21,25796.85,1243.4,64.53,2017,6,2,21,Wednesday,25,0.26004724457189266,26039.938000000002,26141.491444444444,26450.4194,27684.06,25145.88
2017-06-22,25888.44,1247.6,64.54,2017,6,2,22,Thursday,25,0.35504334831577555,26059.612333333334,26136.771333333334,26438.58455,27684.06,25145.88
2017-06-23,26086.84,1256.2,64.59,2017,6,2,23,Friday,25,0.7663652193797832,26083.338666666663,26134.061555555556,26427.062,27684.06,25145.88
2017-06-26,25843.99,1246.3,64.5,2017,6,2,26,Monday,26,-0.9309291581502288,26099.045666666665,26127.40266666667,26412.116300000005,27684.06,25145.88
2017-06-27,25815.33,1246.4,64.42,2017,6,2,27,Tuesday,26,-0.11089618901725107,26114.702999999998,26118.048555555553,26398.014749999995,27684.06,25145.88
2017-06-28,25890.0,1248.0,64.52,2017,6,2,28,Wednesday,26,0.2892467382752839,26130.131666666664,26108.77411111111,26384.6203,27684.06,25145.88
2017-06-29,25806.0,1244.2,64.51,2017,6,2,29,Thursday,26,-0.32444959443800325,26129.182666666668,26099.473666666665,26371.568,27684.06,25145.88
2017-06-30,25842.39,1240.7,64.79,2017,6,2,30,Friday,26,0.14101371774006832,26128.991666666665,26091.89277777778,26358.973200000004,27684.06,25145.88
2017-07-03,25297.67,1217.9,64.61,2017,7,3,3,Monday,27,-2.1078545753701605,26101.34833333333,26074.132555555552,26343.9861,27684.06,25145.88
2017-07-05,25413.21,1220.4,64.77,2017,7,3,5,Wednesday,27,0.456721903637769,26077.704333333335,26057.094,26328.7307,27684.06,25145.88
2017-07-06,25459.53,1222.2,64.79,2017,7,3,6,Thursday,27,0.18226741131874835,26058.984,26040.665666666668,26315.0687,27684.06,25145.88
2017-07-07,25145.88,1208.6,64.71,2017,7,3,7,Friday,27,-1.231955185347089,26026.30033333333,26021.634555555553,26300.47125,27684.06,25145.88
2017-07-10,25179.11,1212.1,64.61,2017,7,3,10,Monday,28,0.1321488848272434,25994.04366666667,26003.80111111111,26284.758499999996,27684.06,25145.88
2017-07-11,25210.27,1213.6,64.61,2017,7,3,11,Tuesday,28,0.12375338127519342,25957.552666666666,25989.69188888889,26269.4125,27684.06,25145.88
2017-07-12,25270.03,1218.1,64.53,2017,7,3,12,Wednesday,28,0.23704625138880608,25927.355999999996,25977.831777777777,26252.9023,27684.06,25145.88
2017-07-13,25169.88,1216.3,64.36,2017,7,3,13,Thursday,28,-0.3963192762335366,25885.477333333332,25965.413,26234.898549999998,27684.06,25145.88
2017-07-14,25407.01,1226.6,64.43,2017,7,3,14,Friday,28,0.9421181189580352,25856.574666666667,25958.341333333337,26218.72185,27684.06,25145.88
2017-07-17,25472.61,1232.8,64.27,2017,7,3,17,Monday,29,0.25819645837901195,25824.833,25953.779666666665,26202.44625,27684.06,25145.88
2017-07-18,25669.13,1241.1,64.33,2017,7,3,18,Tuesday,29,0.7714953434296623,25797.468999999997,25952.214111111112,26188.824650000002,27684.06,25145.88
2017-07-19,25661.73,1241.2,64.31,2017,7,3,19,Wednesday,29,-0.028828402053371338,25760.282333333333,25951.334222222224,26176.212399999997,27684.06,25145.88
2017-07-20,25718.96,1244.8,64.26,2017,7,3,20,Thursday,29,0.2230169205271748,25726.91066666667,25951.525,26163.871199999998,27684.06,25145.88
2017-07-21,25940.12,1254.3,64.32,2017,7,3,21,Friday,29,0.8599103540734232,25710.468666666668,25955.64388888889,26152.510749999998,27684.06,25145.88
2017-07-24,25986.71,1253.9,64.46,2017,7,3,24,Monday,30,0.1796059540202677,25703.335333333336,25962.39933333333,26142.412849999997,27684.06,25145.88
2017-07-25,25902.48,1251.7,64.37,2017,7,3,25,Tuesday,30,-0.3241272173353238,25693.240666666665,25962.69311111111,26136.79995,27684.06,25145.88
2017-07-26,25879.5,1249.0,64.45,2017,7,3,26,Wednesday,30,-0.08871737378042255,25681.337666666666,25962.90688888889,26130.78745,27684.06,25145.88
2017-07-27,26057.71,1259.6,64.34,2017,7,3,27,Thursday,30,0.6886145404663813,25672.060666666664,25963.932666666668,26127.34395,27684.06,25145.88
2017-07-28,26174.63,1268.4,64.18,2017,7,3,28,Friday,30,0.44869637431685927,25683.461666666666,25963.925333333333,26124.3326,27684.06,25145.88
2017-07-31,26112.44,1266.6,64.12,2017,7,3,31,Monday,31,-0.23759648178408588,25686.254333333334,25961.76733333333,26120.977649999997,27684.06,25145.88
2017-08-01,26263.14,1272.6,64.19,2017,8,3,1,Tuesday,31,0.5771195644681315,25703.051,25962.42444444444,26117.949,27684.06,25145.88
2017-08-02,26191.96,1271.8,64.06,2017,8,3,2,Wednesday,31,-0.2710262367713878,25718.451666666664,25961.63311111111,26114.106099999997,27684.06,25145.88
2017-08-03,25940.35,1267.8,63.64,2017,8,3,3,Thursday,31,-0.9606383027463417,25723.234999999997,25956.59288888889,26109.27795,27684.06,25145.88
2017-08-04,25768.78,1258.3,63.7,2017,8,3,4,Friday,31,-0.6614020242595053,25719.246333333333,25951.230666666663,26103.61105,27684.06,25145.88
2017-08-07,25753.83,1258.2,63.67,2017,8,3,7,Monday,32,-0.05801594021912493,25708.146,25945.852777777778,26097.024449999997,27684.06,25145.88
2017-08-08,25783.64,1256.4,63.83,2017,8,3,8,Tuesday,32,0.1157497739171065,25706.13433333333,25944.227555555557,26089.917599999997,27684.06,25145.88
2017-08-09,26072.24,1273.0,63.7,2017,8,3,9,Wednesday,32,1.1193144179797887,25714.697999999997,25945.232111111112,26084.7072,27684.06,25145.88
2017-08-10,26367.66,1283.7,63.89,2017,8,3,10,Thursday,32,1.1330825429652247,25730.62,25948.67911111111,26080.5248,27684.06,25145.88
2017-08-11,26553.69,1287.7,64.14,2017,8,3,11,Friday,32,0.7055233570214314,25755.543,25952.858666666663,26077.5498,27684.06,25145.88
2017-08-14,26457.74,1284.2,64.08,2017,8,3,14,Monday,33,-0.3613433763819507,25776.054666666667,25957.429666666667,26073.188,27684.06,25145.88
2017-08-15,26279.62,1273.7,64.17,2017,8,3,15,Tuesday,33,-0.6732245460118746,25808.786333333337,25958.927555555554,26068.80555,27684.06,25145.88
2017-08-16,26382.06,1276.9,64.26,2017,8,3,16,Wednesday,33,0.3898077673878175,25841.08133333333,25962.69544444445,26064.433999999997,27684.06,25145.88
2017-08-17,26535.94,1286.4,64.16,2017,8,3,17,Thursday,33,0.583275149855611,25876.961666666666,25970.34155555556,26059.934950000003,27684.06,25145.88
2017-08-18,26533.24,1285.7,64.19,2017,8,3,18,Friday,33,-0.010174879804514259,25923.207000000002,25971.91311111111,26056.101150000002,27684.06,25145.88
2017-08-21,26591.6,1290.8,64.08,2017,8,3,21,Monday,34,0.21995052243901636,25970.289999999997,25972.936777777777,26051.199249999998,27684.06,25145.88
2017-08-22,26507.89,1285.1,64.16,2017,8,3,22,Tuesday,34,-0.3147986582228923,26013.544,25971.18011111111,26043.665300000004,27684.06,25145.88
2017-08-23,26544.83,1288.9,64.06,2017,8,3,23,Wednesday,34,0.13935473551460742,26056.037333333334,25969.24077777778,26036.612599999997,27684.06,25145.88
2017-08-24,26473.69,1286.5,64.0,2017,8,3,24,Thursday,34,-0.2679994560146115,26099.49766666667,25966.19088888889,26029.2702,27684.06,25145.88
2017-08-25,26609.62,1292.5,64.04,2017,8,3,25,Friday,34,0.5134531680321075,26139.58466666667,25966.280999999995,26025.0803,27684.06,25145.88
2017-08-28,26947.1,1309.7,64.0,2017,8,3,28,Monday,35,1.2682631319049342,26188.734333333334,25969.65433333333,26023.206799999996,27684.06,25145.88
2017-08-29,26930.0,1313.1,63.79,2017,8,3,29,Tuesday,35,-0.06345766334781011,26230.763333333332,25971.50633333333,26022.367749999998,27684.06,25145.88
2017-08-30,26910.52,1308.1,63.99,2017,8,3,30,Wednesday,35,-0.07233568510953692,26272.38966666667,25975.912444444446,26021.6217,27684.06,25145.88
2017-08-31,27072.67,1316.2,63.98,2017,8,3,31,Thursday,35,0.602552459038308,26317.51333333333,25985.605888888887,26024.38235,27684.06,25145.88
2017-09-01,27216.01,1324.5,63.91,2017,9,3,1,Friday,35,0.5294638467502555,26360.042999999998,25997.877444444446,26027.1057,27684.06,25145.88
2017-09-05,27567.32,1339.2,64.03,2017,9,3,5,Tuesday,36,1.2908211012562232,26412.73,26015.174333333332,26031.70505,27684.06,25145.88
2017-09-06,27489.83,1333.9,64.1,2017,9,3,6,Wednesday,36,-0.2810937008022485,26465.641666666666,26030.880444444443,26036.2118,27684.06,25145.88
2017-09-07,27684.06,1345.1,64.02,2017,9,3,7,Thursday,36,0.7065522049426898,26525.79366666667,26050.786000000004,26042.57695,27684.06,25145.88
2017-09-08,27674.32,1346.0,63.95,2017,9,3,8,Friday,36,-0.03518270080328234,26579.680666666667,26070.521222222218,26048.39365,27684.06,25145.88
2017-09-11,27357.74,1331.0,63.93,2017,9,3,11,Monday,37,-1.1439486137328703,26619.11766666667,26089.223333333335,26052.385450000005,27684.06,25145.88
2017-09-12,27317.0,1328.0,63.98,2017,9,3,12,Tuesday,37,-0.14891580956614137,26659.269666666667,26111.414000000004,26058.2501,27684.06,25145.88
2017-09-13,27225.61,1323.4,63.99,2017,9,3,13,Wednesday,37,-0.3345535746970718,26691.352,26133.15422222222,26064.174249999996,27684.06,25145.88
2017-09-14,27306.66,1324.7,64.12,2017,9,3,14,Thursday,37,0.297697645709305,26728.50866666667,26155.076333333334,26069.5869,27684.06,25145.88
2017-09-15,27234.96,1320.4,64.15,2017,9,3,15,Friday,37,-0.262573306292313,26771.662333333334,26178.278444444444,26074.848649999996,27684.06,25145.88
2017-09-18,26929.52,1306.3,64.12,2017,9,3,18,Monday,38,-1.1214997194781917,26810.353666666666,26196.40411111111,26080.3689,27684.06,25145.88
2017-09-19,26967.14,1306.2,64.21,2017,9,3,19,Tuesday,38,0.13969799684510065,26850.797333333336,26214.094,26086.5449,27684.06,25145.88
2017-09-20,27122.31,1312.0,64.3,2017,9,3,20,Wednesday,38,0.5754039916728404,26895.41966666667,26233.53322222222,26093.2944,27684.06,25145.88
2017-09-21,26673.7,1290.6,64.28,2017,9,3,21,Thursday,38,-1.6540257817272974,26915.468333333334,26248.28977777778,26098.308399999998,27684.06,25145.88
2017-09-22,26945.14,1293.3,64.8,2017,9,3,22,Friday,38,1.0176315996655916,26934.717666666667,26265.156444444445,26105.3774,27684.06,25145.88
2017-09-25,27263.67,1306.8,64.89,2017,9,3,25,Monday,39,1.1821426795332934,26958.383666666665,26281.036444444446,26113.778700000003,27684.06,25145.88
2017-09-26,27215.21,1297.0,65.27,2017,9,3,26,Tuesday,39,-0.17774569601231027,26983.632666666665,26296.226333333336,26123.050100000004,27684.06,25145.88
2017-09-27,26964.87,1283.4,65.35,2017,9,3,27,Wednesday,39,-0.919853273224791,27006.47433333333,26305.536333333333,26132.244650000004,27684.06,25145.88
2017-09-28,27081.32,1285.5,65.53,2017,9,3,28,Thursday,39,0.4318581917880593,27029.783,26316.189555555557,26141.47525,27684.06,25145.88
2017-09-29,26929.07,1281.5,65.36,2017,9,3,29,Friday,39,-0.5621956389127214,27042.887333333332,26326.277666666665,26150.7611,27684.06,25145.88
2017-10-02,26716.86,1272.7,65.29,2017,10,4,2,Monday,40,-0.7880331552482134,27049.007999999998,26332.838444444445,26158.546150000002,27684.06,25145.88
2017-10-03,26805.48,1271.5,65.57,2017,10,4,3,Tuesday,40,0.3317006564394154,27056.137333333332,26340.157,26169.617299999998,27684.06,25145.88
2017-10-04,26799.19,1273.7,65.44,2017,10,4,4,Wednesday,40,-0.023465351114770883,27065.84733333333,26345.647999999997,26179.793700000002,27684.06,25145.88
2017-10-05,26546.29,1269.9,65.02,2017,10,4,5,Thursday,40,-0.94368523824786,27065.896,26349.76311111111,26188.1568,27684.06,25145.88
2017-10-06,26659.71,1271.6,65.21,2017,10,4,6,Friday,40,0.42725367650242596,27072.096666666665,26352.35722222222,26198.05895,27684.06,25145.88
2017-10-09,26957.71,1281.8,65.41,2017,10,4,9,Monday,41,1.1177916038846547,27083.699666666667,26359.953,26209.39145,27684.06,25145.88
2017-10-10,27142.95,1290.6,65.41,2017,10,4,10,Tuesday,41,0.6871503551303171,27090.228,26367.931777777783,26222.030949999997,27684.06,25145.88
2017-10-11,26969.37,1285.8,65.24,2017,10,4,11,Wednesday,41,-0.6395030753842179,27091.54033333333,26373.257555555552,26233.441799999997,27684.06,25145.88
2017-10-12,27112.75,1293.3,65.21,2017,10,4,12,Thursday,41,0.5316401532553527,27098.281333333332,26376.98444444444,26245.1013,27684.06,25145.88
2017-10-13,27217.95,1301.5,65.05,2017,10,4,13,Friday,41,0.38800933140312743,27103.124000000003,26382.516,26256.69905,27684.06,25145.88
2017-10-16,27028.61,1299.9,64.67,2017,10,4,16,Monday,42,-0.6956438673742849,27096.877333333334,26389.129666666668,26265.0521,27684.06,25145.88
2017-10-17,26686.12,1283.0,64.69,2017,10,4,17,Tuesday,42,-1.267138783681443,27067.504,26394.523111111113,26272.89725,27684.06,25145.88
2017-10-18,26717.97,1279.9,64.93,2017,10,4,18,Wednesday,42,0.11935043385851163,27041.775333333335,26400.219222222222,26279.391150000003,27684.06,25145.88
2017-10-19,26910.19,1286.9,65.04,2017,10,4,19,Thursday,42,0.7194408856660894,27015.979666666663,26407.703666666668,26286.219499999996,27684.06,25145.88
2017-10-20,26655.89,1277.4,64.9,2017,10,4,20,Friday,42,-0.9449951858385264,26982.032,26411.257777777773,26290.7602,27684.06,25145.88
2017-10-23,26744.1,1277.7,65.1,2017,10,4,23,Monday,43,0.3309212335435019,26961.577333333335,26421.385555555553,26296.880400000002,27684.06,25145.88
2017-10-24,26659.22,1275.0,65.03,2017,10,4,24,Tuesday,43,-0.31737841243488774,26939.651333333335,26428.39177777778,26300.533900000002,27684.06,25145.88
2017-10-25,26685.87,1275.4,65.08,2017,10,4,25,Wednesday,43,0.09996541534222914,26921.66,26438.68766666666,26304.330799999996,27684.06,25145.88
2017-10-26,26397.96,1266.3,64.84,2017,10,4,26,Thursday,43,-1.0788855675306852,26891.37,26446.110111111113,26305.01545,27684.06,25145.88
2017-10-27,26345.94,1268.5,64.6,2017,10,4,27,Friday,43,-0.1970606819617915,26861.736,26452.21111111111,26305.42065,27684.06,25145.88
2017-10-30,26574.24,1274.1,64.87,2017,10,4,30,Monday,44,0.8665471795654467,26849.893333333333,26459.83111111111,26307.38185,27684.06,25145.88
2017-10-31,26413.53,1267.0,64.84,2017,10,4,31,Tuesday,44,-0.604758593284338,26831.439666666665,26463.461000000003,26306.778499999997,27684.06,25145.88
2017-11-01,26490.96,1274.1,64.67,2017,11,4,1,Wednesday,44,0.29314521762142665,26810.394666666667,26470.649555555556,26307.018800000005,27684.06,25145.88
2017-11-02,26460.46,1274.9,64.56,2017,11,4,2,Thursday,44,-0.11513361539181588,26803.286666666667,26477.81766666667,26307.66555,27684.06,25145.88
2017-11-03,26263.89,1266.5,64.5,2017,11,4,3,Friday,44,-0.7428820209474774,26780.57833333333,26481.972,26307.1652,27684.06,25145.88
2017-11-06,26610.75,1279.4,64.69,2017,11,4,6,Monday,45,1.3206726040963401,26758.814333333336,26490.913666666667,26307.25355,27684.06,25145.88
2017-11-07,26450.21,1273.7,64.59,2017,11,4,7,Tuesday,45,-0.6032900237685879,26733.314333333332,26497.667222222226,26307.10375,27684.06,25145.88
2017-11-08,26850.62,1281.6,65.16,2017,11,4,8,Wednesday,45,1.5138254100818038,26729.505999999998,26514.922222222223,26310.16045,27684.06,25145.88
2017-11-09,26829.44,1285.6,64.91,2017,11,4,9,Thursday,45,-0.07888086010676698,26721.11,26530.65811111111,26314.3321,27684.06,25145.88
2017-11-10,26577.49,1272.4,64.97,2017,11,4,10,Friday,45,-0.9390803535220926,26709.390666666666,26543.07988888889,26317.060849999998,27684.06,25145.88
2017-11-13,26758.81,1277.3,65.16,2017,11,4,13,Monday,46,0.682231467305594,26710.788999999997,26561.001333333334,26320.2123,27684.06,25145.88
2017-11-14,26961.37,1281.5,65.44,2017,11,4,14,Tuesday,46,0.7569843352525751,26715.98533333333,26580.804222222225,26323.2519,27684.06,25145.88
2017-11-15,26845.92,1276.5,65.41,2017,11,4,15,Wednesday,46,-0.4282052432795558,26717.543,26598.978111111115,26326.660300000003,27684.06,25145.88
2017-11-16,26864.85,1277.4,65.41,2017,11,4,16,Thursday,46,0.07051350819788915,26728.161666666667,26616.698333333334,26329.1666,27684.06,25145.88
2017-11-17,27167.08,1295.8,65.21,2017,11,4,17,Friday,46,1.1250016285220488,26745.074000000004,26638.88944444444,26333.243300000002,27684.06,25145.88
2017-11-20,26597.62,1274.6,64.9,2017,11,4,20,Monday,47,-2.0961398869514203,26733.071,26652.11844444444,26333.4433,27684.06,25145.88
2017-11-21,26782.69,1281.1,65.03,2017,11,4,21,Tuesday,47,0.6958141367535919,26721.06233333333,26666.674888888887,26334.039849999997,27684.06,25145.88
2017-11-22,26892.69,1291.6,64.76,2017,11,4,22,Wednesday,47,0.4107130389068514,26718.506333333335,26680.269999999997,26334.53025,27684.06,25145.88
2017-11-24,26715.42,1286.7,64.58,2017,11,4,24,Friday,47,-0.6591754116081372,26705.262,26691.97766666667,26335.1519,27684.06,25145.88
2017-11-27,26848.53,1293.8,64.54,2017,11,4,27,Monday,48,0.4982515715642899,26692.947999999997,26704.528444444444,26336.949,27684.06,25145.88
2017-11-28,26820.96,1294.7,64.43,2017,11,4,28,Tuesday,48,-0.10268718622583606,26686.02633333333,26714.315555555553,26339.487549999998,27684.06,25145.88
2017-11-29,26574.82,1282.1,64.47,2017,11,4,29,Wednesday,48,-0.9177151004289175,26682.316333333332,26720.850111111107,26340.708049999997,27684.06,25145.88
2017-11-30,26367.75,1273.2,64.41,2017,11,4,30,Thursday,48,-0.7791962466725977,26670.642333333333,26726.019777777776,26340.330349999997,27684.06,25145.88
2017-12-01,26518.51,1278.8,64.5,2017,12,4,1,Friday,48,0.5717590617326129,26657.586333333336,26733.11988888889,26339.636899999998,27684.06,25145.88
2017-12-04,26429.12,1274.3,64.51,2017,12,4,4,Monday,49,-0.3370853038123123,26650.027333333335,26737.24666666667,26338.159000000003,27684.06,25145.88
2017-12-05,26101.8,1261.6,64.35,2017,12,4,5,Tuesday,49,-1.2384824012301565,26628.61733333333,26736.437444444447,26335.452800000003,27684.06,25145.88
2017-12-06,26128.86,1262.8,64.36,2017,12,4,6,Wednesday,49,0.10367101119463928,26610.938666666665,26736.61988888889,26333.47375,27684.06,25145.88
2017-12-07,25923.48,1249.8,64.52,2017,12,4,7,Thursday,49,-0.786027404180667,26585.525666666665,26732.84588888889,26328.610699999997,27684.06,25145.88
2017-12-08,25838.95,1245.2,64.54,2017,12,4,8,Friday,49,-0.3260750485660102,26566.892,26728.923555555557,26323.072050000002,27684.06,25145.88
2017-12-11,25780.08,1243.7,64.47,2017,12,4,11,Monday,50,-0.22783433537353348,26548.029999999995,26727.14277777778,26317.28205,27684.06,25145.88
2017-12-12,25623.31,1238.5,64.35,2017,12,4,12,Tuesday,50,-0.6081051726759545,26516.332333333332,26725.526444444447,26311.1052,27684.06,25145.88
2017-12-13,25846.15,1245.4,64.55,2017,12,4,13,Wednesday,50,0.8696768684451683,26497.41966666667,26726.552222222224,26306.415350000003,27684.06,25145.88
2017-12-14,25927.76,1253.8,64.32,2017,12,4,14,Thursday,50,0.31575302317752296,26478.64633333333,26728.153555555553,26303.653650000004,27684.06,25145.88
2017-12-15,25919.96,1254.3,64.28,2017,12,4,15,Friday,50,-0.030083586086881997,26460.629666666668,26726.46155555555,26301.56625,27684.06,25145.88
2017-12-18,26000.95,1262.2,64.07,2017,12,4,18,Monday,51,0.31246190194738066,26451.864999999998,26722.387000000002,26300.133149999998,27684.06,25145.88
2017-12-19,26021.85,1260.7,64.2,2017,12,4,19,Tuesday,51,0.0803816783617517,26432.234999999997,26716.47766666667,26300.0251,27684.06,25145.88
2017-12-20,26071.23,1266.1,64.05,2017,12,4,20,Wednesday,51,0.1897636025109728,26419.602333333336,26712.18311111111,26300.96545,27684.06,25145.88
2017-12-21,26062.29,1267.3,63.97,2017,12,4,21,Thursday,51,-0.03429067213168713,26393.324666666667,26709.768333333333,26302.22675,27684.06,25145.88
2017-12-22,26247.2,1275.4,64.01,2017,12,4,22,Friday,51,0.7094925273258834,26373.916666666668,26708.269888888884,26304.758149999998,27684.06,25145.88
2017-12-26,26426.57,1284.1,64.01,2017,12,4,26,Tuesday,52,0.6833871803468616,26368.886,26707.054666666667,26308.38205,27684.06,25145.88
2017-12-27,26493.58,1287.0,64.03,2017,12,4,27,Wednesday,52,0.253570554180893,26360.045,26706.614,26313.00285,27684.06,25145.88
2017-12-28,26675.85,1294.1,64.11,2017,12,4,28,Thursday,52,0.6879779931590946,26350.52766666667,26707.550111111108,26319.488499999996,27684.06,25145.88
2017-12-29,26905.07,1306.3,64.06,2017,12,4,29,Friday,52,0.8592790857648414,26352.499333333333,26711.96322222222,26324.633649999996,27684.06,25145.88
2018-01-02,26975.38,1313.7,63.87,2018,1,1,2,Tuesday,1,0.2613262110078285,26356.183666666668,26716.747111111108,26330.20925,29434.15,26460.35
2018-01-03,26854.23,1316.2,63.46,2018,1,1,3,Wednesday,1,-0.4491132284327515,26345.75533333333,26720.975333333332,26334.65345,29434.15,26460.35
2018-01-04,26902.17,1319.4,63.42,2018,1,1,4,Thursday,1,0.17851936175417027,26355.907,26724.22588888889,26338.28785,29434.15,26460.35
2018-01-05,26899.51,1320.3,63.37,2018,1,1,5,Friday,1,-0.009887678205888761,26359.801,26723.697111111112,26341.252099999998,29434.15,26460.35
2018-01-08,26820.53,1318.6,63.26,2018,1,1,8,Monday,2,-0.2936112962652504,26357.395666666664,26722.48077777778,26344.33475,29434.15,26460.35
2018-01-09,26759.04,1311.7,63.45,2018,1,1,9,Tuesday,2,-0.22926467150350405,26358.849666666665,26720.797666666665,26346.81405,29434.15,26460.35
2018-01-10,26953.3,1317.4,63.64,2018,1,1,10,Wednesday,2,0.7259602736122028,26362.342,26719.47133333333,26349.610699999997,29434.15,26460.35
2018-01-11,27071.38,1320.6,63.76,2018,1,1,11,Thursday,2,0.4380910686261119,26370.689333333336,26717.864333333335,26353.7107,29434.15,26460.35
2018-01-12,27296.09,1333.4,63.67,2018,1,1,12,Friday,2,0.8300648138366062,26394.731666666667,26714.85066666667,26359.001949999998,29434.15,26460.35
2018-01-16,27272.24,1335.4,63.52,2018,1,1,16,Tuesday,3,-0.08737515153268705,26424.88133333333,26712.433,26365.7136,29434.15,26460.35
2018-01-17,27528.86,1338.0,63.99,2018,1,1,17,Wednesday,3,0.9409568117616951,26458.559666666664,26710.708555555557,26373.44875,29434.15,26460.35
2018-01-18,27209.78,1326.0,63.83,2018,1,1,18,Thursday,3,-1.1590745130746538,26484.581666666665,26705.547,26379.210499999997,29434.15,26460.35
2018-01-19,27349.09,1331.9,63.87,2018,1,1,19,Friday,3,0.5119850289124095,26526.158,26705.45088888889,26385.068299999995,29434.15,26460.35
2018-01-22,27313.37,1330.9,63.83,2018,1,1,22,Monday,4,-0.13060763630526884,26565.641666666666,26705.41055555555,26391.4034,29434.15,26460.35
2018-01-23,27432.49,1335.7,63.88,2018,1,1,23,Tuesday,4,0.4361234076937448,26615.942,26707.709222222224,26397.8418,29434.15,26460.35
2018-01-24,27790.86,1355.9,63.75,2018,1,1,24,Wednesday,4,1.3063706575669798,26681.005666666668,26713.08922222222,26406.581350000004,29434.15,26460.35
2018-01-25,27848.48,1362.4,63.58,2018,1,1,25,Thursday,4,0.20733435381272702,26749.952333333335,26719.906111111108,26416.5848,29434.15,26460.35
2018-01-26,27625.64,1351.6,63.57,2018,1,1,26,Friday,4,-0.8001872992709158,26816.696666666667,26727.64077777778,26422.754000000004,29434.15,26460.35
2018-01-30,27335.87,1335.4,63.67,2018,1,1,30,Tuesday,5,-1.0489168757719325,26866.354,26731.73777777778,26426.936,29434.15,26460.35
2018-01-31,27452.83,1339.0,63.77,2018,1,1,31,Wednesday,5,0.42786273127579655,26917.18966666667,26735.41022222222,26430.870199999994,29434.15,26460.35
2018-02-01,27516.15,1344.3,63.67,2018,2,1,1,Thursday,5,0.2306501734065325,26970.396,26744.77077777778,26434.8541,29434.15,26460.35
2018-02-02,27432.11,1333.7,63.97,2018,2,1,2,Friday,5,-0.3054206347908428,27018.101333333336,26750.181555555555,26438.27375,29434.15,26460.35
2018-02-05,27485.21,1333.0,64.13,2018,2,1,5,Monday,6,0.1935687776113415,27066.88,26752.64311111111,26442.69225,29434.15,26460.35
2018-02-06,27420.62,1326.1,64.31,2018,2,1,6,Tuesday,6,-0.23499911406899,27111.859666666664,26754.925444444445,26446.57785,29434.15,26460.35
2018-02-07,26979.65,1311.6,63.98,2018,2,1,7,Wednesday,6,-1.6081693265870611,27142.438333333335,26755.089666666663,26447.659499999998,29434.15,26460.35
2018-02-08,27181.82,1316.9,64.2,2018,2,1,8,Thursday,6,0.7493425600406223,27173.592333333334,26756.20633333333,26450.99875,29434.15,26460.35
2018-02-09,27204.92,1313.1,64.44,2018,2,1,9,Friday,6,0.08498327190746835,27199.537333333334,26759.271333333338,26456.02205,29434.15,26460.35
2018-02-12,27337.31,1324.2,64.21,2018,2,1,12,Monday,7,0.4866399166033375,27227.66166666667,26766.16522222222,26462.150749999997,29434.15,26460.35
2018-02-13,27448.65,1328.1,64.28,2018,2,1,13,Tuesday,7,0.40728220882011446,27253.421666666665,26773.311555555556,26469.341,29434.15,26460.35
2018-02-14,28000.39,1355.5,64.25,2018,2,1,14,Wednesday,7,2.010080641488732,27289.932333333334,26786.65822222222,26478.961549999996,29434.15,26460.35
2018-02-15,27832.39,1352.1,64.03,2018,2,1,15,Thursday,7,-0.5999916429735408,27318.499333333333,26800.94822222222,26488.660700000004,29434.15,26460.35
2018-02-16,27796.6,1353.2,63.89,2018,2,1,16,Friday,7,-0.12859118458745655,27349.911666666667,26813.58033333333,26498.15295,29434.15,26460.35
2018-02-20,27557.75,1328.8,64.5,2018,2,1,20,Tuesday,8,-0.8592777533942941,27371.764333333333,26820.247444444445,26507.56895,29434.15,26460.35
2018-02-21,27736.57,1330.0,64.86,2018,2,1,21,Wednesday,8,0.6488918725222392,27399.666333333334,26826.843222222218,26519.6526,29434.15,26460.35
2018-02-22,27761.92,1330.6,64.89,2018,2,1,22,Thursday,8,0.09139558352022625,27431.045999999995,26835.64933333333,26532.11725,29434.15,26460.35
2018-02-23,27735.93,1328.2,64.95,2018,2,1,23,Friday,8,-0.09361744432661023,27463.609,26842.57355555556,26544.12855,29434.15,26460.35
2018-02-26,27681.86,1330.7,64.7,2018,2,1,26,Monday,9,-0.19494568958026148,27487.894333333334,26847.728111111108,26556.804,29434.15,26460.35
2018-02-27,27398.4,1315.5,64.78,2018,2,1,27,Tuesday,9,-1.023991884938369,27498.795,26851.836888888887,26567.304949999998,29434.15,26460.35
2018-02-28,27453.22,1315.5,64.91,2018,2,1,28,Wednesday,9,0.2000846764774522,27504.032666666666,26860.36022222222,26577.6958,29434.15,26460.35
2018-03-01,27328.5,1302.9,65.24,2018,3,1,1,Thursday,9,-0.4543000784607454,27505.908,26867.14388888889,26587.4744,29434.15,26460.35
2018-03-02,27672.02,1321.1,65.15,2018,3,1,2,Friday,9,1.2570027626836566,27510.68,26875.608666666663,26599.10645,29434.15,26460.35
2018-03-05,27624.73,1318.1,65.19,2018,3,1,5,Monday,10,-0.17089464375928953,27524.511666666665,26886.373555555558,26610.094399999998,29434.15,26460.35
2018-03-06,27871.12,1333.6,65.0,2018,3,1,6,Tuesday,10,0.8919182196531761,27541.912666666667,26898.896,26620.27765,29434.15,26460.35
2018-03-07,27663.81,1326.0,64.89,2018,3,1,7,Wednesday,10,-0.7438165384096473,27553.594,26910.05811111111,26629.356099999997,29434.15,26460.35
2018-03-08,27537.06,1319.9,64.89,2018,3,1,8,Thursday,10,-0.4581798385688729,27557.07966666667,26919.515777777782,26636.40655,29434.15,26460.35
2018-03-09,27673.91,1322.4,65.09,2018,3,1,9,Friday,10,0.4969666333297651,27553.18133333333,26933.692999999996,26644.163449999996,29434.15,26460.35
2018-03-12,27557.89,1319.4,64.96,2018,3,1,12,Monday,11,-0.41923963762258154,27543.495,26947.15911111111,26651.847200000004,29434.15,26460.35
2018-03-13,27685.39,1325.9,64.95,2018,3,1,13,Tuesday,11,0.4626624171879534,27545.486666666668,26959.505222222226,26659.6422,29434.15,26460.35
2018-03-14,27604.08,1324.4,64.83,2018,3,1,14,Wednesday,11,-0.29369281054013596,27554.427,26972.733555555555,26666.92855,29434.15,26460.35
2018-03-15,27449.35,1316.8,64.84,2018,3,1,15,Thursday,11,-0.5605330806170761,27554.310999999998,26983.38233333333,26672.650299999998,29434.15,26460.35
2018-03-16,27409.58,1311.3,65.01,2018,3,1,16,Friday,11,-0.14488503370753136,27550.75866666667,26993.92811111111,26678.81855,29434.15,26460.35
2018-03-19,27545.97,1316.8,65.07,2018,3,1,19,Monday,12,0.49759974432297405,27554.554,27008.17344444445,26684.417200000004,29434.15,26460.35
2018-03-20,27487.89,1311.1,65.21,2018,3,1,20,Tuesday,12,-0.21084753958565683,27554.643333333333,27017.919444444444,26690.4862,29434.15,26460.35
2018-03-21,27698.63,1320.7,65.23,2018,3,1,21,Wednesday,12,0.7666648840634949,27563.910333333337,27031.790777777776,26696.85505,29434.15,26460.35
2018-03-22,27751.22,1326.6,65.07,2018,3,1,22,Thursday,12,0.18986498610220615,27589.629333333334,27041.797444444444,26703.1609,29434.15,26460.35
2018-03-23,28267.04,1349.3,65.16,2018,3,1,23,Friday,12,1.8587290937119194,27625.803333333337,27057.77077777778,26710.60945,29434.15,26460.35
2018-03-26,28310.74,1354.4,65.01,2018,3,1,26,Monday,13,0.15459701475641907,27662.664,27077.02911111111,26718.562599999997,29434.15,26460.35
2018-03-27,27898.92,1341.3,64.69,2018,3,1,27,Tuesday,13,-1.4546423018261034,27681.38433333333,27089.697,26725.8903,29434.15,26460.35
2018-03-28,27628.6,1324.2,64.9,2018,3,1,28,Wednesday,13,-0.9689263957171068,27687.38266666667,27097.110666666667,26733.02975,29434.15,26460.35
2018-03-29,27707.29,1322.8,65.15,2018,3,1,29,Thursday,13,0.2848135627574466,27677.612666666668,27106.681444444446,26740.5396,29434.15,26460.35
2018-04-02,28092.69,1342.1,65.11,2018,4,2,2,Monday,14,1.390969668993236,27686.289333333334,27120.32411111111,26749.820099999997,29434.15,26460.35
2018-04-03,27912.81,1332.8,65.14,2018,4,2,3,Tuesday,14,-0.6403089202208778,27690.163,27128.610000000004,26757.704049999997,29434.15,26460.35
2018-04-04,27874.71,1335.8,64.9,2018,4,2,4,Wednesday,14,-0.13649646882560873,27700.728333333336,27142.79988888889,26767.914600000004,29434.15,26460.35
2018-04-05,27673.05,1324.3,65.0,2018,4,2,5,Thursday,14,-0.7234514726789931,27698.610999999997,27152.69277777778,26776.136550000003,29434.15,26460.35
2018-04-06,27774.7,1331.9,64.86,2018,4,2,6,Friday,14,0.3673248882938518,27699.037000000004,27162.492888888894,26786.213850000004,29434.15,26460.35
2018-04-09,27884.93,1336.3,64.9,2018,4,2,9,Monday,15,0.3968719734146475,27704.003666666667,27175.48744444444,26796.9888,29434.15,26460.35
2018-04-10,27988.99,1342.0,64.87,2018,4,2,10,Tuesday,15,0.3731764791950365,27714.24133333333,27188.159222222224,26807.949500000002,29434.15,26460.35
2018-04-11,28315.52,1356.5,64.93,2018,4,2,11,Wednesday,15,1.1666373098850658,27744.811999999998,27204.765444444445,26820.084899999998,29434.15,26460.35
2018-04-12,28051.6,1338.4,65.19,2018,4,2,12,Thursday,15,-0.9320683497954563,27764.757999999998,27221.174111111115,26829.908699999996,29434.15,26460.35
2018-04-13,28222.79,1344.8,65.28,2018,4,2,13,Friday,15,0.6102682199945919,27794.567666666666,27241.78566666667,26841.802699999997,29434.15,26460.35
2018-04-16,28244.76,1347.5,65.2,2018,4,2,16,Monday,16,0.0778448906008089,27813.659,27260.96622222222,26853.949850000005,29434.15,26460.35
2018-04-17,28339.69,1347.2,65.43,2018,4,2,17,Tuesday,16,0.33609773989937697,27837.490999999998,27282.194777777775,26866.1983,29434.15,26460.35
2018-04-18,28530.57,1351.2,65.68,2018,4,2,18,Wednesday,16,0.6735430062925873,27859.47266666667,27309.18111111111,26879.821150000003,29434.15,26460.35
2018-04-19,28582.72,1346.8,66.01,2018,4,2,19,Thursday,16,0.18278639368229932,27890.103,27336.446222222225,26893.5228,29434.15,26460.35
2018-04-20,28413.41,1336.7,66.11,2018,4,2,20,Friday,16,-0.5923509029231666,27919.31466666667,27364.112111111113,26909.1015,29434.15,26460.35
2018-04-23,28146.48,1322.5,66.2,2018,4,2,23,Monday,17,-0.9394507734200142,27935.067,27389.751333333334,26922.76785,29434.15,26460.35
2018-04-24,28484.9,1331.4,66.54,2018,4,2,24,Tuesday,17,1.202352834173226,27965.967333333334,27419.804888888888,26937.894699999997,29434.15,26460.35
2018-04-25,28211.07,1321.2,66.41,2018,4,2,25,Wednesday,17,-0.9613163465555519,27983.489999999998,27448.557777777776,26953.22065,29434.15,26460.35
2018-04-26,28315.34,1316.3,66.91,2018,4,2,26,Thursday,17,0.36960668276673214,28007.198666666667,27475.993222222223,26968.901800000003,29434.15,26460.35
2018-04-27,28398.11,1320.3,66.9,2018,4,2,27,Friday,17,0.2923150490158344,28038.824000000004,27503.441555555557,26984.841,29434.15,26460.35
2018-04-30,28187.21,1316.2,66.61,2018,4,2,30,Monday,18,-0.7426550569738621,28064.745,27528.633222222226,26999.4269,29434.15,26460.35
2018-05-01,27854.59,1303.8,66.45,2018,5,2,1,Tuesday,18,-1.1800387480704888,28075.032333333333,27549.22922222222,27012.850449999998,29434.15,26460.35
2018-05-02,27970.79,1302.6,66.79,2018,5,2,2,Wednesday,18,0.4171664346881432,28091.129,27570.88411111111,27025.66935,29434.15,26460.35
2018-05-03,28267.48,1310.7,67.08,2018,5,2,3,Thursday,18,1.0607136945363305,28110.090666666667,27595.286888888888,27039.643699999997,29434.15,26460.35
2018-05-04,28133.36,1312.7,66.66,2018,5,2,4,Friday,18,-0.4744674799451509,28122.828666666665,27618.298777777778,27051.96485,29434.15,26460.35
2018-05-07,28186.13,1312.2,66.81,2018,5,2,7,Monday,19,0.18757091225505285,28120.131666666664,27639.842444444446,27064.58685,29434.15,26460.35
2018-05-08,28311.88,1312.0,67.12,2018,5,2,8,Tuesday,19,0.44614141778243077,28120.169666666665,27660.79033333333,27077.55145,29434.15,26460.35
2018-05-09,28315.2,1311.3,67.16,2018,5,2,9,Wednesday,19,0.011726526108479796,28134.04566666667,27681.030555555557,27089.42685,29434.15,26460.35
2018-05-10,28714.62,1320.8,67.62,2018,5,2,10,Thursday,19,1.4106204441430625,28170.246333333333,27703.683555555555,27103.0664,29434.15,26460.35
2018-05-11,28577.94,1319.0,67.39,2018,5,2,11,Friday,19,-0.4759944585719711,28199.268,27722.271,27116.443699999996,29434.15,26460.35
2018-05-14,28520.48,1316.5,67.38,2018,5,2,14,Monday,20,-0.201064177473953,28213.527666666665,27739.43877777778,27129.6486,29434.15,26460.35
2018-05-15,28045.13,1288.9,67.68,2018,5,2,15,Tuesday,20,-1.6666970541870163,28217.938333333335,27752.671000000002,27139.5857,29434.15,26460.35
2018-05-16,28397.8,1290.2,68.46,2018,5,2,16,Wednesday,20,1.2575088794382516,28235.374666666667,27769.289111111113,27150.701549999998,29434.15,26460.35
2018-05-17,28188.11,1288.2,68.06,2018,5,2,17,Thursday,20,-0.7384022705984261,28252.543333333335,27783.606888888884,27161.0799,29434.15,26460.35
2018-05-18,28265.06,1290.2,68.14,2018,5,2,18,Friday,20,0.27298744044919054,28268.888666666662,27799.65722222222,27171.0895,29434.15,26460.35
2018-05-21,28196.61,1290.2,67.97,2018,5,2,21,Monday,21,-0.24217178382073268,28279.278000000002,27815.630222222226,27181.11275,29434.15,26460.35
2018-05-22,28405.9,1291.7,68.4,2018,5,2,22,Tuesday,21,0.7422523487752741,28293.175,27831.770222222225,27193.440500000004,29434.15,26460.35
2018-05-23,28365.55,1289.3,68.43,2018,5,2,23,Wednesday,21,-0.1420479548262965,28294.842666666667,27846.149888888885,27206.42435,29434.15,26460.35
2018-05-24,28774.58,1303.7,68.65,2018,5,2,24,Thursday,21,1.441995660228712,28318.942,27862.577555555556,27221.5281,29434.15,26460.35
2018-05-25,28602.37,1303.3,68.26,2018,5,2,25,Friday,21,-0.5984796302847983,28331.594666666664,27877.356777777775,27235.621750000002,29434.15,26460.35
2018-05-29,28143.46,1298.7,67.4,2018,5,2,29,Tuesday,22,-1.604447463619274,28328.218,27884.185666666664,27245.977850000003,29434.15,26460.35
2018-05-30,28508.43,1301.5,68.13,2018,5,2,30,Wednesday,22,1.29681993614148,28333.842666666667,27898.615111111114,27256.6817,29434.15,26460.35
2018-05-31,28185.17,1300.1,67.43,2018,5,2,31,Thursday,22,-1.1339102153292924,28322.329333333335,27907.904888888886,27264.8391,29434.15,26460.35
2018-06-01,28072.35,1294.8,67.43,2018,6,2,1,Friday,22,-0.40028142459314076,28305.317,27916.338000000003,27272.91215,29434.15,26460.35
2018-06-04,27823.47,1293.1,66.93,2018,6,2,4,Monday,23,-0.8865663188154849,28285.65233333333,27920.68222222222,27280.631400000002,29434.15,26460.35
2018-06-05,27974.46,1297.5,67.06,2018,6,2,5,Tuesday,23,0.5426713490445323,28279.918333333335,27922.722222222223,27288.5934,29434.15,26460.35
2018-06-06,27978.34,1297.1,67.09,2018,6,2,6,Wednesday,23,0.0138697940907484,28263.033,27924.16511111111,27295.8054,29434.15,26460.35
2018-06-07,27904.34,1298.7,66.83,2018,6,2,7,Thursday,23,-0.26449031643764886,28252.808666666668,27927.261777777778,27302.6609,29434.15,26460.35
2018-06-08,28133.47,1298.1,67.41,2018,6,2,8,Friday,23,0.8211267494590446,28246.74633333333,27936.123999999996,27310.37025,29434.15,26460.35
2018-06-11,28192.56,1298.9,67.51,2018,6,2,11,Monday,24,0.21003452471379802,28239.894666666667,27944.343222222225,27318.793599999997,29434.15,26460.35
2018-06-12,28101.76,1295.1,67.49,2018,6,2,12,Tuesday,24,-0.3220707874701745,28237.046333333335,27950.85,27326.578250000002,29434.15,26460.35
2018-06-13,28315.94,1296.9,67.91,2018,6,2,13,Wednesday,24,0.7621586690655713,28252.424666666666,27960.670333333335,27335.789500000003,29434.15,26460.35
2018-06-14,28416.45,1304.0,67.78,2018,6,2,14,Thursday,24,0.3549590795855595,28267.280000000002,27971.017444444442,27344.82365,29434.15,26460.35
2018-06-15,27919.2,1274.6,68.13,2018,6,2,15,Friday,24,-1.7498667145262714,28255.670666666665,27976.55722222222,27349.68415,29434.15,26460.35
2018-06-18,27921.43,1276.2,68.05,2018,6,2,18,Monday,25,0.007987334880654728,28248.606333333337,27987.021444444446,27354.641300000003,29434.15,26460.35
2018-06-19,27891.9,1275.6,68.01,2018,6,2,19,Tuesday,25,-0.10576105879963604,28238.798666666666,27994.911222222225,27359.548199999997,29434.15,26460.35
2018-06-20,27812.03,1271.2,68.05,2018,6,2,20,Wednesday,25,-0.286355536912164,28222.137,28001.656888888883,27363.245,29434.15,26460.35
2018-06-21,27846.74,1267.2,68.35,2018,6,2,21,Thursday,25,0.12480210901542055,28206.521666666664,28007.317222222224,27366.398650000003,29434.15,26460.35
2018-06-22,27639.25,1267.4,67.83,2018,6,2,22,Friday,25,-0.7451141498071245,28170.675999999996,28009.434999999998,27366.7583,29434.15,26460.35
2018-06-25,27610.13,1265.6,67.85,2018,6,2,25,Monday,26,-0.10535741744077676,28138.415666666664,28005.09877777778,27367.3598,29434.15,26460.35
2018-06-26,27609.77,1256.6,68.34,2018,6,2,26,Tuesday,26,-0.0013038692682765252,28108.058666666668,28002.62522222222,27366.98835,29434.15,26460.35
2018-06-27,27536.35,1252.8,68.36,2018,6,2,27,Wednesday,26,-0.2659203607998206,28091.09933333333,27999.733555555555,27366.2985,29434.15,26460.35
2018-06-28,27777.48,1247.8,69.24,2018,6,2,28,Thursday,26,0.8756788753774503,28070.422,28002.175,27368.397199999996,29434.15,26460.35
2018-06-29,27677.05,1251.3,68.8,2018,6,2,29,Friday,26,-0.36155187583610804,28053.386666666665,28001.513666666666,27370.197449999996,29434.15,26460.35
2018-07-02,27278.51,1239.8,68.43,2018,7,3,2,Monday,27,-1.4399656032705876,28020.501666666667,27996.14244444445,27370.461950000004,29434.15,26460.35
2018-07-03,27642.68,1251.6,68.69,2018,7,3,3,Tuesday,27,1.3350069340297699,28002.037333333334,27995.106333333333,27372.142050000002,29434.15,26460.35
2018-07-05,27883.86,1257.3,68.98,2018,7,3,5,Thursday,27,0.8724913792729216,27984.636000000002,27997.35077777778,27375.386550000003,29434.15,26460.35
2018-07-06,27853.62,1254.3,69.07,2018,7,3,6,Friday,27,-0.10844983442034328,27967.571666666667,28002.40877777778,27380.007049999997,29434.15,26460.35
2018-07-09,27810.59,1258.1,68.75,2018,7,3,9,Monday,28,-0.15448620322959794,27935.43866666667,28006.37955555556,27384.2243,29434.15,26460.35
2018-07-10,27677.16,1253.8,68.66,2018,7,3,10,Tuesday,28,-0.4797812631806786,27904.598333333335,28010.253555555555,27386.99855,29434.15,26460.35
2018-07-11,27530.32,1242.8,68.9,2018,7,3,11,Wednesday,28,-0.5305457640885081,27884.16033333333,28008.679111111112,27391.28165,29434.15,26460.35
2018-07-12,27507.0,1245.0,68.72,2018,7,3,12,Thursday,28,-0.08470660711535904,27850.779333333332,28007.371000000003,27394.090949999998,29434.15,26460.35
2018-07-13,27315.96,1239.6,68.54,2018,7,3,13,Friday,28,-0.6945141236776142,27821.805666666663,28001.202555555556,27394.352399999996,29434.15,26460.35
2018-07-16,27261.69,1238.1,68.49,2018,7,3,16,Monday,29,-0.19867506029441762,27794.783666666666,27996.734555555555,27394.5848,29434.15,26460.35
2018-07-17,27080.59,1225.7,68.72,2018,7,3,17,Tuesday,29,-0.6643021764241253,27770.021,27991.662666666663,27395.163399999998,29434.15,26460.35
2018-07-18,26950.33,1226.3,68.36,2018,7,3,18,Wednesday,29,-0.48100872248351134,27735.883333333335,27983.62288888889,27394.50845,29434.15,26460.35
2018-07-19,26966.61,1222.4,68.62,2018,7,3,19,Thursday,29,0.06040742358255358,27702.159,27977.05311111111,27394.696149999996,29434.15,26460.35
2018-07-20,27249.57,1229.5,68.94,2018,7,3,20,Friday,29,1.0492976314041558,27680.333333333332,27972.210666666666,27397.359699999997,29434.15,26460.35
2018-07-23,27048.26,1224.0,68.73,2018,7,3,23,Monday,30,-0.7387639511375776,27644.159666666666,27966.034888888884,27398.5736,29434.15,26460.35
2018-07-24,27229.69,1223.9,69.2,2018,7,3,24,Tuesday,30,0.670764034359328,27612.064000000002,27963.594222222222,27400.7261,29434.15,26460.35
2018-07-25,27242.15,1231.4,68.81,2018,7,3,25,Wednesday,30,0.04575887569782111,27583.41033333333,27961.73388888889,27404.205399999995,29434.15,26460.35
2018-07-26,27119.02,1225.3,68.84,2018,7,3,26,Thursday,30,-0.4519834154059099,27543.513,27956.99,27406.501949999998,29434.15,26460.35
2018-07-27,27019.96,1222.6,68.74,2018,7,3,27,Friday,30,-0.3652786863242108,27496.96333333333,27951.790777777784,27406.813199999997,29434.15,26460.35
2018-07-30,26942.14,1221.3,68.61,2018,7,3,30,Monday,31,-0.28800930867403096,27464.394666666667,27943.38533333333,27405.80915,29434.15,26460.35
2018-07-31,27022.63,1223.7,68.68,2018,7,3,31,Tuesday,31,0.2987513241338613,27434.434666666664,27935.289888888892,27406.07545,29434.15,26460.35
2018-08-01,26820.86,1217.9,68.5,2018,8,3,1,Wednesday,31,-0.7466704758197107,27398.73333333333,27919.221222222222,27404.616,29434.15,26460.35
2018-08-02,26586.26,1210.6,68.31,2018,8,3,2,Thursday,31,-0.8746923103882698,27357.874333333333,27900.06033333333,27401.45755,29434.15,26460.35
2018-08-03,26785.71,1214.2,68.62,2018,8,3,3,Friday,31,0.7501995391604455,27322.506666666668,27887.69133333333,27400.243049999997,29434.15,26460.35
2018-08-06,26619.24,1208.6,68.5,2018,8,3,6,Monday,32,-0.6214880994380834,27288.506333333335,27876.47622222222,27399.908649999998,29434.15,26460.35
2018-08-07,26759.87,1209.6,68.81,2018,8,3,7,Tuesday,32,0.5283020852586251,27260.164333333334,27865.949333333334,27400.11815,29434.15,26460.35
2018-08-08,26742.81,1212.6,68.6,2018,8,3,8,Wednesday,32,-0.06375217816827483,27231.265666666666,27850.950666666668,27399.28125,29434.15,26460.35
2018-08-09,26672.44,1211.9,68.46,2018,8,3,9,Thursday,32,-0.26313614762248916,27202.468666666668,27837.168777777777,27399.363999999998,29434.15,26460.35
2018-08-10,26905.98,1211.1,69.1,2018,8,3,10,Friday,32,0.8755854357531678,27173.41866666667,27826.40511111111,27400.173400000003,29434.15,26460.35
2018-08-13,26460.35,1191.3,69.08,2018,8,3,13,Monday,33,-1.6562489082352694,27132.862,27812.93066666667,27399.17905,29434.15,26460.35
2018-08-14,26829.54,1193.0,69.95,2018,8,3,14,Tuesday,33,1.395257432346897,27117.896333333334,27802.428888888884,27399.8974,29434.15,26460.35
2018-08-15,26481.3,1177.5,69.95,2018,8,3,15,Wednesday,33,-1.2979723096258833,27079.183666666664,27786.833000000002,27400.314100000003,29434.15,26460.35
2018-08-16,26720.56,1176.2,70.66,2018,8,3,16,Thursday,33,0.9035054925551345,27040.407,27772.739333333335,27402.1872,29434.15,26460.35
2018-08-17,26479.62,1176.5,70.0,2018,8,3,17,Friday,33,-0.9017026589263177,26994.607,27752.340444444442,27401.714099999997,29434.15,26460.35
2018-08-20,26627.5,1186.8,69.79,2018,8,3,20,Monday,34,0.5584672287593184,26955.170666666665,27736.517111111112,27402.78395,29434.15,26460.35
2018-08-21,26740.37,1192.6,69.74,2018,8,3,21,Tuesday,34,0.4238850812130268,26923.944333333333,27720.045777777774,27404.030999999995,29434.15,26460.35
2018-08-22,26850.26,1196.3,69.81,2018,8,3,22,Wednesday,34,0.4109516809228886,26901.27566666667,27704.551333333333,27405.98,29434.15,26460.35
2018-08-23,26633.89,1187.0,69.79,2018,8,3,23,Thursday,34,-0.8058394965262838,26872.172000000002,27685.597999999998,27407.83,29434.15,26460.35
2018-08-24,27255.05,1206.3,70.28,2018,8,3,24,Friday,34,2.3322165857109223,26870.141666666666,27671.425555555557,27411.051499999998,29434.15,26460.35
2018-08-27,27117.81,1209.0,69.76,2018,8,3,27,Monday,35,-0.5035397109893314,26865.345666666668,27655.14877777778,27414.3895,29434.15,26460.35
2018-08-28,27151.8,1207.4,69.94,2018,8,3,28,Tuesday,35,0.1253419800492761,26867.719333333334,27641.130888888885,27415.8954,29434.15,26460.35
2018-08-29,27317.0,1204.5,70.54,2018,8,3,29,Wednesday,35,0.6084311169056944,26879.941666666666,27631.914444444443,27418.333200000005,29434.15,26460.35
2018-08-30,27305.26,1197.7,70.91,2018,8,3,30,Thursday,35,-0.04297690083099326,26891.229999999996,27618.807333333334,27421.97205,29434.15,26460.35
2018-08-31,27555.56,1200.3,71.4,2018,8,3,31,Friday,35,0.9166731977648279,26901.429666666667,27611.52388888889,27425.955799999996,29434.15,26460.35
2018-09-04,27252.62,1192.7,71.07,2018,9,3,4,Tuesday,36,-1.0993788549389039,26908.241666666665,27599.715888888884,27427.41205,29434.15,26460.35
2018-09-05,27564.13,1194.9,71.75,2018,9,3,5,Wednesday,36,1.143046063094122,26919.389666666666,27590.449444444443,27431.003099999994,29434.15,26460.35
2018-09-06,27687.25,1197.9,71.89,2018,9,3,6,Thursday,36,0.4466674623867961,26934.226333333336,27584.89433333333,27435.1151,29434.15,26460.35
2018-09-07,27606.63,1193.6,71.94,2018,9,3,7,Friday,36,-0.2911809587445413,26950.48,27582.139222222224,27437.312850000002,29434.15,26460.35
2018-09-10,27652.62,1193.0,72.1,2018,9,3,10,Monday,37,0.16659041686724052,26971.568666666666,27578.604,27442.587849999996,29434.15,26460.35
2018-09-11,27842.77,1195.4,72.44,2018,9,3,11,Tuesday,37,0.6876382780365953,27001.58966666667,27573.885,27447.888250000004,29434.15,26460.35
2018-09-12,28270.47,1204.7,72.99,2018,9,3,12,Wednesday,37,1.5361258955197465,27043.184333333335,27575.40844444444,27454.777149999998,29434.15,26460.35
2018-09-13,27795.62,1202.0,71.93,2018,9,3,13,Thursday,37,-1.6796678654440567,27075.676333333333,27571.069444444445,27460.17815,29434.15,26460.35
2018-09-14,27673.05,1195.0,72.03,2018,9,3,14,Friday,37,-0.4409687569480347,27111.90266666667,27563.97133333333,27464.30075,29434.15,26460.35
2018-09-17,27807.92,1199.7,72.1,2018,9,3,17,Monday,38,0.48736948041505634,27145.976333333332,27558.334888888887,27469.235549999998,29434.15,26460.35
2018-09-18,27909.93,1196.8,72.53,2018,9,3,18,Tuesday,38,0.3668379368179986,27188.999333333333,27549.39388888889,27475.911100000005,29434.15,26460.35
2018-09-19,28262.05,1202.2,73.12,2018,9,3,19,Wednesday,38,1.2616298213574906,27239.071999999996,27545.883999999995,27485.3826,29434.15,26460.35
2018-09-20,28055.54,1206.2,72.35,2018,9,3,20,Thursday,38,-0.7306971716488975,27282.82966666667,27540.717999999997,27493.06775,29434.15,26460.35
2018-09-21,27582.57,1196.2,71.72,2018,9,3,21,Friday,38,-1.6858345980865108,27313.167333333335,27535.578444444443,27498.835,29434.15,26460.35
2018-09-24,27850.71,1199.3,72.23,2018,9,3,24,Monday,39,0.9721356639355916,27344.658333333333,27529.49966666667,27507.579550000002,29434.15,26460.35
2018-09-25,28279.78,1200.0,73.3,2018,9,3,25,Tuesday,39,1.540607043770148,27405.306,27530.518222222225,27518.33415,29434.15,26460.35
2018-09-26,28057.76,1194.0,73.09,2018,9,3,26,Wednesday,39,-0.7850839009355792,27446.246666666666,27528.21488888889,27529.00555,29434.15,26460.35
2018-09-27,27661.19,1182.3,72.77,2018,9,3,27,Thursday,39,-1.4134057743739992,27485.576333333334,27522.26577777778,27538.116749999997,29434.15,26460.35
2018-09-28,27945.38,1191.5,72.95,2018,9,3,28,Friday,39,1.027396146008197,27526.403666666665,27517.14888888889,27548.943249999997,29434.15,26460.35
2018-10-01,27672.35,1187.1,72.5,2018,10,4,1,Monday,40,-0.9770130161049995,27566.161333333333,27509.44666666667,27559.18845,29434.15,26460.35
2018-10-02,28512.23,1202.4,73.75,2018,10,4,2,Tuesday,40,3.035087370606404,27628.985666666664,27506.53166666667,27572.518849999997,29434.15,26460.35
2018-10-03,28232.01,1198.3,73.28,2018,10,4,3,Wednesday,40,-0.9828063255662656,27678.707,27502.416555555552,27584.0401,29434.15,26460.35
2018-10-04,28425.49,1197.2,73.85,2018,10,4,4,Thursday,40,0.6853213781094603,27731.214666666663,27505.550222222224,27596.56775,29434.15,26460.35
2018-10-05,28663.35,1201.2,74.22,2018,10,4,5,Friday,40,0.8367841680125832,27798.863333333335,27507.271555555555,27609.87975,29434.15,26460.35
2018-10-08,28088.45,1184.4,73.76,2018,10,4,8,Monday,41,-2.0056971707773097,27826.643333333333,27506.196888888888,27620.21275,29434.15,26460.35
2018-10-09,28203.32,1187.2,73.89,2018,10,4,9,Tuesday,41,0.4089581304771217,27862.826999999997,27507.65211111111,27630.873199999998,29434.15,26460.35
2018-10-10,28505.58,1189.3,74.55,2018,10,4,10,Wednesday,41,1.0717177977628278,27907.952999999998,27515.23111111111,27643.089649999998,29434.15,26460.35
2018-10-11,29344.96,1223.5,74.6,2018,10,4,11,Thursday,41,2.944616457549709,27975.551666666663,27530.45888888889,27658.57845,29434.15,26460.35
2018-10-12,29043.13,1218.1,74.16,2018,10,4,12,Friday,41,-1.0285582260122328,28033.480666666666,27542.289888888892,27671.66125,29434.15,26460.35
2018-10-15,29050.19,1226.4,73.68,2018,10,4,15,Monday,42,0.024308674719275558,28083.30166666667,27555.021555555555,27684.444300000003,29434.15,26460.35
2018-10-16,29230.92,1227.3,74.08,2018,10,4,16,Tuesday,42,0.6221301822810776,28149.245,27567.215444444446,27697.219650000003,29434.15,26460.35
2018-10-17,28899.48,1223.7,73.46,2018,10,4,17,Wednesday,42,-1.1338678358395748,28193.756666666664,27575.070111111112,27707.1917,29434.15,26460.35
2018-10-18,29148.77,1226.5,73.92,2018,10,4,18,Thursday,42,0.8626106767319008,28242.474,27586.703555555552,27718.058650000003,29434.15,26460.35
2018-10-19,29214.8,1225.3,74.16,2018,10,4,19,Friday,42,0.22652756874474989,28296.07966666667,27596.690888888887,27729.8615,29434.15,26460.35
2018-10-22,28844.17,1221.2,73.46,2018,10,4,22,Monday,43,-1.26863781371086,28335.798,27601.443333333336,27739.5715,29434.15,26460.35
2018-10-23,29288.76,1233.4,73.86,2018,10,4,23,Tuesday,43,1.5413513372026344,28383.997666666666,27616.660666666667,27751.51775,29434.15,26460.35
2018-10-24,28903.86,1227.8,73.22,2018,10,4,24,Wednesday,43,-1.3141560107017058,28405.110666666664,27627.57655555555,27761.9344,29434.15,26460.35
2018-10-25,28934.14,1229.1,73.22,2018,10,4,25,Thursday,43,0.1047610941929511,28443.06133333333,27639.157,27772.809899999997,29434.15,26460.35
2018-10-26,29014.06,1232.5,73.22,2018,10,4,26,Friday,43,0.2762134972734698,28487.761666666665,27652.51288888889,27783.1137,29434.15,26460.35
2018-10-29,28788.26,1224.5,73.12,2018,10,4,29,Monday,44,-0.7782433757978158,28520.43966666667,27662.97422222222,27791.6981,29434.15,26460.35
2018-10-30,28926.6,1222.6,73.59,2018,10,4,30,Tuesday,44,0.48054311028176144,28554.328666666665,27677.278111111107,27799.85065,29434.15,26460.35
2018-10-31,28706.06,1212.3,73.65,2018,10,4,31,Wednesday,44,-0.7624124508238017,28569.129,27689.45511111111,27807.01975,29434.15,26460.35
2018-11-01,29434.15,1236.0,74.07,2018,11,4,1,Thursday,44,2.536363402013375,28615.082666666665,27709.726,27816.546199999997,29434.15,26460.35
2018-11-02,29011.94,1230.9,73.31,2018,11,4,2,Friday,44,-1.4344222612169943,28662.728333333333,27726.12144444444,27825.557,29434.15,26460.35
2018-11-05,28825.88,1229.8,72.9,2018,11,4,5,Monday,45,-0.6413221590834572,28695.234,27737.770333333334,27832.940950000004,29434.15,26460.35
2018-11-06,28667.54,1223.8,72.86,2018,11,4,6,Tuesday,45,-0.5492980613254428,28708.15933333333,27748.77577777778,27839.7118,29434.15,26460.35
2018-11-07,28869.62,1226.2,73.23,2018,11,4,7,Wednesday,45,0.7049087574308777,28735.22133333333,27766.454777777773,27846.89745,29434.15,26460.35
2018-11-08,28457.73,1222.9,72.38,2018,11,4,8,Thursday,45,-1.4267247022995089,28761.772666666668,27775.51088888889,27850.231799999998,29434.15,26460.35
2018-11-09,28275.46,1206.4,72.9,2018,11,4,9,Friday,45,-0.640493813104559,28772.775333333335,27779.861999999997,27852.3667,29434.15,26460.35
2018-11-12,27989.85,1201.3,72.47,2018,11,4,12,Monday,46,-1.0100985094495418,28783.358666666667,27781.375666666667,27854.187749999997,29434.15,26460.35
2018-11-13,28214.66,1199.2,73.18,2018,11,4,13,Tuesday,46,0.8031840113469801,28773.43966666667,27785.86533333333,27858.5817,29434.15,26460.35
2018-11-14,28174.69,1207.9,72.55,2018,11,4,14,Wednesday,46,-0.14166394349603983,28771.529,27791.393444444446,27862.191000000003,29434.15,26460.35
2018-11-15,28230.5,1212.8,72.4,2018,11,4,15,Thursday,46,0.19808558674470067,28765.029333333332,27799.17322222222,27865.762749999998,29434.15,26460.35
2018-11-16,28217.21,1220.8,71.89,2018,11,4,16,Friday,46,-0.04707674323869426,28750.158,27807.06444444444,27869.688249999996,29434.15,26460.35
2018-11-19,28224.48,1223.1,71.78,2018,11,4,19,Monday,47,0.02576441823978204,28754.692333333332,27817.15911111111,27873.3846,29434.15,26460.35
2018-11-20,28096.55,1219.0,71.69,2018,11,4,20,Tuesday,47,-0.45325901486936715,28751.133333333335,27826.435333333335,27876.764249999997,29434.15,26460.35
2018-11-21,28144.91,1225.8,71.42,2018,11,4,21,Wednesday,47,0.17212077639425782,28739.110999999997,27838.26111111111,27882.59055,29434.15,26460.35
2018-11-23,27807.01,1221.0,70.83,2018,11,4,23,Friday,47,-1.2005723237345611,28687.846,27847.77977777778,27885.7165,29434.15,26460.35
2018-11-26,27724.06,1220.2,70.67,2018,11,4,26,Monday,48,-0.29830607461930336,28643.876999999997,27856.19588888889,27888.312199999997,29434.15,26460.35
2018-11-27,27574.09,1211.2,70.81,2018,11,4,27,Tuesday,48,-0.54093808771154,28594.673666666666,27859.801666666666,27889.496100000004,29434.15,26460.35
2018-11-28,27833.79,1221.4,70.88,2018,11,4,28,Wednesday,48,0.9418261853791021,28548.102666666666,27868.52977777778,27891.4218,29434.15,26460.35
2018-11-29,27785.12,1224.1,70.6,2018,11,4,29,Thursday,48,-0.17485940649836218,28510.957333333332,27874.701222222226,27890.34545,29434.15,26460.35
2018-11-30,27429.83,1220.2,69.92,2018,11,4,30,Friday,48,-1.278706012426789,28453.659333333333,27876.78655555555,27888.332649999997,29434.15,26460.35
2018-12-03,27674.34,1233.9,69.76,2018,12,4,3,Monday,49,0.891401805990033,28402.310666666664,27882.956777777777,27887.721350000003,29434.15,26460.35
2018-12-04,28125.11,1241.1,70.49,2018,12,4,4,Tuesday,49,1.628837399554972,28378.342,27895.23622222222,27890.55815,29434.15,26460.35
2018-12-06,28210.38,1238.1,70.87,2018,12,4,6,Thursday,49,0.3031810364475085,28342.396,27909.327777777777,27892.9272,29434.15,26460.35
2018-12-07,28360.51,1246.8,70.75,2018,12,4,7,Friday,49,0.5321799989932652,28324.284333333333,27924.19311111111,27895.92015,29434.15,26460.35
2018-12-10,28535.9,1243.7,71.36,2018,12,4,10,Monday,50,0.6184303455756046,28311.00966666667,27943.24911111111,27899.92,29434.15,26460.35
2018-12-11,29039.62,1241.9,72.73,2018,12,4,11,Tuesday,50,1.7652150449083415,28311.861666666668,27970.50866666667,27906.7088,29434.15,26460.35
2018-12-12,29054.07,1244.4,72.62,2018,12,4,12,Wednesday,50,0.04975960429234316,28320.721999999998,27995.712666666666,27914.987150000004,29434.15,26460.35
2018-12-13,28826.6,1242.7,72.15,2018,12,4,13,Thursday,50,-0.7829195703046077,28317.38866666667,28020.23888888889,27921.854049999998,29434.15,26460.35
2018-12-14,28454.56,1237.0,71.55,2018,12,4,14,Friday,50,-1.2906135305585709,28309.005333333334,28039.06877777778,27927.48435,29434.15,26460.35
2018-12-17,28839.37,1247.4,71.91,2018,12,4,17,Monday,51,1.3523667208348966,28289.179333333333,28062.36388888889,27933.321099999997,29434.15,26460.35
2018-12-18,28752.46,1249.2,71.59,2018,12,4,18,Tuesday,51,-0.30135887157035635,28280.529999999995,28085.475222222223,27938.959749999995,29434.15,26460.35
2018-12-19,28408.6,1252.1,70.57,2018,12,4,19,Wednesday,51,-1.1959324523884263,28266.620666666666,28102.170999999995,27941.647149999997,29434.15,26460.35
2018-12-20,28716.45,1263.6,70.69,2018,12,4,20,Thursday,51,1.0836507254845529,28268.251,28127.238777777777,27946.910350000002,29434.15,26460.35
2018-12-21,28338.34,1253.8,70.3,2018,12,4,21,Friday,51,-1.3167017510869239,28250.541666666668,28144.00322222222,27950.916750000004,29434.15,26460.35
2018-12-24,28582.78,1267.5,70.14,2018,12,4,24,Monday,52,0.8625769893366941,28254.71,28167.353,27955.461100000004,29434.15,26460.35
2018-12-26,28661.92,1269.2,70.24,2018,12,4,26,Wednesday,52,0.2768799955777501,28267.592,28188.923666666666,27960.98125,29434.15,26460.35
2018-12-27,28807.88,1277.3,70.15,2018,12,4,27,Thursday,52,0.5092471125451636,28294.859666666667,28214.79322222222,27966.5937,29434.15,26460.35
2018-12-28,28800.68,1279.9,69.99,2018,12,4,28,Friday,52,-0.02499316159328968,28314.393666666663,28238.939666666665,27972.576699999998,29434.15,26460.35
2018-12-31,28736.94,1278.3,69.92,2018,12,4,31,Monday,1,-0.22131421896983694,28333.135333333335,28261.12377777778,27979.014650000005,29434.15,26460.35
2019-01-02,28710.12,1281.0,69.71,2019,1,1,2,Wednesday,1,-0.09332935239451112,28349.12266666667,28281.78888888889,27985.517350000002,36116.43,28379.81
2019-01-03,29056.0,1291.8,69.96,2019,1,1,3,Thursday,1,1.2047319899742615,28377.082333333332,28308.701222222226,27993.0675,36116.43,28379.81
2019-01-04,28991.53,1282.7,70.3,2019,1,1,4,Friday,1,-0.2218818832599112,28402.650666666665,28327.99544444444,28000.5857,36116.43,28379.81
2019-01-07,28763.57,1286.8,69.53,2019,1,1,7,Monday,2,-0.7862986189414611,28424.88466666667,28346.281666666662,28005.9104,36116.43,28379.81
2019-01-08,28800.68,1283.2,69.81,2019,1,1,8,Tuesday,2,0.12901736467343383,28446.743666666665,28364.602555555557,28011.1577,36116.43,28379.81
2019-01-09,29153.14,1289.3,70.33,2019,1,1,9,Wednesday,2,1.2237905493898138,28491.614666666665,28385.004111111113,28015.588200000002,36116.43,28379.81
2019-01-10,29140.2,1284.7,70.55,2019,1,1,10,Thursday,2,-0.04438629938318117,28538.819333333337,28405.39233333333,28019.7355,36116.43,28379.81
2019-01-11,29264.78,1287.1,70.72,2019,1,1,11,Friday,2,0.42751937186429334,28595.175666666666,28424.38366666667,28026.5648,36116.43,28379.81
2019-01-14,29165.2,1289.1,70.37,2019,1,1,14,Monday,3,-0.3402725050384747,28639.556,28445.634555555553,28034.247799999997,36116.43,28379.81
2019-01-15,29395.25,1286.2,71.08,2019,1,1,15,Tuesday,3,0.7887825216353672,28693.227000000003,28465.980333333333,28042.6876,36116.43,28379.81
2019-01-16,29521.78,1291.6,71.09,2019,1,1,16,Wednesday,3,0.43044369413425265,28762.958666666666,28486.364,28049.83305,36116.43,28379.81
2019-01-17,29621.17,1291.0,71.36,2019,1,1,17,Thursday,3,0.3366666915070926,28827.853,28508.747777777775,28058.374850000004,36116.43,28379.81
2019-01-18,29260.69,1281.3,71.03,2019,1,1,18,Friday,3,-1.2169674594217583,28865.70566666667,28526.615222222223,28065.304749999996,36116.43,28379.81
2019-01-22,29481.81,1282.5,71.5,2019,1,1,22,Tuesday,4,0.7556896300121574,28908.086666666666,28544.82677777778,28074.34855,36116.43,28379.81
2019-01-23,29384.3,1283.1,71.23,2019,1,1,23,Wednesday,4,-0.3307463144223588,28942.213,28557.202666666664,28082.396549999998,36116.43,28379.81
2019-01-24,29262.72,1279.1,71.16,2019,1,1,24,Thursday,4,-0.4137583675636214,28966.440333333332,28573.503777777776,28089.285499999998,36116.43,28379.81
2019-01-25,29611.6,1297.4,70.99,2019,1,1,25,Friday,4,1.1922336679570433,28985.50633333333,28595.043222222223,28097.398549999998,36116.43,28379.81
2019-01-28,29719.43,1302.4,70.97,2019,1,1,28,Monday,5,0.3641478339569737,29007.685,28616.28222222222,28104.4181,36116.43,28379.81
2019-01-29,29900.19,1308.2,71.09,2019,1,1,29,Tuesday,5,0.6082216247081496,29043.47133333333,28638.396222222225,28113.66105,36116.43,28379.81
2019-01-30,30162.21,1309.9,71.62,2019,1,1,30,Wednesday,5,0.8763155016740631,29100.393,28659.509111111114,28123.358150000004,36116.43,28379.81
2019-01-31,30175.72,1319.7,71.12,2019,1,1,31,Thursday,5,0.044791147598277625,29144.938000000002,28683.066666666666,28133.01295,36116.43,28379.81
2019-02-01,30145.57,1316.9,71.2,2019,2,1,1,Friday,5,-0.09991476591114656,29191.375,28711.544444444444,28142.04235,36116.43,28379.81
2019-02-04,30192.41,1314.3,71.45,2019,2,1,4,Monday,6,0.1553793807846482,29250.835333333333,28737.56333333333,28150.35155,36116.43,28379.81
2019-02-05,30288.69,1314.2,71.68,2019,2,1,5,Tuesday,6,0.31888809141105146,29303.243333333336,28759.884555555553,28158.881400000002,36116.43,28379.81
2019-02-06,30216.15,1309.5,71.77,2019,2,1,6,Wednesday,6,-0.2394953363780261,29365.837,28783.866666666665,28167.895099999998,36116.43,28379.81
2019-02-07,30117.23,1309.4,71.54,2019,2,1,7,Thursday,6,-0.32737459934505386,29416.985333333334,28811.156,28177.748849999996,36116.43,28379.81
2019-02-08,30232.82,1313.7,71.58,2019,2,1,8,Friday,6,0.3838002366087556,29469.348666666665,28836.572,28186.48845,36116.43,28379.81
2019-02-11,29897.94,1307.0,71.15,2019,2,1,11,Monday,7,-1.1076704058701758,29505.683999999997,28861.300777777775,28194.922799999997,36116.43,28379.81
2019-02-12,29981.94,1309.2,71.23,2019,2,1,12,Tuesday,7,0.2809558116713129,29545.059333333335,28877.630888888885,28203.2558,36116.43,28379.81
2019-02-13,29841.58,1310.8,70.81,2019,2,1,13,Wednesday,7,-0.468148492058873,29581.880666666664,28895.515,28210.473149999998,36116.43,28379.81
2019-02-14,29842.01,1309.8,70.87,2019,2,1,14,Thursday,7,0.0014409424701877782,29619.61033333333,28911.254111111113,28218.74715,36116.43,28379.81
2019-02-15,30092.52,1318.1,71.01,2019,2,1,15,Friday,7,0.8394541788572685,29654.161,28927.133777777777,28229.936799999996,36116.43,28379.81
2019-02-19,30892.07,1340.1,71.7,2019,2,1,19,Tuesday,8,2.656972563281501,29717.512333333332,28958.285111111112,28244.5432,36116.43,28379.81
2019-02-20,30922.66,1343.3,71.6,2019,2,1,20,Wednesday,8,0.0990221762413368,29789.482,28988.5,28257.8191,36116.43,28379.81
2019-02-21,30339.21,1323.5,71.3,2019,2,1,21,Thursday,8,-1.886804045964996,29840.766333333333,29008.87366666667,28268.84835,36116.43,28379.81
2019-02-22,30420.72,1329.2,71.18,2019,2,1,22,Friday,8,0.268662236096473,29883.019000000004,29020.82655555555,28280.0213,36116.43,28379.81
2019-02-25,30279.55,1325.9,71.03,2019,2,1,25,Monday,9,-0.46405870735473087,29920.99733333333,29034.564555555557,28289.85965,36116.43,28379.81
2019-02-26,30286.42,1325.1,71.09,2019,2,1,26,Tuesday,9,0.022688580246410517,29955.052,29048.300444444445,28299.715750000003,36116.43,28379.81
2019-02-27,30053.74,1317.7,70.94,2019,2,1,27,Wednesday,9,-0.7682651168411381,29984.67,29057.442888888887,28306.41135,36116.43,28379.81
2019-02-28,30047.5,1312.8,71.19,2019,2,1,28,Thursday,9,-0.020762806891927443,30006.411666666667,29070.198666666667,28313.75915,36116.43,28379.81
2019-03-01,29516.25,1296.4,70.82,2019,3,1,1,Friday,9,-1.768033946251768,30006.227333333332,29074.281777777775,28318.737999999998,36116.43,28379.81
2019-03-04,29324.02,1284.8,70.99,2019,3,1,4,Monday,10,-0.6512683691187071,29996.322333333334,29075.495333333332,28325.13245,36116.43,28379.81
2019-03-05,29223.01,1282.0,70.9,2019,3,1,5,Tuesday,10,-0.3444616392977551,29995.066333333332,29079.704666666665,28329.2585,36116.43,28379.81
2019-03-06,29224.06,1284.9,70.74,2019,3,1,6,Wednesday,10,0.003593059031237189,29986.474666666665,29078.98577777778,28334.438249999996,36116.43,28379.81
2019-03-07,29043.22,1283.8,70.36,2019,3,1,7,Thursday,10,-0.6188051899701841,29975.105333333333,29080.534222222224,28338.329050000004,36116.43,28379.81
2019-03-08,29392.93,1297.0,70.49,2019,3,1,8,Friday,10,1.2041020245000311,29979.445666666667,29085.63188888889,28344.31065,36116.43,28379.81
2019-03-11,28999.67,1288.8,69.99,2019,3,1,11,Monday,11,-1.3379407905234397,29959.048000000003,29085.472,28347.279499999997,36116.43,28379.81
2019-03-12,29086.41,1296.3,69.79,2019,3,1,12,Tuesday,11,0.29910685190555064,29937.94733333333,29088.784777777782,28350.8838,36116.43,28379.81
2019-03-13,29360.79,1307.5,69.85,2019,3,1,13,Wednesday,11,0.9433271414382105,29919.967333333334,29093.609111111113,28353.81485,36116.43,28379.81
2019-03-14,28994.81,1293.4,69.73,2019,3,1,14,Thursday,11,-1.246492345744099,29881.054,29096.81744444444,28355.777049999997,36116.43,28379.81
2019-03-15,29020.3,1301.8,69.34,2019,3,1,15,Friday,11,0.0879122849916758,29842.539999999997,29092.219111111113,28360.16125,36116.43,28379.81
2019-03-18,28826.21,1300.3,68.95,2019,3,1,18,Monday,12,-0.6688076966812839,29798.561333333335,29090.15544444445,28361.75015,36116.43,28379.81
2019-03-19,28789.84,1305.0,68.62,2019,3,1,19,Tuesday,12,-0.12616989885246843,29751.809,29089.754999999997,28364.7735,36116.43,28379.81
2019-03-20,28983.04,1300.5,69.32,2019,3,1,20,Wednesday,12,0.6710700719420482,29708.287333333334,29093.260555555553,28369.326950000002,36116.43,28379.81
2019-03-21,28901.03,1306.1,68.82,2019,3,1,21,Thursday,12,-0.28295858543480046,29664.45,29093.60955555556,28374.714749999996,36116.43,28379.81
2019-03-22,29067.01,1311.6,68.93,2019,3,1,22,Friday,12,0.5743047912133203,29629.442666666666,29100.379333333334,28380.1775,36116.43,28379.81
2019-03-25,29393.24,1321.9,69.16,2019,3,1,25,Monday,13,1.1223376604611257,29601.456666666665,29112.799111111115,28387.251999999997,36116.43,28379.81
2019-03-26,29124.06,1314.3,68.92,2019,3,1,26,Tuesday,13,-0.9157888004180603,29575.66066666667,29125.401444444444,28393.3506,36116.43,28379.81
2019-03-27,29238.86,1309.9,69.43,2019,3,1,27,Wednesday,13,0.39417581202620955,29550.891333333333,29136.781444444445,28398.877550000005,36116.43,28379.81
2019-03-28,28766.36,1289.8,69.37,2019,3,1,28,Thursday,13,-1.6160000766103688,29515.050666666666,29143.355555555554,28401.746549999996,36116.43,28379.81
2019-03-29,28891.76,1293.0,69.5,2019,3,1,29,Friday,13,0.43592585228022784,29483.375666666667,29150.702888888885,28405.696549999997,36116.43,28379.81
2019-04-01,28759.98,1288.4,69.43,2019,4,2,1,Monday,14,-0.45611620752767923,29438.957666666665,29156.73366666667,28407.916749999997,36116.43,28379.81
2019-04-02,28698.36,1290.0,69.2,2019,4,2,2,Tuesday,14,-0.21425605998335318,29365.834,29161.999000000003,28409.326300000004,36116.43,28379.81
2019-04-03,28577.9,1289.9,68.91,2019,4,2,3,Wednesday,14,-0.4197452397976753,29287.675333333333,29167.34733333333,28412.6198,36116.43,28379.81
2019-04-04,28533.01,1289.0,68.85,2019,4,2,4,Thursday,14,-0.1570794215110416,29227.468666666668,29171.659555555558,28415.677699999997,36116.43,28379.81
2019-04-05,28613.95,1290.4,68.97,2019,4,2,5,Friday,14,0.28367143880019263,29167.243,29180.625555555554,28419.287949999998,36116.43,28379.81
2019-04-08,28841.59,1297.1,69.16,2019,4,2,8,Monday,15,0.7955560137625106,29119.311,29193.042555555552,28424.435749999997,36116.43,28379.81
2019-04-09,29148.39,1303.5,69.55,2019,4,2,9,Tuesday,15,1.0637416314426495,29081.376666666667,29210.534777777775,28430.944,36116.43,28379.81
2019-04-10,29151.26,1309.1,69.26,2019,4,2,10,Wednesday,15,0.009846169891369883,29051.293999999998,29225.173333333336,28438.50405,36116.43,28379.81
2019-04-11,28644.38,1288.6,69.14,2019,4,2,11,Thursday,15,-1.7387927657329327,29004.52333333333,29234.720666666664,28443.6753,36116.43,28379.81
2019-04-12,28809.09,1290.6,69.43,2019,4,2,12,Friday,15,0.5750168095800978,28980.951333333334,29250.045777777777,28449.6719,36116.43,28379.81
2019-04-15,28612.98,1286.8,69.16,2019,4,2,15,Monday,16,-0.6807226469145666,28957.25,29260.475111111107,28455.05505,36116.43,28379.81
2019-04-16,28562.77,1272.6,69.81,2019,4,2,16,Tuesday,16,-0.1754797997272517,28935.242000000002,29265.338,28458.981499999998,36116.43,28379.81
2019-04-17,28584.47,1272.2,69.89,2019,4,2,17,Wednesday,16,0.07597302362480907,28913.922333333336,29269.494555555557,28463.518600000003,36116.43,28379.81
2019-04-18,28379.81,1271.9,69.4,2019,4,2,18,Thursday,16,-0.7159831894731683,28891.808666666668,29269.709,28469.0251,36116.43,28379.81
2019-04-22,28398.72,1273.5,69.36,2019,4,2,22,Monday,17,0.06663187667570458,28858.668333333335,29268.184777777777,28472.805299999996,36116.43,28379.81
2019-04-23,28591.75,1269.3,70.06,2019,4,2,23,Tuesday,17,0.6797137335767145,28845.071,29263.20844444444,28476.344749999997,36116.43,28379.81
2019-04-24,28606.53,1275.5,69.76,2019,4,2,24,Wednesday,17,0.05169323318789942,28829.075,29258.23577777778,28480.1093,36116.43,28379.81
2019-04-25,28751.82,1275.8,70.1,2019,4,2,25,Thursday,17,0.5078910304745055,28808.776,29257.404888888886,28484.81545,36116.43,28379.81
2019-04-26,28983.42,1284.9,70.16,2019,4,2,26,Friday,17,0.8055142248386327,28808.396333333334,29263.281111111108,28491.346750000004,36116.43,28379.81
2019-04-29,28710.59,1278.6,69.84,2019,4,2,29,Monday,18,-0.9413312852658451,28798.072666666667,29261.850222222216,28497.2481,36116.43,28379.81
2019-04-30,28792.44,1282.8,69.81,2019,4,2,30,Tuesday,18,0.285086443712923,28796.946999999996,29262.294444444444,28503.6753,36116.43,28379.81
2019-05-01,28655.64,1281.4,69.56,2019,5,2,1,Wednesday,18,-0.4751247202390618,28792.473666666665,29265.039333333334,28510.3737,36116.43,28379.81
2019-05-02,28425.38,1269.7,69.63,2019,5,2,2,Thursday,18,-0.8035416413662344,28773.885,29261.805222222225,28516.19215,36116.43,28379.81
2019-05-03,28552.31,1279.2,69.42,2019,5,2,3,Friday,18,0.4465375660765103,28762.261000000002,29264.182666666668,28523.55075,36116.43,28379.81
2019-05-06,28502.46,1281.7,69.17,2019,5,2,6,Monday,19,-0.17459182812179508,28743.442666666666,29263.290222222222,28531.311399999995,36116.43,28379.81
2019-05-07,28638.35,1283.5,69.4,2019,5,2,7,Tuesday,19,0.47676586512181984,28718.279666666665,29263.028333333332,28539.670100000003,36116.43,28379.81
2019-05-08,28756.53,1279.4,69.91,2019,5,2,8,Wednesday,19,0.41266343905985714,28706.028666666665,29262.45777777778,28547.2049,36116.43,28379.81
2019-05-09,28889.94,1283.5,70.01,2019,5,2,9,Thursday,19,0.4639294101200564,28694.397999999997,29263.449555555555,28556.4133,36116.43,28379.81
2019-05-10,29104.81,1285.7,70.41,2019,5,2,10,Friday,19,0.743753708038164,28705.679666666667,29267.537,28565.7889,36116.43,28379.81
2019-05-13,29227.01,1300.1,69.92,2019,5,2,13,Monday,20,0.4198618716287683,28716.854666666666,29273.28022222222,28575.713200000002,36116.43,28379.81
2019-05-14,29394.71,1294.7,70.62,2019,5,2,14,Tuesday,20,0.5737843179989932,28738.012333333332,29277.043666666665,28587.091650000002,36116.43,28379.81
2019-05-15,29301.84,1296.3,70.31,2019,5,2,15,Wednesday,20,-0.315941201665193,28758.128333333334,29280.491555555556,28598.50105,36116.43,28379.81
2019-05-16,29006.0,1285.0,70.21,2019,5,2,16,Thursday,20,-1.0096294294146713,28772.39833333333,29283.185222222226,28608.82035,36116.43,28379.81
2019-05-17,28779.56,1274.5,70.24,2019,5,2,17,Friday,20,-0.7806660690891531,28780.616666666665,29282.950555555555,28617.605,36116.43,28379.81
2019-05-20,28834.77,1276.1,70.28,2019,5,2,20,Monday,21,0.19183754025426936,28787.977333333336,29279.41311111111,28627.67455,36116.43,28379.81
2019-05-21,28679.15,1272.0,70.13,2019,5,2,21,Tuesday,21,-0.5396956521588336,28782.56266666667,29274.290333333338,28638.139000000003,36116.43,28379.81
2019-05-22,28715.22,1273.6,70.13,2019,5,2,22,Wednesday,21,0.12577081259381728,28768.123666666666,29268.18411111111,28647.786550000004,36116.43,28379.81
2019-05-23,28903.72,1284.8,69.97,2019,5,2,23,Thursday,21,0.6564463026924372,28759.872333333336,29265.27877777778,28659.20895,36116.43,28379.81
2019-05-24,28851.88,1283.0,69.94,2019,5,2,24,Friday,21,-0.17935407622271526,28766.789,29259.241333333335,28669.668999999998,36116.43,28379.81
2019-05-28,28613.37,1276.5,69.72,2019,5,2,28,Tuesday,22,-0.8266705670479824,28760.265,29249.14788888889,28679.021800000002,36116.43,28379.81
2019-05-29,28769.08,1280.6,69.88,2019,5,2,29,Wednesday,22,0.544186161923621,28765.468333333334,29239.680222222225,28689.505,36116.43,28379.81
2019-05-30,28890.28,1287.1,69.82,2019,5,2,30,Thursday,22,0.4212856302669321,28776.38533333333,29235.564555555557,28699.426499999998,36116.43,28379.81
2019-05-31,29379.3,1305.8,69.98,2019,5,2,31,Friday,22,1.6926800294078115,28802.879666666668,29234.425555555554,28714.02125,36116.43,28379.81
2019-06-03,29585.0,1322.7,69.57,2019,6,2,3,Monday,23,0.7001528286923131,28843.05266666667,29236.655555555557,28727.79855,36116.43,28379.81
2019-06-04,29427.19,1323.4,69.16,2019,6,2,4,Tuesday,23,-0.5334122021294574,28877.335,29238.483000000004,28742.528,36116.43,28379.81
2019-06-05,29706.16,1328.3,69.56,2019,6,2,5,Wednesday,23,0.9480008114943983,28914.482,29239.533666666663,28757.455999999995,36116.43,28379.81
2019-06-06,29942.1,1337.6,69.62,2019,6,2,6,Thursday,23,0.7942460418983721,28959.000999999997,29242.00777777778,28774.768400000004,36116.43,28379.81
2019-06-07,29908.41,1341.2,69.36,2019,6,2,7,Friday,23,-0.11251715811515517,28997.554,29242.09911111111,28791.172950000004,36116.43,28379.81
2019-06-10,29534.08,1324.7,69.35,2019,6,2,10,Monday,24,-1.2515877641104844,29015.90933333333,29235.11988888889,28805.141499999998,36116.43,28379.81
2019-06-11,29648.1,1326.4,69.52,2019,6,2,11,Tuesday,24,0.3860624742670016,29047.159666666666,29229.257444444444,28819.130699999998,36116.43,28379.81
2019-06-12,29712.37,1331.9,69.39,2019,6,2,12,Wednesday,24,0.21677611718795564,29077.824000000004,29224.44411111111,28834.523100000002,36116.43,28379.81
2019-06-13,30010.2,1339.2,69.7,2019,6,2,13,Thursday,24,1.0023771244098034,29122.976000000002,29222.41955555556,28848.298850000003,36116.43,28379.81
2019-06-14,30073.46,1340.1,69.8,2019,6,2,14,Friday,24,0.21079499636789123,29177.912,29220.028111111114,28863.0771,36116.43,28379.81
2019-06-17,30029.34,1338.7,69.77,2019,6,2,17,Monday,25,-0.1467074290753323,29227.146333333334,29217.952444444443,28877.4648,36116.43,28379.81
2019-06-18,30354.62,1346.6,70.11,2019,6,2,18,Tuesday,25,1.0832072899370937,29288.885000000002,29220.59011111111,28892.6529,36116.43,28379.81
2019-06-19,30159.31,1344.6,69.76,2019,6,2,19,Wednesday,25,-0.6434275902646669,29339.583666666666,29219.773333333334,28906.92315,36116.43,28379.81
2019-06-20,31289.7,1392.9,69.87,2019,6,2,20,Thursday,25,3.7480632017111715,29424.022666666664,29235.23733333333,28925.59385,36116.43,28379.81
2019-06-21,31323.43,1396.2,69.78,2019,6,2,21,Friday,25,0.10779905208422313,29505.139000000003,29250.14277777778,28945.9479,36116.43,28379.81
2019-06-24,31633.97,1414.3,69.57,2019,6,2,24,Monday,26,0.9913984515744323,29589.444333333333,29270.058222222226,28966.2971,36116.43,28379.81
2019-06-25,31662.22,1414.9,69.6,2019,6,2,25,Tuesday,26,0.08930273373843889,29670.618000000002,29290.282777777775,28986.171950000004,36116.43,28379.81
2019-06-26,31604.25,1411.6,69.64,2019,6,2,26,Wednesday,26,-0.18308886742622876,29744.269333333337,29307.079777777773,29006.16005,36116.43,28379.81
2019-06-27,31516.76,1408.4,69.6,2019,6,2,27,Thursday,26,-0.2768298567439542,29818.1,29314.02077777778,29025.480750000002,36116.43,28379.81
2019-06-28,31420.08,1409.7,69.32,2019,6,2,28,Friday,26,-0.306757420496262,29898.569333333337,29319.547666666662,29043.367299999998,36116.43,28379.81
2019-07-01,30711.64,1385.6,68.94,2019,7,3,1,Monday,27,-2.254736461523976,29962.972,29323.685777777773,29055.57315,36116.43,28379.81
2019-07-02,31235.29,1404.6,69.17,2019,7,3,2,Tuesday,27,1.7050538492897171,30042.98933333333,29332.736555555555,29072.7715,36116.43,28379.81
2019-07-03,31487.86,1417.7,69.08,2019,7,3,3,Wednesday,27,0.8086046263697133,30136.613,29346.162222222218,29091.845550000002,36116.43,28379.81
2019-07-05,30867.64,1396.7,68.74,2019,7,3,5,Friday,27,-1.969711501512017,30208.36033333333,29352.62022222222,29107.14415,36116.43,28379.81
2019-07-08,30739.53,1397.0,68.44,2019,7,3,8,Monday,28,-0.41503010920174166,30269.554,29360.240111111114,29121.292149999997,36116.43,28379.81
2019-07-09,30934.74,1397.5,68.85,2019,7,3,9,Tuesday,28,0.6350454935387884,30338.982666666667,29370.098333333335,29134.655600000002,36116.43,28379.81
2019-07-10,31175.12,1410.1,68.76,2019,7,3,10,Wednesday,28,0.7770551813268689,30424.374333333333,29388.530222222224,29150.253500000003,36116.43,28379.81
2019-07-11,30867.47,1404.3,68.37,2019,7,3,11,Thursday,28,-0.9868446376469331,30494.320666666667,29405.679666666667,29166.678,36116.43,28379.81
2019-07-12,31127.63,1409.9,68.67,2019,7,3,12,Friday,28,0.8428290365229074,30568.898999999998,29426.842111111113,29183.062599999997,36116.43,28379.81
2019-07-15,31106.43,1411.4,68.55,2019,7,3,15,Monday,29,-0.06810669492023358,30626.469999999998,29447.75733333333,29197.19585,36116.43,28379.81
2019-07-16,31147.29,1409.2,68.75,2019,7,3,16,Tuesday,29,0.13135547859397523,30678.546333333335,29471.13588888889,29212.643499999995,36116.43,28379.81
2019-07-17,31482.14,1421.3,68.89,2019,7,3,17,Wednesday,29,1.0750533995092404,30747.04466666667,29494.34933333333,29231.74825,36116.43,28379.81
2019-07-18,31538.48,1426.1,68.79,2019,7,3,18,Thursday,29,0.17895860954815213,30808.122,29522.558333333334,29249.71375,36116.43,28379.81
2019-07-19,31545.69,1425.1,68.85,2019,7,3,19,Friday,29,0.022860962227722048,30861.575,29549.883666666665,29269.080449999998,36116.43,28379.81
2019-07-22,31540.95,1425.3,68.83,2019,7,3,22,Monday,30,-0.015025824447012504,30915.993000000002,29574.107666666667,29284.224050000004,36116.43,28379.81
2019-07-23,31576.55,1420.1,69.16,2019,7,3,23,Tuesday,30,0.11286914312980123,30984.075333333334,29602.79366666667,29300.946750000003,36116.43,28379.81
2019-07-24,31572.54,1422.8,69.02,2019,7,3,24,Wednesday,30,-0.012699297421658873,31048.22333333333,29631.15188888889,29316.682,36116.43,28379.81
2019-07-25,31450.05,1413.9,69.18,2019,7,3,25,Thursday,30,-0.3879637178383577,31106.146,29660.305666666663,29330.6155,36116.43,28379.81
2019-07-26,31536.64,1418.5,69.15,2019,7,3,26,Friday,30,0.2753254764300772,31157.02733333333,29690.825666666668,29347.85645,36116.43,28379.81
2019-07-29,31433.07,1419.6,68.87,2019,7,3,29,Monday,31,-0.32841165070216505,31202.34766666667,29718.04822222222,29364.0052,36116.43,28379.81
2019-07-30,31693.48,1429.7,68.95,2019,7,3,30,Tuesday,31,0.8284586901629476,31257.819,29749.075444444446,29379.944699999996,36116.43,28379.81
2019-07-31,31672.13,1426.1,69.08,2019,7,3,31,Wednesday,31,-0.06736401303990558,31301.735999999997,29778.021222222225,29391.580550000002,36116.43,28379.81
2019-08-01,31706.26,1420.9,69.4,2019,8,3,1,Thursday,31,0.10776035587123367,31353.301,29803.72144444444,29404.896200000003,36116.43,28379.81
2019-08-02,32207.32,1445.6,69.3,2019,8,3,2,Friday,31,1.5803188392450096,31383.888333333332,29837.979888888894,29420.681849999997,36116.43,28379.81
2019-08-05,32800.0,1464.6,69.66,2019,8,3,5,Monday,32,1.840202786198919,31433.107333333333,29877.54811111111,29438.527249999996,36116.43,28379.81
2019-08-06,33856.65,1472.4,71.52,2019,8,3,6,Tuesday,32,3.221493902439021,31507.196666666667,29934.10688888889,29463.3131,36116.43,28379.81
2019-08-07,34518.62,1507.3,71.23,2019,8,3,7,Wednesday,32,1.9552141159860703,31602.409999999996,29996.627555555562,29490.16235,36116.43,28379.81
2019-08-08,34267.52,1497.7,71.17,2019,8,3,8,Thursday,32,-0.7274334837256147,31691.185666666664,30057.82244444444,29515.425949999997,36116.43,28379.81
2019-08-09,33908.32,1496.6,70.47,2019,8,3,9,Friday,32,-1.04822292363147,31770.904333333332,30115.710888888887,29540.7467,36116.43,28379.81
2019-08-12,34378.44,1505.3,71.04,2019,8,3,12,Monday,33,1.3864443888697675,31869.516333333333,30180.161333333333,29566.1951,36116.43,28379.81
2019-08-13,34570.86,1502.2,71.58,2019,8,3,13,Tuesday,33,0.5597112608949129,31998.157,30247.24855555555,29594.530099999996,36116.43,28379.81
2019-08-14,34642.46,1515.9,71.08,2019,8,3,14,Wednesday,33,0.2071108442196712,32111.729333333333,30314.232,29623.0717,36116.43,28379.81
2019-08-15,34998.26,1519.6,71.64,2019,8,3,15,Thursday,33,1.0270633205609725,32228.742666666665,30382.63944444445,29652.9927,36116.43,28379.81
2019-08-16,34875.98,1512.5,71.72,2019,8,3,16,Friday,33,-0.3493887981859678,32362.354000000003,30446.279333333336,29683.4313,36116.43,28379.81
2019-08-19,34313.33,1500.4,71.13,2019,8,3,19,Monday,34,-1.6132879993623117,32481.480666666666,30503.635666666665,29710.364950000003,36116.43,28379.81
2019-08-20,34826.85,1504.6,72.0,2019,8,3,20,Tuesday,34,1.4965612489373559,32611.217666666667,30572.32977777778,29740.968899999996,36116.43,28379.81
2019-08-21,34737.35,1504.6,71.81,2019,8,3,21,Wednesday,34,-0.25698563033981214,32729.958666666666,30638.199333333334,29767.484900000003,36116.43,28379.81
2019-08-22,34389.64,1497.3,71.44,2019,8,3,22,Thursday,34,-1.0009686979576715,32847.36433333333,30702.384444444444,29794.373399999997,36116.43,28379.81
2019-08-23,35299.46,1526.6,71.92,2019,8,3,23,Friday,34,2.645622344403731,32986.42533333333,30777.236555555555,29826.741299999998,36116.43,28379.81
2019-08-26,35087.46,1526.3,71.5,2019,8,3,26,Monday,35,-0.6005757595158645,33119.12633333333,30849.492,29858.8409,36116.43,28379.81
2019-08-27,35751.14,1541.0,72.16,2019,8,3,27,Tuesday,35,1.8915019781996278,33272.588,30931.395666666664,29893.2485,36116.43,28379.81
2019-08-28,35367.89,1537.8,71.54,2019,8,3,28,Wednesday,35,-1.0719937881701114,33402.113,31008.830888888893,29927.799300000002,36116.43,28379.81
2019-08-29,35377.93,1526.5,72.08,2019,8,3,29,Thursday,35,0.028387330994306126,33530.094666666664,31084.232888888888,29963.31165,36116.43,28379.81
2019-08-30,35008.73,1519.1,71.68,2019,8,3,30,Friday,35,-1.0435884745093826,33645.52933333333,31155.36844444444,29998.40605,36116.43,28379.81
2019-09-03,35766.46,1545.9,71.96,2019,9,3,3,Tuesday,36,2.164402993196246,33786.37966666667,31233.308888888885,30036.16505,36116.43,28379.81
2019-09-04,36116.43,1550.3,72.46,2019,9,3,4,Wednesday,36,0.9784865485709338,33937.709,31312.564555555557,30075.87375,36116.43,28379.81
2019-09-05,35057.69,1515.4,71.96,2019,9,3,5,Thursday,36,-2.931463602576434,34053.88066666667,31383.08788888889,30110.009700000002,36116.43,28379.81
2019-09-06,34972.84,1506.2,72.22,2019,9,3,6,Friday,36,-0.2420296374347708,34171.307,31451.758999999995,30143.78785,36116.43,28379.81
2019-09-09,34614.33,1502.2,71.67,2019,9,3,9,Monday,37,-1.0251097708964818,34273.89666666667,31517.966666666667,30175.7371,36116.43,28379.81
2019-09-10,34542.56,1490.3,72.09,2019,9,3,10,Tuesday,37,-0.20734187257128722,34377.54633333333,31585.93533333333,30207.967149999997,36116.43,28379.81
2019-09-11,34525.4,1494.4,71.86,2019,9,3,11,Wednesday,37,-0.049677846691142946,34471.943666666666,31652.303,30239.869599999998,36116.43,28379.81
2019-09-12,34480.72,1498.7,71.56,2019,9,3,12,Thursday,37,-0.12941196915894349,34565.56333333333,31718.728111111108,30273.23815,36116.43,28379.81
2019-09-13,34169.41,1490.9,71.29,2019,9,3,13,Friday,37,-0.9028523766325014,34647.668333333335,31780.184333333338,30305.464900000003,36116.43,28379.81
2019-09-16,34321.29,1503.1,71.02,2019,9,3,16,Monday,38,0.4444911398821194,34718.134,31842.015,30339.2009,36116.43,28379.81
2019-09-17,34719.43,1505.1,71.75,2019,9,3,17,Tuesday,38,1.1600379822553242,34782.115000000005,31906.78711111111,30373.6291,36116.43,28379.81
2019-09-18,34755.84,1507.5,71.71,2019,9,3,18,Wednesday,38,0.1048692331642398,34812.088,31969.576333333334,30408.4827,36116.43,28379.81
2019-09-19,34465.35,1498.4,71.54,2019,9,3,19,Thursday,38,-0.8358019832062746,34810.312333333335,32027.78011111111,30443.660300000003,36116.43,28379.81
2019-09-20,34754.86,1507.3,71.72,2019,9,3,20,Friday,38,0.8400030755526977,34826.557,32087.337333333337,30479.062899999997,36116.43,28379.81
2019-09-23,34875.38,1523.7,71.19,2019,9,3,23,Monday,39,0.3467716457496772,34858.79233333333,32149.265555555554,30512.814250000003,36116.43,28379.81
2019-09-24,34869.63,1532.1,70.79,2019,9,3,24,Tuesday,39,-0.016487275550836067,34875.16533333333,32214.416999999998,30546.110500000003,36116.43,28379.81
2019-09-25,34483.39,1504.6,71.29,2019,9,3,25,Wednesday,39,-1.1076687650542816,34872.24966666666,32277.792888888893,30576.724899999997,36116.43,28379.81
2019-09-26,34561.97,1507.5,71.31,2019,9,3,26,Thursday,39,0.22787782755697705,34869.566666666666,32341.428444444446,30606.85525,36116.43,28379.81
2019-09-27,34323.6,1499.1,71.21,2019,9,3,27,Friday,39,-0.6896886954071313,34847.078,32404.144555555555,30633.27515,36116.43,28379.81
2019-09-30,33221.32,1465.7,70.5,2019,9,3,30,Monday,40,-3.211434697992044,34791.922666666665,32454.212333333337,30654.111399999998,36116.43,28379.81
2019-10-01,33792.71,1482.0,70.92,2019,10,4,1,Tuesday,40,1.7199497190358404,34774.568666666666,32508.534444444445,30678.941949999997,36116.43,28379.81
2019-10-02,34311.6,1501.0,71.1,2019,10,4,2,Wednesday,40,1.5355086940348928,34757.39366666667,32569.197999999997,30708.22715,36116.43,28379.81
2019-10-03,34471.2,1507.1,71.14,2019,10,4,3,Thursday,40,0.46514881264645425,34748.522000000004,32634.285,30736.386300000002,36116.43,28379.81
2019-10-04,34391.73,1506.2,71.02,2019,10,4,4,Friday,40,-0.23054027710086578,34748.59166666667,32696.758888888886,30764.58265,36116.43,28379.81
2019-10-07,34098.94,1497.7,70.82,2019,10,4,7,Monday,41,-0.8513383886184278,34708.57433333334,32754.63288888889,30793.03435,36116.43,28379.81
2019-10-08,34349.89,1497.2,71.36,2019,10,4,8,Tuesday,41,0.7359466305990603,34683.988666666664,32809.86166666667,30821.201549999998,36116.43,28379.81
2019-10-09,34481.45,1506.1,71.21,2019,10,4,9,Wednesday,41,0.3829997708871824,34641.66566666667,32864.26666666667,30851.9171,36116.43,28379.81
2019-10-10,34318.86,1494.8,71.41,2019,10,4,10,Thursday,41,-0.47152889452153346,34606.698000000004,32918.61855555556,30880.5975,36116.43,28379.81
2019-10-11,33836.08,1482.7,70.98,2019,10,4,11,Friday,41,-1.406748359356924,34555.303,32964.506555555556,30906.468299999997,36116.43,28379.81
2019-10-14,34009.81,1491.7,70.91,2019,10,4,14,Monday,42,0.5134460020191245,34522.00566666667,33009.70333333333,30932.47795,36116.43,28379.81
2019-10-15,33944.16,1477.6,71.45,2019,10,4,15,Tuesday,42,-0.1930325397289656,34461.26233333333,33054.545,30958.19535,36116.43,28379.81
2019-10-16,34330.18,1488.0,71.76,2019,10,4,16,Wednesday,42,1.1372206588703193,34401.72066666667,33107.835,30986.161549999997,36116.43,28379.81
2019-10-17,34362.22,1492.3,71.62,2019,10,4,17,Thursday,42,0.09332896011613467,34378.53833333333,33160.21411111111,31014.422049999997,36116.43,28379.81
2019-10-18,34173.31,1488.2,71.42,2019,10,4,18,Friday,42,-0.5497607546893213,34351.88733333333,33209.78011111111,31040.008599999997,36116.43,28379.81
2019-10-21,33853.06,1482.4,71.03,2019,10,4,21,Monday,43,-0.9371348575832994,34326.511666666665,33252.47855555556,31064.31625,36116.43,28379.81
2019-10-22,33872.81,1481.7,71.11,2019,10,4,22,Tuesday,43,0.05834036864023062,34304.18666666667,33294.693555555554,31089.86245,36116.43,28379.81
2019-10-23,34045.89,1489.9,71.07,2019,10,4,23,Wednesday,43,0.5109703033199908,34288.203,33339.32188888889,31116.0885,36116.43,28379.81
2019-10-24,34078.07,1498.9,70.71,2019,10,4,24,Thursday,43,0.09451948531820076,34274.78133333333,33380.693555555554,31140.71315,36116.43,28379.81
2019-10-25,34320.71,1499.5,71.19,2019,10,4,25,Friday,43,0.7120121532704138,34279.82466666667,33426.931333333334,31166.615700000002,36116.43,28379.81
2019-10-28,33930.81,1490.0,70.83,2019,10,4,28,Monday,44,-1.1360487588980561,34266.808666666664,33456.277,31189.94585,36116.43,28379.81
2019-10-29,33817.08,1487.0,70.74,2019,10,4,29,Tuesday,44,-0.3351820955644569,34236.73033333333,33483.98422222222,31213.20525,36116.43,28379.81
2019-10-30,34029.89,1493.2,70.88,2019,10,4,30,Wednesday,44,0.629297384635219,34212.532,33510.60555555556,31236.378449999997,36116.43,28379.81
2019-10-31,34495.89,1511.4,70.99,2019,10,4,31,Thursday,44,1.3693843853153753,34213.55,33542.090777777776,31261.249,36116.43,28379.81
2019-11-01,34408.59,1508.0,70.97,2019,11,4,1,Friday,44,-0.25307362703209657,34202.007666666665,33573.25011111111,31285.1861,36116.43,28379.81
2019-11-04,34186.59,1508.0,70.51,2019,11,4,4,Monday,45,-0.6451877278319196,34179.048,33602.91488888889,31309.8156,36116.43,28379.81
2019-11-05,33802.24,1480.8,71.0,2019,11,4,5,Tuesday,45,-1.124271242027941,34143.46833333334,33629.38333333333,31331.41775,36116.43,28379.81
2019-11-06,33966.51,1490.2,70.89,2019,11,4,6,Wednesday,45,0.485973710618004,34126.239,33665.54855555556,31354.3288,36116.43,28379.81
2019-11-07,33423.31,1464.2,71.0,2019,11,4,7,Thursday,45,-1.5992222927819322,34088.28366666667,33689.85988888889,31375.131750000004,36116.43,28379.81
2019-11-08,33534.0,1461.3,71.38,2019,11,4,8,Friday,45,0.3311760564707722,34061.96366666666,33712.594777777784,31394.74375,36116.43,28379.81
2019-11-11,33400.9,1455.5,71.38,2019,11,4,11,Monday,46,-0.3969105981988408,34067.94966666667,33740.74211111111,31413.1511,36116.43,28379.81
2019-11-12,33415.08,1452.1,71.57,2019,11,4,12,Tuesday,46,0.04245394585176143,34055.362,33770.47044444444,31430.725550000003,36116.43,28379.81
2019-11-13,33732.8,1461.7,71.78,2019,11,4,13,Wednesday,46,0.9508281889494263,34036.068666666666,33801.56,31448.578499999996,36116.43,28379.81
2019-11-14,34136.95,1471.8,72.14,2019,11,4,14,Thursday,46,1.1980920646966542,34024.926999999996,33834.46922222222,31468.38465,36116.43,28379.81
2019-11-15,33944.98,1467.3,71.96,2019,11,4,15,Friday,46,-0.5623525241710059,34010.03533333333,33868.66377777778,31487.381700000005,36116.43,28379.81
2019-11-18,33910.03,1470.9,71.71,2019,11,4,18,Monday,47,-0.10296073233805325,34003.73833333333,33899.57933333333,31505.9698,36116.43,28379.81
2019-11-19,34073.97,1473.3,71.94,2019,11,4,19,Tuesday,47,0.48345577989756805,33994.541,33932.552,31524.896200000003,36116.43,28379.81
2019-11-20,34034.14,1473.3,71.85,2019,11,4,20,Wednesday,47,-0.11689274833546204,33979.630666666664,33964.62811111112,31543.98615,36116.43,28379.81
2019-11-21,33759.56,1463.1,71.77,2019,11,4,21,Thursday,47,-0.8067781351313807,33960.98733333333,33989.93277777777,31562.197799999998,36116.43,28379.81
2019-11-22,33746.53,1463.1,71.74,2019,11,4,22,Friday,47,-0.03859647459859561,33958.00233333334,34014.46666666667,31579.766349999998,36116.43,28379.81
2019-11-25,33616.32,1456.6,71.78,2019,11,4,25,Monday,48,-0.3858470782032941,33944.886,34037.473666666665,31598.35825,36116.43,28379.81
2019-11-26,33641.79,1459.8,71.68,2019,11,4,26,Tuesday,48,0.07576677042580027,33934.807,34060.81633333333,31616.6575,36116.43,28379.81
2019-11-27,33376.96,1453.4,71.43,2019,11,4,27,Wednesday,48,-0.7872054370472004,33903.033,34080.82088888889,31634.3344,36116.43,28379.81
2019-11-29,33713.21,1465.6,71.55,2019,11,4,29,Friday,48,1.007431473687248,33881.399333333335,34104.60611111111,31653.6904,36116.43,28379.81
2019-12-02,33719.85,1462.3,71.72,2019,12,4,2,Monday,49,0.01969554367560189,33866.284,34129.82611111111,31671.82705,36116.43,28379.81
2019-12-03,34039.92,1478.2,71.62,2019,12,4,3,Tuesday,49,0.9492035106917651,33872.51266666667,34157.64033333333,31687.5663,36116.43,28379.81
2019-12-04,34101.96,1474.0,71.96,2019,12,4,4,Wednesday,49,0.1822565975478252,33880.151,34187.29466666667,31703.462799999998,36116.43,28379.81
2019-12-05,33941.19,1476.9,71.48,2019,12,4,5,Thursday,49,-0.4714391782759564,33876.661,34212.269222222225,31721.4727,36116.43,28379.81
2019-12-06,33487.5,1459.1,71.39,2019,12,4,6,Friday,49,-1.3366944411789983,33856.975333333336,34232.439999999995,31736.8066,36116.43,28379.81
2019-12-09,33446.02,1459.3,71.29,2019,12,4,9,Monday,50,-0.12386711459501099,33827.819,34251.77066666666,31752.63895,36116.43,28379.81
2019-12-10,33368.07,1462.6,70.96,2019,12,4,10,Tuesday,50,-0.23306211023014223,33809.061,34264.667888888885,31768.047199999997,36116.43,28379.81
2019-12-11,33546.74,1469.4,71.01,2019,12,4,11,Wednesday,50,0.535452005465098,33800.049666666666,34272.965,31785.5122,36116.43,28379.81
2019-12-12,33352.73,1466.7,70.73,2019,12,4,12,Thursday,50,-0.5783274321141008,33777.477666666666,34267.36588888888,31802.03835,36116.43,28379.81
2019-12-13,33474.75,1475.6,70.56,2019,12,4,13,Friday,50,0.3658471135645991,33743.439666666665,34255.76733333333,31821.83085,36116.43,28379.81
2019-12-16,33522.36,1475.0,70.69,2019,12,4,16,Monday,51,0.1422266036340769,33713.89866666667,34247.48777777778,31842.822549999997,36116.43,28379.81
2019-12-17,33623.02,1474.6,70.92,2019,12,4,17,Tuesday,51,0.3002771881215782,33695.113,34244.31777777778,31864.8226,36116.43,28379.81
2019-12-18,33716.85,1472.6,71.21,2019,12,4,18,Wednesday,51,0.27906475979850853,33692.26666666667,34236.96677777777,31887.286550000004,36116.43,28379.81
2019-12-19,33738.09,1478.2,70.99,2019,12,4,19,Thursday,51,0.06299520862713681,33684.65266666667,34227.71377777778,31910.760899999997,36116.43,28379.81
2019-12-20,33768.58,1474.7,71.22,2019,12,4,20,Friday,51,0.09037263223852232,33696.16166666667,34218.004,31932.63915,36116.43,28379.81
2019-12-23,33852.49,1482.5,71.02,2019,12,4,23,Monday,52,0.24848542639339666,33706.778,34205.27322222222,31956.903250000003,36116.43,28379.81
2019-12-24,34321.53,1499.1,71.21,2019,12,4,24,Tuesday,52,1.3855406204979381,33737.46566666666,34199.11266666667,31983.078849999998,36116.43,28379.81
2019-12-26,34714.85,1509.3,71.54,2019,12,4,26,Thursday,52,1.145986207491334,33780.791333333334,34203.57399999999,32009.849150000002,36116.43,28379.81
2019-12-27,34701.69,1513.8,71.3,2019,12,4,27,Friday,52,-0.037908848806766926,33813.087666666666,34202.18333333333,32038.38355,36116.43,28379.81
2019-12-30,34723.92,1514.5,71.31,2019,12,4,30,Monday,1,0.06406028063761227,33832.653333333335,34202.03411111111,32066.901649999996,36116.43,28379.81
2019-12-31,34837.58,1519.5,71.31,2019,12,4,31,Tuesday,1,0.32732479512682655,33862.40666666666,34207.01122222222,32096.958499999997,36116.43,28379.81
2020-01-02,34812.04,1524.5,71.03,2020,1,1,2,Thursday,1,-0.07331163645695193,33892.473666666665,34201.59544444444,32127.069499999998,49390.21,34812.04
2020-01-03,35570.31,1549.2,71.42,2020,1,1,3,Friday,1,2.1781831803019847,33942.35166666667,34206.96044444444,32160.00585,49390.21,34812.04
2020-01-06,36119.76,1566.2,71.73,2020,1,1,6,Monday,2,1.544687128113309,34011.87233333333,34211.05622222222,32196.0995,49390.21,34812.04
2020-01-07,36277.21,1571.8,71.79,2020,1,1,7,Tuesday,2,0.43591098058235467,34095.794,34221.15977777778,32232.1505,49390.21,34812.04
2020-01-08,36131.62,1557.4,72.16,2020,1,1,8,Wednesday,2,-0.40132634235101605,34175.297,34229.53411111111,32265.8424,49390.21,34812.04
2020-01-09,35626.17,1551.7,71.41,2020,1,1,9,Thursday,2,-1.3989131956995138,34242.292,34236.394555555555,32298.35295,49390.21,34812.04
2020-01-10,35650.37,1557.5,71.19,2020,1,1,10,Friday,2,0.06792759367624246,34309.244666666666,34235.104666666666,32330.410499999998,49390.21,34812.04
2020-01-13,35321.95,1548.4,70.95,2020,1,1,13,Monday,3,-0.9212246605014407,34374.077666666664,34226.27711111111,32363.18845,49390.21,34812.04
2020-01-14,35068.99,1542.4,70.72,2020,1,1,14,Tuesday,3,-0.7161552519042713,34419.270333333334,34226.40266666667,32394.0746,49390.21,34812.04
2020-01-15,35352.51,1552.1,70.85,2020,1,1,15,Wednesday,3,0.8084635457137557,34473.69233333333,34230.621222222224,32427.03725,49390.21,34812.04
2020-01-16,35218.6,1549.0,70.72,2020,1,1,16,Thursday,3,-0.3787849858468473,34512.98166666667,34237.335333333336,32459.63845,49390.21,34812.04
2020-01-17,35555.49,1558.8,70.95,2020,1,1,17,Friday,3,0.9565684041955125,34561.43266666667,34248.59011111111,32494.526400000002,49390.21,34812.04
2020-01-21,35543.47,1556.4,71.03,2020,1,1,21,Tuesday,4,-0.033806312330375565,34614.842,34259.902,32529.578700000002,49390.21,34812.04
2020-01-22,35587.86,1555.3,71.17,2020,1,1,22,Wednesday,4,0.12488932566234734,34684.854,34272.203555555556,32564.44825,49390.21,34812.04
2020-01-23,35754.43,1564.6,71.08,2020,1,1,23,Thursday,4,0.4680528697145636,34761.801,34289.81488888889,32599.012450000002,49390.21,34812.04
2020-01-24,36025.66,1571.1,71.32,2020,1,1,24,Friday,4,0.758591313020518,34850.38733333333,34308.75233333333,32633.3988,49390.21,34812.04
2020-01-27,36158.39,1576.8,71.32,2020,1,1,27,Monday,5,0.3684318344202353,34937.44233333333,34324.74077777778,32668.434449999997,49390.21,34812.04
2020-01-28,36042.13,1569.2,71.44,2020,1,1,28,Tuesday,5,-0.3215298026267299,35027.08900000001,34339.03288888889,32705.423199999997,49390.21,34812.04
2020-01-29,35950.13,1569.8,71.23,2020,1,1,29,Wednesday,5,-0.2552568341549155,35109.60166666667,34355.53044444445,32741.1284,49390.21,34812.04
2020-01-30,36299.31,1583.5,71.3,2020,1,1,30,Thursday,5,0.9712899508291128,35202.166666666664,34372.691,32779.56005,49390.21,34812.04
2020-01-31,36458.58,1582.9,71.64,2020,1,1,31,Friday,5,0.4387686708094529,35296.685333333335,34390.282111111104,32819.0391,49390.21,34812.04
2020-02-03,36254.53,1577.2,71.5,2020,2,1,3,Monday,6,-0.5596762133906585,35381.274666666664,34405.669888888886,32857.3894,49390.21,34812.04
2020-02-04,35547.57,1550.4,71.31,2020,2,1,4,Tuesday,6,-1.949990801149537,35441.59066666666,34417.49411111111,32893.2282,49390.21,34812.04
2020-02-05,35610.01,1557.8,71.1,2020,2,1,5,Wednesday,6,0.17565195033022452,35502.971666666665,34429.139,32929.28465,49390.21,34812.04
2020-02-06,35817.13,1565.1,71.18,2020,2,1,6,Thursday,6,0.5816342090327886,35568.45966666667,34445.73377777778,32965.411550000004,49390.21,34812.04
2020-02-07,36043.48,1568.6,71.47,2020,2,1,7,Friday,6,0.6319601821809906,35625.858,34477.091111111105,33002.5963,49390.21,34812.04
2020-02-10,36206.68,1574.7,71.52,2020,2,1,10,Monday,7,0.4527864678993243,35675.585666666666,34503.913,33039.8706,49390.21,34812.04
2020-02-11,35878.91,1565.6,71.28,2020,2,1,11,Tuesday,7,-0.9052749382158165,35714.82633333334,34521.32755555555,33074.34805,49390.21,34812.04
2020-02-12,35917.79,1567.4,71.28,2020,2,1,12,Wednesday,7,0.10836449602287246,35754.622,34537.40077777777,33110.38405,49390.21,34812.04
2020-02-13,36104.83,1575.1,71.3,2020,2,1,13,Thursday,7,0.5207447340162208,35796.863666666664,34556.43522222222,33146.946,49390.21,34812.04
2020-02-14,36264.94,1582.7,71.27,2020,2,1,14,Friday,7,0.4434586729808787,35845.29366666667,34580.50188888889,33184.9925,49390.21,34812.04
2020-02-18,36702.85,1600.0,71.35,2020,2,1,18,Tuesday,8,1.2075299173250897,35883.045000000006,34606.64588888889,33226.37985,49390.21,34812.04
2020-02-19,36991.6,1607.5,71.57,2020,2,1,19,Wednesday,8,0.7867236468012795,35912.10633333333,34634.53644444445,33268.5763,49390.21,34812.04
2020-02-20,37332.24,1616.6,71.83,2020,2,1,20,Thursday,8,0.9208577082364666,35947.274,34668.01844444444,33312.7252,49390.21,34812.04
2020-02-21,38128.22,1644.6,72.11,2020,2,1,21,Friday,8,2.1321517273005908,36013.827333333335,34715.70888888889,33360.17455,49390.21,34812.04
2020-02-24,38652.72,1672.4,71.89,2020,2,1,24,Monday,9,1.3756215212774148,36114.71233333333,34767.296777777774,33409.6555,49390.21,34812.04
2020-02-25,38148.03,1646.9,72.05,2020,2,1,25,Tuesday,9,-1.3057037124424964,36197.96766666667,34814.00644444444,33455.94595,49390.21,34812.04
2020-02-26,37895.03,1640.0,71.87,2020,2,1,26,Wednesday,9,-0.6632059375018873,36283.737,34853.61588888888,33499.89705,49390.21,34812.04
2020-02-27,37786.09,1640.0,71.66,2020,2,1,27,Thursday,9,-0.287478331591251,36374.307,34891.658888888895,33542.69245,49390.21,34812.04
2020-02-28,36171.4,1564.1,71.93,2020,2,1,28,Friday,9,-4.273239173463028,36401.60333333334,34913.85988888889,33576.575899999996,49390.21,34812.04
2020-03-02,36936.18,1592.3,72.15,2020,3,1,2,Monday,10,2.1143223651835408,36458.856,34948.11677777778,33614.747599999995,49390.21,34812.04
2020-03-03,38447.74,1642.1,72.82,2020,3,1,3,Tuesday,10,4.092356058477065,36555.26433333333,34998.94933333333,33661.9563,49390.21,34812.04
2020-03-04,38697.11,1641.1,73.34,2020,3,1,4,Wednesday,10,0.6485946898309392,36660.38566666667,35050.629555555555,33711.544050000004,49390.21,34812.04
2020-03-05,39668.99,1666.4,74.04,2020,3,1,5,Thursday,10,2.511505381151191,36796.42333333334,35112.75088888889,33765.71515,49390.21,34812.04
2020-03-06,39673.06,1670.8,73.86,2020,3,1,6,Friday,10,0.01025990326448678,36927.04433333333,35172.22144444445,33820.6847,49390.21,34812.04
2020-03-09,39836.39,1674.5,74.0,2020,3,1,9,Monday,11,0.41168994778824075,37054.068666666666,35237.839,33876.29055,49390.21,34812.04
2020-03-10,39689.1,1659.1,74.41,2020,3,1,10,Tuesday,11,-0.3697373180652219,37171.75899999999,35303.083666666666,33930.217450000004,49390.21,34812.04
2020-03-11,39159.61,1641.4,74.21,2020,3,1,11,Wednesday,11,-1.3340942475389972,37275.675,35360.080555555556,33981.7561,49390.21,34812.04
2020-03-12,38200.23,1589.3,74.76,2020,3,1,12,Thursday,11,-2.4499222540775967,37350.67833333334,35401.23988888889,34029.6904,49390.21,34812.04
2020-03-13,36694.33,1515.7,75.3,2020,3,1,13,Friday,11,-3.9421228615639237,37363.84566666667,35426.636999999995,34069.31665,49390.21,34812.04
2020-03-16,35305.98,1485.9,73.9,2020,3,1,16,Monday,12,-3.783554570965042,37325.42566666667,35439.07466666667,34101.39515,49390.21,34812.04
2020-03-17,36845.97,1524.9,75.15,2020,3,1,17,Tuesday,12,4.361838985916822,37345.14033333333,35472.89388888889,34138.7285,49390.21,34812.04
2020-03-18,35153.12,1477.3,74.01,2020,3,1,18,Wednesday,12,-4.594396619223207,37331.992,35486.07844444444,34166.5691,49390.21,34812.04
2020-03-19,35644.99,1478.6,74.98,2020,3,1,19,Thursday,12,1.399221463130429,37333.158,35510.76377777778,34197.6581,49390.21,34812.04
2020-03-20,35859.95,1484.0,75.16,2020,3,1,20,Friday,12,0.6030581015733283,37334.585333333336,35536.60766666666,34228.42705,49390.21,34812.04
2020-03-23,38098.55,1567.0,75.62,2020,3,1,23,Monday,13,6.242618854739068,37403.08766666667,35588.80377777778,34269.209299999995,49390.21,34812.04
2020-03-24,40836.32,1660.2,76.51,2020,3,1,24,Tuesday,13,7.186021515254515,37557.409,35671.262,34323.848849999995,49390.21,34812.04
2020-03-25,40545.76,1632.3,77.26,2020,3,1,25,Wednesday,13,-0.7115234673447546,37712.97066666666,35746.96155555556,34378.907250000004,49390.21,34812.04
2020-03-26,40237.48,1650.1,75.85,2020,3,1,26,Thursday,13,-0.7603261105476822,37856.96033333333,35814.74522222222,34431.85415,49390.21,34812.04
2020-03-27,39013.91,1623.9,74.73,2020,3,1,27,Friday,13,-3.040871346813967,37953.92966666667,35871.066666666666,34478.36185,49390.21,34812.04
2020-03-30,39353.84,1622.0,75.46,2020,3,1,30,Monday,14,0.8713046193011387,38056.893000000004,35931.55344444444,34525.08005,49390.21,34812.04
2020-03-31,38384.22,1583.4,75.4,2020,3,1,31,Tuesday,14,-2.4638510498594224,38112.93866666666,35979.44511111111,34566.63385,49390.21,34812.04
2020-04-01,38220.11,1578.2,75.32,2020,4,2,1,Wednesday,14,-0.42754548613987975,38153.888999999996,36025.955888888886,34607.587700000004,49390.21,34812.04
2020-04-02,40543.84,1625.7,77.57,2020,4,2,2,Thursday,14,6.079862145870307,38260.94233333333,36101.336777777775,34658.5338,49390.21,34812.04
2020-04-03,40517.5,1633.7,77.14,2020,4,2,3,Friday,14,-0.0649667125758091,38340.585,36176.569777777775,34710.32475,49390.21,34812.04
2020-04-06,41100.75,1677.0,76.23,2020,4,2,6,Monday,15,1.4395014499907433,38422.186,36259.73011111111,34759.38,49390.21,34812.04
2020-04-07,40659.85,1664.8,75.96,2020,4,2,7,Tuesday,15,-1.0727298163658805,38505.91333333333,36337.70855555555,34806.0621,49390.21,34812.04
2020-04-08,41046.69,1665.4,76.66,2020,4,2,8,Wednesday,15,0.9514053790164123,38610.96866666667,36422.927777777775,34853.125700000004,49390.21,34812.04
2020-04-09,42400.38,1736.2,75.96,2020,4,2,9,Thursday,15,3.2979273115566476,38764.778333333335,36519.451888888885,34906.8165,49390.21,34812.04
2020-04-13,42726.8,1744.8,76.17,2020,4,2,13,Monday,16,0.7698515909527304,38983.291666666664,36619.529111111115,34962.42925,49390.21,34812.04
2020-04-14,43438.13,1756.7,76.91,2020,4,2,14,Tuesday,16,1.6648333130494075,39200.02333333333,36723.95366666667,35022.0361,49390.21,34812.04
2020-04-15,42165.04,1727.2,75.93,2020,4,2,15,Wednesday,16,-2.9308121689400446,39323.933333333334,36813.54344444445,35075.7609,49390.21,34812.04
2020-04-16,42707.86,1720.4,77.21,2020,4,2,16,Thursday,16,1.287369821065032,39457.625,36910.95088888888,35135.742,49390.21,34812.04
2020-04-17,42127.49,1689.2,77.57,2020,4,2,17,Friday,16,-1.3589301828750067,39539.575,37006.95077777778,35190.203,49390.21,34812.04
2020-04-20,41884.19,1701.6,76.56,2020,4,2,20,Monday,17,-0.5775326277449588,39613.27933333334,37100.70822222222,35242.184649999996,49390.21,34812.04
2020-04-21,41658.92,1678.2,77.21,2020,4,2,21,Tuesday,17,-0.5378401731058968,39674.03033333333,37192.82877777777,35296.14105,49390.21,34812.04
2020-04-22,42778.79,1728.7,76.97,2020,4,2,22,Wednesday,17,2.6881877878735194,39777.020000000004,37295.40711111111,35356.33735,49390.21,34812.04
2020-04-23,42575.31,1733.3,76.4,2020,4,2,23,Thursday,17,-0.4756562773280959,39890.87666666667,37397.88022222222,35414.5402,49390.21,34812.04
2020-04-24,42347.06,1723.5,76.42,2020,4,2,24,Friday,17,-0.536108838667293,40029.10433333334,37496.461444444445,35470.3999,49390.21,34812.04
2020-04-27,41978.94,1711.9,76.27,2020,4,2,27,Monday,18,-0.8692929332048016,40205.258,37590.423444444445,35525.95725,49390.21,34812.04
2020-04-28,41897.75,1710.5,76.19,2020,4,2,28,Tuesday,18,-0.19340650335620824,40424.98366666667,37682.364888888886,35579.807850000005,49390.21,34812.04
2020-04-29,41876.47,1703.4,76.46,2020,4,2,29,Wednesday,18,-0.050790316902460386,40592.667,37773.02733333333,35633.65805,49390.21,34812.04
2020-04-30,40751.16,1684.2,75.26,2020,4,2,30,Thursday,18,-2.6872131294734203,40779.268333333326,37850.950333333334,35681.6774,49390.21,34812.04
2020-05-01,41251.8,1694.5,75.72,2020,5,2,1,Friday,18,1.2285294455421703,40966.162,37934.09722222222,35730.5257,49390.21,34812.04
2020-05-04,41488.1,1706.9,75.6,2020,5,2,4,Monday,19,0.572823488914409,41153.767,38018.937333333335,35780.273799999995,49390.21,34812.04
2020-05-05,41564.05,1704.4,75.85,2020,5,2,5,Tuesday,19,0.18306454139862538,41269.28366666667,38099.40977777778,35830.3656,49390.21,34812.04
2020-05-06,41244.72,1684.2,76.17,2020,5,2,6,Wednesday,19,-0.7682841301557497,41282.897000000004,38171.96388888889,35878.88445,49390.21,34812.04
2020-05-07,42155.16,1721.8,76.15,2020,5,2,7,Thursday,19,2.2074098211843918,41336.54366666667,38254.78022222222,35931.7775,49390.21,34812.04
2020-05-08,41824.62,1709.9,76.08,2020,5,2,8,Friday,19,-0.7841032983862517,41389.44833333334,38333.67688888889,35983.0379,49390.21,34812.04
2020-05-11,41164.99,1695.3,75.53,2020,5,2,11,Monday,20,-1.5771332770028845,41461.151,38403.98144444444,36031.6126,49390.21,34812.04
2020-05-12,41816.12,1704.4,76.31,2020,5,2,12,Tuesday,20,1.5817567306587677,41543.227,38481.80455555556,36083.01,49390.21,34812.04
2020-05-13,41702.04,1713.9,75.68,2020,5,2,13,Wednesday,20,-0.27281345088927544,41653.821,38549.93488888889,36134.354849999996,49390.21,34812.04
2020-05-14,42149.04,1738.1,75.43,2020,5,2,14,Thursday,20,1.0718900082585803,41784.78533333333,38616.92688888889,36186.63265,49390.21,34812.04
2020-05-15,42553.22,1753.4,75.49,2020,5,2,15,Friday,20,0.9589304999591874,41851.76466666666,38686.66033333333,36241.0381,49390.21,34812.04
2020-05-18,42215.53,1731.8,75.82,2020,5,2,18,Monday,21,-0.7935709683074554,41908.365666666665,38754.259333333335,36293.584449999995,49390.21,34812.04
2020-05-19,42394.49,1744.2,75.6,2020,5,2,19,Tuesday,21,0.42391982287086627,41951.490333333335,38829.462888888884,36344.520300000004,49390.21,34812.04
2020-05-20,42775.12,1750.6,76.0,2020,5,2,20,Wednesday,21,0.8978289395626726,42021.99933333333,38908.62677777778,36394.3959,49390.21,34812.04
2020-05-21,41917.95,1720.5,75.78,2020,5,2,21,Thursday,21,-2.0038985279293375,42051.04133333334,38981.91566666667,36434.7024,49390.21,34812.04
2020-05-22,42175.04,1734.6,75.62,2020,5,2,22,Friday,21,0.6133172065905024,42043.53,39060.87177777778,36472.9845,49390.21,34812.04
2020-05-26,41716.31,1704.8,76.11,2020,5,2,26,Tuesday,22,-1.087681244641392,42009.846999999994,39131.58066666667,36510.22845,49390.21,34812.04
2020-05-27,41691.43,1710.3,75.82,2020,5,2,27,Wednesday,22,-0.05964094139677689,41951.62366666667,39203.501,36549.144,49390.21,34812.04
2020-05-28,41935.32,1713.3,76.13,2020,5,2,28,Thursday,22,0.5849883297358804,41943.96633333333,39274.388000000006,36586.9284,49390.21,34812.04
2020-05-29,42418.03,1736.9,75.96,2020,5,2,29,Friday,22,1.1510821903827129,41934.30533333333,39350.772,36626.16425,49390.21,34812.04
2020-06-01,42190.38,1737.8,75.51,2020,6,2,1,Monday,23,-0.5366821608641437,41936.401666666665,39424.13333333333,36663.90385,49390.21,34812.04
2020-06-02,42004.73,1725.2,75.73,2020,6,2,2,Tuesday,23,-0.4400292199311595,41940.41966666667,39493.58111111111,36698.9362,49390.21,34812.04
2020-06-03,40975.04,1697.8,75.07,2020,6,2,3,Wednesday,23,-2.451366786549991,41917.62366666667,39548.57422222222,36729.4315,49390.21,34812.04
2020-06-04,41749.1,1718.9,75.54,2020,6,2,4,Thursday,23,1.8891012675033236,41883.30066666667,39610.693222222224,36766.61035,49390.21,34812.04
2020-06-05,40682.83,1676.2,75.49,2020,6,2,5,Friday,23,-2.5539951759439017,41820.218,39662.256555555556,36795.890250000004,49390.21,34812.04
2020-06-08,41233.85,1698.3,75.52,2020,6,2,8,Monday,24,1.3544288831430773,41783.111,39720.964555555554,36828.37275,49390.21,34812.04
2020-06-09,41691.19,1714.7,75.62,2020,6,2,9,Tuesday,24,1.1091372743510686,41773.51933333334,39780.87433333333,36864.8805,49390.21,34812.04
2020-06-10,41593.7,1713.3,75.51,2020,6,2,10,Wednesday,24,-0.23383837208773572,41763.384333333335,39837.93122222222,36896.3517,49390.21,34812.04
2020-06-11,42251.03,1732.0,75.88,2020,6,2,11,Thursday,24,1.580359525601227,41775.86966666667,39904.559,36932.16955,49390.21,34812.04
2020-06-12,42471.5,1729.3,76.39,2020,6,2,12,Friday,24,0.5218097641643382,41833.21433333334,39981.491555555556,36965.771349999995,49390.21,34812.04
2020-06-15,42010.86,1720.3,75.96,2020,6,2,15,Monday,25,-1.0845861342311913,41858.51633333333,40052.612111111106,36998.9862,49390.21,34812.04
2020-06-16,42249.76,1729.6,75.98,2020,6,2,16,Tuesday,25,0.5686624839386756,41883.905,40124.08577777778,37033.34535,49390.21,34812.04
2020-06-17,42616.37,1729.2,76.65,2020,6,2,17,Wednesday,25,0.8677209053968626,41918.98233333333,40197.11788888889,37071.38355,49390.21,34812.04
2020-06-18,42449.71,1724.8,76.55,2020,6,2,18,Thursday,25,-0.3910703797625259,41959.14866666667,40266.48488888889,37104.7998,49390.21,34812.04
2020-06-19,42885.03,1745.9,76.4,2020,6,2,19,Friday,25,1.0254958161080463,41983.477666666666,40344.33066666667,37138.6428,49390.21,34812.04
2020-06-22,43066.55,1756.7,76.25,2020,6,2,22,Monday,26,0.4232712440681574,42024.87533333334,40423.761333333336,37178.6871,49390.21,34812.04
2020-06-23,43180.71,1772.1,75.79,2020,6,2,23,Tuesday,26,0.2650781174716732,42092.066,40502.38222222222,37219.72645,49390.21,34812.04
2020-06-24,42923.87,1765.8,75.61,2020,6,2,24,Wednesday,26,-0.5948026329349321,42128.991,40576.37033333333,37261.27415,49390.21,34812.04
2020-06-25,43039.12,1762.1,75.97,2020,6,2,25,Thursday,26,0.2684986232601938,42173.560333333335,40646.77333333333,37303.75695,49390.21,34812.04
2020-06-26,43047.98,1772.5,75.54,2020,6,2,26,Friday,26,0.020585922760507636,42203.525,40714.06644444444,37346.369849999995,49390.21,34812.04
2020-06-29,43149.49,1774.8,75.62,2020,6,2,29,Monday,27,0.23580665109024235,42223.40066666667,40778.70255555555,37389.7137,49390.21,34812.04
2020-06-30,43638.21,1793.0,75.7,2020,6,2,30,Tuesday,27,1.1326205709499826,42270.823333333334,40839.924666666666,37437.0577,49390.21,34812.04
2020-07-01,43184.82,1773.2,75.75,2020,7,3,1,Wednesday,27,-1.0389747883792655,42297.16766666667,40890.28133333334,37481.37535,49390.21,34812.04
2020-07-02,43278.58,1784.0,75.45,2020,7,3,2,Thursday,27,0.2171133282482085,42313.94966666667,40947.287444444446,37524.17110000001,49390.21,34812.04
2020-07-06,42941.77,1788.5,74.68,2020,7,3,6,Monday,28,-0.7782371787614206,42348.077,41003.36233333334,37565.100750000005,49390.21,34812.04
2020-07-07,43277.13,1804.2,74.61,2020,7,3,7,Tuesday,28,0.7809645480379546,42384.81333333334,41064.37388888889,37609.15965,49390.21,34812.04
2020-07-08,43850.19,1815.5,75.12,2020,7,3,8,Wednesday,28,1.3241635940276275,42455.94266666667,41149.69377777778,37654.636300000006,49390.21,34812.04
2020-07-09,43349.42,1799.2,74.94,2020,7,3,9,Thursday,28,-1.1420018932643217,42511.209,41220.952,37697.006499999996,49390.21,34812.04
2020-07-10,43556.63,1798.2,75.34,2020,7,3,10,Friday,28,0.4779994749641414,42565.25266666667,41277.71744444444,37740.4415,49390.21,34812.04
2020-07-13,43761.01,1811.0,75.16,2020,7,3,13,Monday,29,0.4692282208242471,42610.01866666667,41333.983,37786.8296,49390.21,34812.04
2020-07-14,43921.03,1810.6,75.45,2020,7,3,14,Tuesday,29,0.36566797704165044,42667.707,41381.22788888888,37833.6249,49390.21,34812.04
2020-07-15,44013.23,1811.4,75.57,2020,7,3,15,Wednesday,29,0.20992221721576332,42734.657,41429.452,37882.07305,49390.21,34812.04
2020-07-16,43444.36,1798.7,75.12,2020,7,3,16,Thursday,29,-1.2924977330679988,42816.96766666667,41469.54055555556,37933.18825,49390.21,34812.04
2020-07-17,43705.07,1808.3,75.17,2020,7,3,17,Friday,29,0.6001009106820776,42882.166666666664,41514.162444444446,37982.75005,49390.21,34812.04
2020-07-20,43726.92,1815.9,74.9,2020,7,3,20,Monday,30,0.049994199757597,42983.63633333333,41564.91033333333,38029.82665,49390.21,34812.04
2020-07-21,44419.94,1842.4,74.99,2020,7,3,21,Tuesday,30,1.5848818073626036,43089.83933333334,41634.01822222222,38079.570349999995,49390.21,34812.04
2020-07-22,44811.27,1864.1,74.77,2020,7,3,22,Wednesday,30,0.8809782273456301,43193.842,41724.20644444445,38131.66805,49390.21,34812.04
2020-07-23,45442.62,1889.1,74.82,2020,7,3,23,Thursday,30,1.408908964195854,43322.13933333333,41836.83577777778,38188.38645,49390.21,34812.04
2020-07-24,45632.13,1897.3,74.81,2020,7,3,24,Friday,30,0.417031412361335,43434.84266666667,41934.459777777774,38244.79765,49390.21,34812.04
2020-07-27,46413.16,1931.0,74.76,2020,7,3,27,Monday,31,1.7115791000770875,43566.23133333333,42059.57133333333,38304.4562,49390.21,34812.04
2020-07-28,46892.63,1944.7,75.0,2020,7,3,28,Tuesday,31,1.0330475235902803,43728.957,42184.54511111111,38367.32505,49390.21,34812.04
2020-07-29,47161.35,1953.5,75.09,2020,7,3,29,Wednesday,31,0.573053803977297,43892.676666666666,42310.11622222222,38433.9514,49390.21,34812.04
2020-07-30,46729.35,1942.3,74.83,2020,7,3,30,Thursday,31,-0.9160043128536355,44029.776,42406.014,38497.549100000004,49390.21,34812.04
2020-07-31,47322.77,1962.8,74.99,2020,7,3,31,Friday,31,1.2699085264400223,44192.211333333325,42478.085666666666,38564.442149999995,49390.21,34812.04
2020-08-03,47354.28,1966.0,74.92,2020,8,3,3,Monday,32,0.06658528230703009,44341.18633333333,42553.73588888889,38629.56265,49390.21,34812.04
2020-08-04,48467.34,2001.2,75.33,2020,8,3,4,Tuesday,32,2.35049503445095,44521.212666666666,42645.17877777778,38700.08825,49390.21,34812.04
2020-08-05,49139.25,2031.1,75.25,2020,8,3,5,Wednesday,32,1.3863149906720773,44719.83066666666,42757.682555555555,38774.91795,49390.21,34812.04
2020-08-06,49390.21,2051.5,74.88,2020,8,3,6,Thursday,32,0.5107119054523546,44935.37533333334,42869.19777777778,38852.6037,49390.21,34812.04
2020-08-07,48404.87,2010.1,74.9,2020,8,3,7,Friday,32,-1.9950107521308325,45114.23366666667,42980.53833333333,38925.263999999996,49390.21,34812.04
2020-08-10,48830.59,2024.4,75.02,2020,8,3,10,Monday,33,0.8794982818877362,45306.98733333333,43098.432555555555,38999.1875,49390.21,34812.04
2020-08-11,46663.0,1932.6,75.1,2020,8,3,11,Tuesday,33,-4.439000225063827,45424.10433333333,43166.42322222223,39062.11215,49390.21,34812.04
2020-08-12,46594.12,1934.9,74.9,2020,8,3,12,Wednesday,33,-0.1476115980541315,45522.634666666665,43233.94122222222,39123.4792,49390.21,34812.04
2020-08-13,47038.62,1956.7,74.77,2020,8,3,13,Thursday,33,0.9539830347691902,45651.094666666664,43299.917555555556,39189.01825,49390.21,34812.04
2020-08-14,46725.64,1937.0,75.03,2020,8,3,14,Friday,33,-0.6653681591849536,45765.99666666667,43367.31522222223,39253.56105,49390.21,34812.04
2020-08-17,47802.36,1985.0,74.9,2020,8,3,17,Monday,34,2.3043451090236644,45928.01633333333,43442.37822222222,39322.4234,49390.21,34812.04
2020-08-18,48211.62,1999.4,75.0,2020,8,3,18,Tuesday,34,0.856150198442096,46092.49933333333,43506.94755555556,39391.00205,49390.21,34812.04
2020-08-19,47101.12,1958.7,74.79,2020,8,3,19,Wednesday,34,-2.303386610945657,46200.863666666664,43555.55111111111,39454.464700000004,49390.21,34812.04
2020-08-20,46609.16,1933.8,74.97,2020,8,3,20,Thursday,34,-1.0444762247691752,46309.521666666675,43590.78477777778,39516.57755,49390.21,34812.04
2020-08-21,46649.03,1934.6,75.0,2020,8,3,21,Friday,34,0.08554112539251868,46412.60166666667,43640.60688888889,39580.811499999996,49390.21,34812.04
2020-08-24,46434.24,1927.7,74.92,2020,8,3,24,Monday,35,-0.4604382985026745,46501.70933333333,43682.01111111111,39643.15015,49390.21,34812.04
2020-08-25,45730.52,1911.8,74.4,2020,8,3,25,Tuesday,35,-1.5155195821014877,46562.02566666667,43722.04477777777,39704.6862,49390.21,34812.04
2020-08-26,46454.57,1940.7,74.45,2020,8,3,26,Wednesday,35,1.5832971066150225,46643.403666666665,43772.82677777778,39769.28905,49390.21,34812.04
2020-08-27,45866.15,1921.6,74.24,2020,8,3,27,Thursday,35,-1.2666568649758236,46724.130000000005,43819.573777777776,39831.615300000005,49390.21,34812.04
2020-08-28,46598.41,1964.6,73.77,2020,8,3,28,Friday,35,1.5965150770230307,46820.57466666667,43862.014,39897.53195,49390.21,34812.04
2020-08-31,46260.79,1967.6,73.13,2020,8,3,31,Monday,36,-0.7245311588957692,46905.037000000004,43902.963777777775,39960.1719,49390.21,34812.04
2020-09-01,46617.68,1968.2,73.67,2020,9,3,1,Tuesday,36,0.7714740712382984,46978.295,43950.41511111111,40022.57555,49390.21,34812.04
2020-09-02,45568.34,1934.4,73.27,2020,9,3,2,Wednesday,36,-2.250948567153066,47003.530666666666,43990.29733333333,40080.69235,49390.21,34812.04
2020-09-03,45394.83,1927.6,73.25,2020,9,3,3,Thursday,36,-0.38076875304212665,47001.93766666667,44029.15377777778,40138.116350000004,49390.21,34812.04
2020-09-04,45431.03,1923.9,73.45,2020,9,3,4,Friday,36,0.07974476388610263,46995.23433333333,44068.64888888889,40194.90165,49390.21,34812.04
2020-09-08,45771.52,1933.0,73.65,2020,9,3,8,Tuesday,37,0.7494657286000406,46973.84633333333,44124.43066666667,40253.58855,49390.21,34812.04
2020-09-09,46134.09,1944.7,73.79,2020,9,3,9,Wednesday,37,0.7921301280796378,46948.56166666667,44178.67833333333,40315.4612,49390.21,34812.04
2020-09-10,46210.69,1954.2,73.55,2020,9,3,10,Thursday,37,0.16603773912091668,46916.873,44231.15155555556,40377.782,49390.21,34812.04
2020-09-11,45808.74,1937.8,73.53,2020,9,3,11,Friday,37,-0.8698203813879535,46886.185999999994,44278.31477777778,40438.7441,49390.21,34812.04
2020-09-14,46139.84,1953.1,73.48,2020,9,3,14,Monday,38,0.7227878348105676,46846.755000000005,44332.705,40501.23435,49390.21,34812.04
2020-09-15,46301.23,1956.3,73.61,2020,9,3,15,Tuesday,38,0.34978448126392614,46811.653333333335,44378.77244444445,40565.8557,49390.21,34812.04
2020-09-16,46510.12,1960.2,73.8,2020,9,3,16,Wednesday,38,0.4511543213862712,46746.41266666666,44430.83355555555,40629.84025,49390.21,34812.04
2020-09-17,45875.34,1940.0,73.55,2020,9,3,17,Thursday,38,-1.364821247504855,46637.615666666665,44483.17077777778,40690.6177,49390.21,34812.04
2020-09-18,46182.12,1952.1,73.58,2020,9,3,18,Friday,38,0.6687252890114959,46530.67933333334,44531.68188888889,40751.3287,49390.21,34812.04
2020-09-21,44948.11,1901.2,73.53,2020,9,3,21,Monday,39,-2.6720514346244895,46415.454,44567.74933333333,40805.55945,49390.21,34812.04
2020-09-22,44914.11,1898.6,73.58,2020,9,3,22,Tuesday,39,-0.07564278008574954,46284.90466666667,44598.47233333333,40860.42405,49390.21,34812.04
2020-09-23,43952.68,1859.9,73.5,2020,9,3,23,Wednesday,39,-2.1405967968640582,46194.56066666667,44614.02188888889,40912.74995,49390.21,34812.04
2020-09-24,44316.61,1868.3,73.78,2020,9,3,24,Thursday,39,0.82800411715509,46118.64366666667,44637.36722222222,40967.1029,49390.21,34812.04
2020-09-25,44007.84,1857.7,73.68,2020,9,3,25,Friday,39,-0.6967365057932051,46017.617666666665,44655.293333333335,41020.30175,49390.21,34812.04
2020-09-28,44375.73,1872.8,73.7,2020,9,3,28,Monday,40,0.8359646826565648,45939.28733333333,44673.07788888889,41074.4467,49390.21,34812.04
2020-09-29,45053.08,1894.3,73.97,2020,9,3,29,Tuesday,40,1.5263974248987067,45847.64466666667,44707.91266666667,41132.94845,49390.21,34812.04
2020-09-30,44812.46,1887.5,73.85,2020,9,3,30,Wednesday,40,-0.5340811327438688,45734.33933333333,44737.217333333334,41189.637,49390.21,34812.04
2020-10-01,45222.77,1908.4,73.71,2020,10,4,1,Thursday,40,0.9156158800476488,45671.727666666666,44776.178,41248.13905,49390.21,34812.04
2020-10-02,44730.32,1900.2,73.22,2020,10,4,2,Friday,40,-1.0889425835701738,45609.09966666667,44809.94344444445,41303.67555,49390.21,34812.04
2020-10-05,45084.67,1912.5,73.32,2020,10,4,5,Monday,41,0.7921919628565144,45556.95433333333,44844.93622222222,41360.51465,49390.21,34812.04
2020-10-06,44685.06,1901.1,73.11,2020,10,4,6,Tuesday,41,-0.8863544969942128,45498.64833333333,44870.12544444444,41415.249500000005,49390.21,34812.04
2020-10-07,44701.7,1883.6,73.82,2020,10,4,7,Wednesday,41,0.037238396904903937,45464.35433333333,44898.029,41469.9151,49390.21,34812.04
2020-10-08,44654.9,1888.6,73.54,2020,10,4,8,Thursday,41,-0.10469400492597591,45404.365333333335,44927.475333333336,41523.927149999996,49390.21,34812.04
2020-10-09,45223.83,1919.5,73.28,2020,10,4,9,Friday,41,1.274059509706671,45382.954666666665,44974.68411111111,41578.438650000004,49390.21,34812.04
2020-10-12,45130.28,1922.5,73.01,2020,10,4,12,Monday,42,-0.20685996741098833,45334.017,45012.25277777778,41630.5158,49390.21,34812.04
2020-10-13,44536.14,1888.5,73.35,2020,10,4,13,Tuesday,42,-1.316499698207052,45276.528666666665,45055.06733333333,41679.688050000004,49390.21,34812.04
2020-10-14,45002.56,1901.3,73.62,2020,10,4,14,Wednesday,42,1.0472842954059258,45222.691333333336,45096.94188888889,41731.08125,49390.21,34812.04
2020-10-15,44849.4,1903.2,73.3,2020,10,4,15,Thursday,42,-0.3403361942076133,45198.72666666667,45132.03311111111,41781.14035,49390.21,34812.04
2020-10-16,44838.56,1900.8,73.37,2020,10,4,16,Friday,42,-0.02416977707617729,45180.18433333332,45168.08711111111,41831.272950000006,49390.21,34812.04
2020-10-19,45015.28,1906.4,73.44,2020,10,4,19,Monday,43,0.39412505664766506,45166.326,45198.801,41878.4978,49390.21,34812.04
2020-10-20,45190.31,1910.4,73.57,2020,10,4,20,Tuesday,43,0.3888235283663555,45146.952333333335,45229.01,41923.85055,49390.21,34812.04
2020-10-21,45571.07,1924.6,73.65,2020,10,4,21,Wednesday,43,0.8425700111373446,45128.185000000005,45268.56788888889,41970.31985,49390.21,34812.04
2020-10-22,45035.29,1901.1,73.68,2020,10,4,22,Thursday,43,-1.1757020407903496,45089.005000000005,45299.51822222222,42014.838200000006,49390.21,34812.04
2020-10-23,45080.28,1902.0,73.72,2020,10,4,23,Friday,43,0.09989943442130222,45064.723,45326.895000000004,42062.10875,49390.21,34812.04
2020-10-26,45159.81,1902.7,73.82,2020,10,4,26,Monday,44,0.17641860254637987,45032.05533333333,45357.00722222223,42109.65595,49390.21,34812.04
2020-10-27,45381.68,1908.8,73.95,2020,10,4,27,Tuesday,44,0.4912996755300769,45001.403666666665,45384.747777777775,42159.9546,49390.21,34812.04
2020-10-28,44520.05,1876.2,73.81,2020,10,4,28,Wednesday,44,-1.8986295791605712,44935.06799999999,45400.89777777778,42207.2099,49390.21,34812.04
2020-10-29,44649.4,1865.6,74.44,2020,10,4,29,Thursday,44,0.2905432496145055,44894.20333333334,45417.216555555555,42253.69435,49390.21,34812.04
2020-10-30,44825.58,1877.4,74.26,2020,10,4,30,Friday,44,0.3945853695682455,44848.98533333333,45438.34666666667,42301.72925,49390.21,34812.04
2020-11-02,45310.1,1890.4,74.55,2020,11,4,2,Monday,45,1.0809006821551392,44861.051666666666,45463.57977777778,42350.50229999999,49390.21,34812.04
2020-11-03,45686.44,1908.5,74.46,2020,11,4,3,Tuesday,45,0.8305874407692926,44886.795999999995,45492.896,42401.21715,49390.21,34812.04
2020-11-04,45474.79,1894.6,74.66,2020,11,4,4,Wednesday,45,-0.46326656224473517,44937.533,45518.73266666667,42450.6518,49390.21,34812.04
2020-11-05,46519.33,1945.3,74.38,2020,11,4,5,Thursday,45,2.296964977738214,45010.957,45550.74511111111,42504.4763,49390.21,34812.04
2020-11-06,46475.88,1950.3,74.12,2020,11,4,6,Friday,45,-0.09340203309033956,45093.225,45587.31244444445,42556.7274,49390.21,34812.04
2020-11-09,44078.43,1853.2,73.98,2020,11,4,9,Monday,46,-5.158482206254078,45083.31500000001,45596.19966666667,42596.3276,49390.21,34812.04
2020-11-10,44590.43,1875.4,73.95,2020,11,4,10,Tuesday,46,1.161565872468695,45067.89333333333,45614.51811111111,42639.0691,49390.21,34812.04
2020-11-11,44437.37,1860.7,74.28,2020,11,4,11,Wednesday,46,-0.3432575106362412,45055.39033333333,45627.40966666667,42681.505300000004,49390.21,34812.04
2020-11-12,44895.2,1872.6,74.57,2020,11,4,12,Thursday,46,1.0302814950569728,45044.471333333335,45639.02088888889,42724.484749999996,49390.21,34812.04
2020-11-13,45388.11,1885.7,74.86,2020,11,4,13,Friday,46,1.0979124717119149,45066.397666666664,45661.673,42769.1324,49390.21,34812.04
2020-11-16,45197.69,1887.3,74.49,2020,11,4,16,Monday,47,-0.41953718716201127,45070.165,45679.90700000001,42813.8482,49390.21,34812.04
2020-11-17,45088.46,1884.5,74.42,2020,11,4,17,Tuesday,47,-0.2416716429534449,45083.611666666664,45694.656444444445,42861.55265,49390.21,34812.04
2020-11-18,44862.38,1873.5,74.48,2020,11,4,18,Wednesday,47,-0.5014143308509578,45088.96766666667,45705.11588888889,42907.8145,49390.21,34812.04
2020-11-19,44529.73,1861.1,74.42,2020,11,4,19,Thursday,47,-0.7414898629987898,45084.795333333335,45710.85477777778,42951.3775,49390.21,34812.04
2020-11-20,44611.99,1872.6,74.1,2020,11,4,20,Friday,47,0.18473051599459112,45064.40066666667,45723.82844444444,42994.220049999996,49390.21,34812.04
2020-11-23,43820.04,1837.8,74.16,2020,11,4,23,Monday,48,-1.7751954127130376,45020.726,45725.10588888889,43032.286850000004,49390.21,34812.04
2020-11-24,43081.07,1804.8,74.24,2020,11,4,24,Tuesday,48,-1.686374544614755,44972.22366666667,45717.92977777778,43068.29765000001,49390.21,34812.04
2020-11-25,42937.62,1805.7,73.96,2020,11,4,25,Wednesday,48,-0.33297687360132056,44903.39233333334,45701.45955555556,43103.396799999995,49390.21,34812.04
2020-11-27,42422.09,1781.9,74.05,2020,11,4,27,Friday,48,-1.2006487551010192,44822.481999999996,45674.91311111111,43134.9831,49390.21,34812.04
2020-11-30,42212.89,1775.7,73.94,2020,11,4,30,Monday,49,-0.4931393054891875,44734.95966666667,45639.02722222223,43164.72285,49390.21,34812.04
2020-12-01,43174.92,1814.1,74.03,2020,12,4,1,Tuesday,49,2.2789958233136787,44673.61433333334,45611.72488888889,43197.0832,49390.21,34812.04
2020-12-02,43233.7,1825.7,73.65,2020,12,4,2,Wednesday,49,0.13614385388553973,44608.394,45576.39755555555,43228.2937,49390.21,34812.04
2020-12-03,43501.04,1836.8,73.66,2020,12,4,3,Thursday,49,0.6183602143698286,44539.393000000004,45538.71322222222,43259.13770000001,49390.21,34812.04
2020-12-04,43599.13,1835.9,73.86,2020,12,4,4,Friday,49,0.225488861875478,44491.52099999999,45499.133,43286.492249999996,49390.21,34812.04
2020-12-07,44169.56,1861.8,73.79,2020,12,4,7,Monday,50,1.3083517950931656,44461.163666666675,45470.69088888889,43314.07645000001,49390.21,34812.04
2020-12-08,44521.23,1870.8,74.02,2020,12,4,8,Tuesday,50,0.7961818048447977,44439.87766666667,45439.562666666665,43345.94245,49390.21,34812.04
2020-12-09,43486.57,1834.6,73.73,2020,12,4,9,Wednesday,50,-2.323969935242143,44376.70733333334,45396.588111111116,43373.90015000001,49390.21,34812.04
2020-12-10,43585.84,1833.6,73.93,2020,12,4,10,Thursday,50,0.22827737391106773,44345.567,45342.34922222222,43402.89890000001,49390.21,34812.04
2020-12-11,43610.01,1839.8,73.73,2020,12,4,11,Friday,50,0.05545378957938496,44310.920666666665,45280.913222222225,43440.09195,49390.21,34812.04
2020-12-14,43353.54,1828.7,73.74,2020,12,4,14,Monday,51,-0.5880989249945179,44261.852666666666,45213.83911111111,43472.17875,49390.21,34812.04
2020-12-15,43985.69,1852.3,73.86,2020,12,4,15,Tuesday,51,1.4581277561186434,44217.70566666666,45164.73711111111,43499.868500000004,49390.21,34812.04
2020-12-16,44016.13,1856.1,73.76,2020,12,4,16,Wednesday,51,0.06920432531578591,44162.02866666667,45111.24311111111,43526.4636,49390.21,34812.04
2020-12-17,44666.76,1887.2,73.62,2020,12,4,17,Thursday,51,1.4781626644596146,44135.094333333334,45089.062666666665,43551.452450000004,49390.21,34812.04
2020-12-18,44578.63,1885.7,73.53,2020,12,4,18,Friday,51,-0.19730555786899862,44070.40433333333,45066.668333333335,43575.9803,49390.21,34812.04
2020-12-21,44469.56,1879.2,73.6,2020,12,4,21,Monday,52,-0.24466880206951425,44003.527,45038.12322222222,43599.14614999999,49390.21,34812.04
2020-12-22,44370.45,1866.6,73.94,2020,12,4,22,Tuesday,52,-0.22287155528410985,44013.26099999999,45011.95444444444,43622.5529,49390.21,34812.04
2020-12-23,44764.72,1874.7,74.27,2020,12,4,23,Wednesday,52,0.888586886091991,44019.07066666666,44978.20288888889,43650.57845000001,49390.21,34812.04
2020-12-24,44628.88,1879.9,73.84,2020,12,4,24,Thursday,52,-0.30345325515273025,44025.454333333335,44938.39466666667,43682.7217,49390.21,34812.04
2020-12-28,44473.77,1877.2,73.69,2020,12,4,28,Monday,53,-0.34755521536726786,44011.40666666667,44909.201888888885,43721.618899999994,49390.21,34812.04
2020-12-29,44445.91,1879.7,73.54,2020,12,4,29,Tuesday,53,-0.06264366614296968,43980.0,44885.16577777778,43767.318549999996,49390.21,34812.04
2020-12-30,44657.6,1891.0,73.45,2020,12,4,30,Wednesday,53,0.4762867944429372,43961.997,44863.03877777777,43806.3767,49390.21,34812.04
2020-12-31,44512.67,1893.1,73.13,2020,12,4,31,Thursday,53,-0.32453602522303227,43942.804000000004,44841.688,43853.17444999999,49390.21,34812.04
2021-01-04,45699.68,1944.7,73.09,2021,1,1,4,Monday,1,2.666678947814183,43970.714,44841.34533333333,43903.4479,46030.82,39381.45
2021-01-05,46030.82,1952.7,73.32,2021,1,1,5,Tuesday,1,0.7246002597830037,44020.75033333334,44836.636999999995,43954.30224999999,46030.82,39381.45
2021-01-06,44984.78,1906.9,73.37,2021,1,1,6,Wednesday,1,-2.272477440115128,44033.176666666666,44826.844,43988.7334,46030.82,39381.45
2021-01-07,45103.07,1912.3,73.36,2021,1,1,7,Thursday,1,0.2629556040954384,44075.94433333333,44810.229111111104,44010.067149999995,46030.82,39381.45
2021-01-08,43309.37,1834.1,73.45,2021,1,1,8,Friday,1,-3.9768911517552907,44083.554333333326,44777.43555555556,44023.8852,46030.82,39381.45
2021-01-11,43632.21,1849.6,73.37,2021,1,1,11,Monday,2,0.745427606081539,44106.70733333333,44744.263666666666,44040.858850000004,46030.82,39381.45
2021-01-12,43557.16,1842.9,73.51,2021,1,1,12,Tuesday,2,-0.17200595615027847,44144.543,44721.917222222226,44063.57510000001,46030.82,39381.45
2021-01-13,43602.37,1853.6,73.17,2021,1,1,13,Wednesday,2,0.10379464593190946,44190.859000000004,44702.001000000004,44084.81775,46030.82,39381.45
2021-01-14,43527.66,1850.3,73.17,2021,1,1,14,Thursday,2,-0.17134389713219234,44202.61699999999,44680.85244444444,44110.53495,46030.82,39381.45
2021-01-15,42985.24,1829.3,73.09,2021,1,1,15,Friday,2,-1.2461501491235816,44194.33499999999,44649.893777777776,44134.36060000001,46030.82,39381.45
2021-01-19,43284.71,1839.5,73.19,2021,1,1,19,Tuesday,3,0.6966810002689394,44187.123999999996,44618.234000000004,44148.06495,46030.82,39381.45
2021-01-20,43907.85,1865.9,73.19,2021,1,1,20,Wednesday,3,1.439630761070121,44197.414666666664,44592.64688888889,44165.0167,46030.82,39381.45
2021-01-21,43725.21,1865.3,72.91,2021,1,1,21,Thursday,3,-0.41596206600870156,44182.602999999996,44569.496555555554,44178.139,46030.82,39381.45
2021-01-22,43526.42,1855.7,72.95,2021,1,1,22,Friday,3,-0.45463475189713165,44149.44266666667,44540.45855555555,44192.471849999994,46030.82,39381.45
2021-01-25,43532.11,1854.9,73.0,2021,1,1,25,Monday,4,0.013072520092394235,44150.96066666666,44509.69055555556,44204.898949999995,46030.82,39381.45
2021-01-26,43418.13,1850.7,72.97,2021,1,1,26,Tuesday,4,-0.26182971604179484,44145.37033333334,44475.335111111104,44209.987700000005,46030.82,39381.45
2021-01-27,43252.4,1844.9,72.92,2021,1,1,27,Wednesday,4,-0.38170690446593936,44133.45,44446.191333333336,44212.6157,46030.82,39381.45
2021-01-28,43157.49,1837.9,73.04,2021,1,1,28,Thursday,4,-0.2194329100812964,44126.915,44412.58433333333,44211.2125,46030.82,39381.45
2021-01-29,43319.83,1847.3,72.94,2021,1,1,29,Friday,4,0.3761571861570445,44104.71966666667,44394.492333333335,44216.986450000004,46030.82,39381.45
2021-02-01,43617.15,1860.8,72.91,2021,2,1,1,Monday,5,0.6863369500757388,44091.42033333333,44380.081666666665,44221.5329,46030.82,39381.45
2021-02-02,43032.39,1830.5,73.12,2021,2,1,2,Tuesday,5,-1.340665311695055,44036.941333333336,44369.856222222224,44226.057400000005,46030.82,39381.45
2021-02-03,42952.48,1832.2,72.92,2021,2,1,3,Wednesday,5,-0.1856973317075683,43982.736333333334,44354.699222222225,44231.39885,46030.82,39381.45
2021-02-04,41903.86,1788.9,72.86,2021,2,1,4,Thursday,5,-2.4413491374654095,43897.212999999996,44331.32166666666,44232.62355,46030.82,39381.45
2021-02-05,42470.26,1810.9,72.95,2021,2,1,5,Friday,5,1.35166545516332,43833.87333333333,44310.14977777778,44231.0809,46030.82,39381.45
2021-02-08,42868.0,1831.9,72.78,2021,2,1,8,Monday,6,0.9365141630872875,43770.649333333335,44285.87111111111,44232.54435,46030.82,39381.45
2021-02-09,43033.18,1835.3,72.93,2021,2,1,9,Tuesday,6,0.38532238499580096,43717.45933333333,44266.10133333333,44235.97494999999,46030.82,39381.45
2021-02-10,43113.06,1840.6,72.85,2021,2,1,10,Wednesday,6,0.18562420904055799,43672.10233333333,44242.66011111111,44241.645549999994,46030.82,39381.45
2021-02-11,42717.39,1824.9,72.81,2021,2,1,11,Thursday,6,-0.9177497491479336,43614.485,44220.29422222222,44245.74375,46030.82,39381.45
2021-02-12,42582.87,1821.6,72.71,2021,2,1,12,Friday,6,-0.31490687984447874,43545.32733333333,44192.49644444445,44249.27575,46030.82,39381.45
2021-02-16,41971.57,1797.2,72.64,2021,2,1,16,Tuesday,7,-1.4355537801937768,43460.623999999996,44162.34655555555,44255.3778,46030.82,39381.45
2021-02-17,41530.75,1771.1,72.93,2021,2,1,17,Wednesday,7,-1.0502823697088326,43321.65966666667,44127.11377777778,44256.77255,46030.82,39381.45
2021-02-18,41506.18,1773.4,72.8,2021,2,1,18,Thursday,7,-0.059160983126960165,43170.83833333333,44092.128,44256.86295,46030.82,39381.45
2021-02-19,41452.79,1775.8,72.61,2021,2,1,19,Friday,7,-0.1286314471724448,43053.10533333333,44050.22755555555,44256.30665,46030.82,39381.45
2021-02-22,42143.65,1806.7,72.55,2021,2,1,22,Monday,8,1.666618821073329,42954.458,44017.04277777778,44260.80130000001,46030.82,39381.45
2021-02-23,42026.77,1804.4,72.44,2021,2,1,23,Tuesday,8,-0.2773371551823445,42911.70466666667,43989.16088888889,44260.15935,46030.82,39381.45
2021-02-24,41801.74,1796.4,72.38,2021,2,1,24,Wednesday,8,-0.535444432203569,42850.689000000006,43953.596222222215,44260.04495,46030.82,39381.45
2021-02-25,41302.93,1774.4,72.4,2021,2,1,25,Thursday,8,-1.1932756866101735,42775.547999999995,43914.191,44260.73465,46030.82,39381.45
2021-02-26,40642.39,1728.1,73.15,2021,2,1,26,Friday,8,-1.5992570018640295,42676.882,43867.56688888889,44254.865999999995,46030.82,39381.45
2021-03-01,40757.13,1722.5,73.6,2021,3,1,1,Monday,9,0.2823160744237718,42584.531,43820.25411111111,44250.141449999996,46030.82,39381.45
2021-03-02,40848.3,1733.1,73.31,2021,3,1,2,Tuesday,9,0.22369092229999055,42513.299666666666,43772.00955555555,44243.63775,46030.82,39381.45
2021-03-03,40411.17,1715.3,73.28,2021,3,1,3,Wednesday,9,-1.0701302134972668,42417.515,43714.67733333333,44232.9275,46030.82,39381.45
2021-03-04,39838.53,1700.2,72.88,2021,3,1,4,Thursday,9,-1.417033953731106,42281.87100000001,43656.93555555556,44221.0425,46030.82,39381.45
2021-03-05,39924.06,1698.0,73.13,2021,3,1,5,Friday,9,0.21469165654455225,42155.166,43599.644222222225,44208.690350000004,46030.82,39381.45
2021-03-08,39447.62,1677.7,73.13,2021,3,1,8,Monday,10,-1.193365604600316,42019.206,43536.175444444445,44192.05285,46030.82,39381.45
2021-03-09,40470.78,1716.6,73.33,2021,3,1,9,Tuesday,10,2.593717948002938,41917.16166666667,43481.60988888889,44184.817,46030.82,39381.45
2021-03-10,40279.62,1721.5,72.78,2021,3,1,10,Wednesday,10,-0.47234078512941036,41812.54466666666,43434.494,44175.3399,46030.82,39381.45
2021-03-11,40259.63,1722.3,72.71,2021,3,1,11,Thursday,10,-0.04962807494213184,41712.78566666667,43385.71877777778,44168.056500000006,46030.82,39381.45
2021-03-12,40157.14,1719.5,72.64,2021,3,1,12,Friday,10,-0.2545726326844022,41612.774,43333.84722222222,44160.38505,46030.82,39381.45
2021-03-15,40401.12,1728.9,72.68,2021,3,1,15,Monday,11,0.6075631880158916,41515.48366666667,43279.303,44152.71405,46030.82,39381.45
2021-03-16,40347.54,1730.6,72.52,2021,3,1,16,Tuesday,11,-0.1326200857797999,41406.49666666667,43219.981888888884,44142.361600000004,46030.82,39381.45
2021-03-17,40259.12,1726.8,72.52,2021,3,1,17,Wednesday,11,-0.2191459504098603,41314.054333333326,43162.03,44132.7053,46030.82,39381.45
2021-03-18,40262.49,1732.2,72.3,2021,3,1,18,Thursday,11,0.008370774125210367,41224.388,43092.50955555556,44123.9941,46030.82,39381.45
2021-03-19,40685.28,1741.4,72.67,2021,3,1,19,Friday,11,1.0500840857085691,41183.76866666667,43028.169555555556,44122.545300000005,46030.82,39381.45
2021-03-22,40453.78,1737.8,72.4,2021,3,1,22,Monday,12,-0.5690018601322122,41116.55266666667,42987.89566666667,44116.0687,46030.82,39381.45
2021-03-23,40135.24,1724.7,72.38,2021,3,1,23,Tuesday,12,-0.7874171461851098,41025.460666666666,42938.39355555556,44113.33075,46030.82,39381.45
2021-03-24,40455.15,1732.9,72.61,2021,3,1,24,Wednesday,12,0.7970800722756355,40939.52633333333,42894.14666666666,44109.437249999995,46030.82,39381.45
2021-03-25,40286.91,1724.9,72.65,2021,3,1,25,Thursday,12,-0.4158679426475964,40845.32133333334,42842.94344444445,44102.41585,46030.82,39381.45
2021-03-26,40439.14,1732.2,72.61,2021,3,1,26,Friday,12,0.37786467117979505,40769.37966666666,42787.95488888889,44096.64305,46030.82,39381.45
2021-03-29,39878.74,1712.1,72.45,2021,3,1,29,Monday,13,-1.3857861467874932,40679.242,42728.855444444445,44084.781599999995,46030.82,39381.45
2021-03-30,39381.45,1683.9,72.74,2021,3,1,30,Tuesday,13,-1.2470052965565137,40592.90466666666,42665.44422222222,44069.33135,46030.82,39381.45
2021-03-31,40468.29,1713.8,73.45,2021,3,1,31,Wednesday,13,2.759776493755317,40557.48933333333,42616.621,44061.6185,46030.82,39381.45
2021-04-01,40633.96,1726.5,73.2,2021,4,2,1,Thursday,13,0.4093822595419683,40528.41533333333,42573.33466666667,44053.5395,46030.82,39381.45
2021-04-05,40741.51,1727.0,73.38,2021,4,2,5,Monday,14,0.26468008532765097,40504.706,42530.32933333333,44044.1652,46030.82,39381.45
2021-04-06,41029.55,1741.5,73.28,2021,4,2,6,Tuesday,14,0.7069939233965483,40467.569333333326,42499.323888888895,44037.064399999996,46030.82,39381.45
2021-04-07,41114.33,1740.1,73.49,2021,4,2,7,Wednesday,14,0.20663156188649445,40437.15466666667,42477.471222222215,44028.2109,46030.82,39381.45
2021-04-08,42023.74,1756.8,74.4,2021,4,2,8,Thursday,14,2.2119051921799526,40444.55466666666,42467.316999999995,44022.996849999996,46030.82,39381.45
2021-04-09,41780.97,1743.3,74.54,2021,4,2,9,Friday,14,-0.5776972730175745,40460.48933333333,42460.19344444445,44015.99815000001,46030.82,39381.45
2021-04-12,41593.94,1731.2,74.73,2021,4,2,12,Monday,15,-0.44764398720278376,40492.20766666667,42453.31622222222,44009.34849999999,46030.82,39381.45
2021-04-13,42101.14,1746.2,74.99,2021,4,2,13,Tuesday,15,1.2194084042050246,40537.008,42441.38533333333,44004.6586,46030.82,39381.45
2021-04-14,41934.96,1734.9,75.18,2021,4,2,14,Wednesday,15,-0.3947161525792442,40573.229999999996,42426.95488888889,43999.093499999995,46030.82,39381.45
2021-04-15,42583.98,1765.4,75.03,2021,4,2,15,Thursday,15,1.547682411047968,40645.657,42416.76533333334,43996.26595,46030.82,39381.45
2021-04-16,42741.19,1779.0,74.73,2021,4,2,16,Friday,15,0.3691763898066913,40742.41233333333,42407.23266666666,43991.78085000001,46030.82,39381.45
2021-04-19,42417.13,1769.4,74.56,2021,4,2,19,Monday,16,-0.7581913372089244,40825.51466666667,42387.76122222222,43987.9424,46030.82,39381.45
2021-04-20,42786.51,1777.3,74.88,2021,4,2,20,Tuesday,16,0.8708274227888779,40936.811,42368.48655555556,43985.48205,46030.82,39381.45
2021-04-21,43476.65,1792.3,75.45,2021,4,2,21,Wednesday,16,1.612985027290148,41037.00666666667,42368.37633333333,43988.156449999995,46030.82,39381.45
2021-04-22,43196.11,1781.2,75.43,2021,4,2,22,Thursday,16,-0.6452659071018552,41134.223000000005,42364.046,43987.75135,46030.82,39381.45
2021-04-23,42901.26,1777.0,75.09,2021,4,2,23,Friday,16,-0.6825846123644008,41222.27733333334,42356.170999999995,43983.0067,46030.82,39381.45
2021-04-26,42826.47,1779.2,74.87,2021,4,2,26,Monday,17,-0.17433054413786842,41311.255000000005,42350.314666666665,43980.391950000005,46030.82,39381.45
2021-04-27,42767.18,1778.0,74.81,2021,4,2,27,Tuesday,17,-0.13844241657087197,41390.12366666667,42336.77566666667,43976.4447,46030.82,39381.45
2021-04-28,42514.95,1773.2,74.57,2021,4,2,28,Wednesday,17,-0.5897746823615768,41462.37066666666,42320.095888888885,43970.214400000004,46030.82,39381.45
2021-04-29,42243.06,1768.1,74.31,2021,4,2,29,Thursday,17,-0.6395162172365243,41528.502,42293.16588888889,43961.82455,46030.82,39381.45
2021-04-30,42106.89,1767.3,74.11,2021,4,2,30,Friday,17,-0.3223488071176672,41589.981999999996,42265.70211111111,43952.29285,46030.82,39381.45
2021-05-03,42674.76,1791.4,74.09,2021,5,2,3,Monday,18,1.3486391419551547,41656.297999999995,42245.75988888889,43948.44484999999,46030.82,39381.45
2021-05-04,42156.23,1775.8,73.84,2021,5,2,4,Tuesday,18,-1.2150742031120987,41713.04633333334,42221.15744444444,43940.700650000006,46030.82,39381.45
2021-05-05,42319.65,1784.1,73.78,2021,5,2,5,Wednesday,18,0.38765326026544145,41785.86,42193.99,43933.664300000004,46030.82,39381.45
2021-05-06,43076.44,1815.5,73.8,2021,5,2,6,Thursday,18,1.7882709332426083,41873.236333333334,42176.740666666665,43926.9468,46030.82,39381.45
2021-05-07,43338.14,1831.1,73.62,2021,5,2,7,Friday,18,0.6075246700980808,41974.944,42164.12255555555,43919.581150000005,46030.82,39381.45
2021-05-10,43297.67,1837.5,73.29,2021,5,2,10,Monday,19,-0.09338194947914324,42070.22833333334,42151.36433333333,43908.856400000004,46030.82,39381.45
2021-05-11,43383.75,1835.9,73.5,2021,5,2,11,Tuesday,19,0.19880977429040936,42187.062000000005,42137.21044444444,43897.6145,46030.82,39381.45
2021-05-12,42996.27,1822.6,73.38,2021,5,2,12,Wednesday,19,-0.8931454749762424,42307.556000000004,42120.36155555556,43880.53005,46030.82,39381.45
2021-05-13,43204.31,1823.8,73.68,2021,5,2,13,Thursday,19,0.48385592517676823,42398.756666666675,42092.63522222222,43862.08845000001,46030.82,39381.45
2021-05-14,43398.45,1837.9,73.44,2021,5,2,14,Friday,19,0.44935331683344515,42490.90633333334,42063.38666666667,43843.273949999995,46030.82,39381.45
2021-05-17,43997.73,1867.5,73.28,2021,5,2,17,Monday,20,1.3808788101879355,42599.44700000001,42052.419444444444,43829.61585,46030.82,39381.45
2021-05-18,43999.28,1867.8,73.27,2021,5,2,18,Tuesday,20,0.0035229090227906212,42698.438,42040.15511111111,43812.9984,46030.82,39381.45
2021-05-19,44231.7,1881.3,73.13,2021,5,2,19,Wednesday,20,0.5282359165877271,42802.350333333336,42050.40322222222,43797.385500000004,46030.82,39381.45
2021-05-20,44300.76,1881.8,73.22,2021,5,2,20,Thursday,20,0.1561323666058545,42878.251000000004,42057.83155555555,43776.55260000001,46030.82,39381.45
2021-05-21,44059.41,1876.7,73.02,2021,5,2,21,Friday,20,-0.5447987799757859,42954.199,42063.41211111111,43751.15340000001,46030.82,39381.45
2021-05-24,44176.96,1884.6,72.91,2021,5,2,24,Monday,21,0.26679885182301355,43040.299666666666,42069.796444444444,43725.08715,46030.82,39381.45
2021-05-25,44448.74,1898.1,72.84,2021,5,2,25,Tuesday,21,0.6152075652104516,43118.55299999999,42080.03066666667,43705.306500000006,46030.82,39381.45
2021-05-26,44504.3,1901.3,72.8,2021,5,2,26,Wednesday,21,0.12499791895115298,43204.19766666667,42096.90911111111,43683.67505,46030.82,39381.45
2021-05-27,44292.53,1895.7,72.67,2021,5,2,27,Thursday,21,-0.4758416602440807,43261.149333333335,42108.107111111116,43671.8227,46030.82,39381.45
2021-05-28,44457.83,1902.5,72.68,2021,5,2,28,Friday,21,0.3732006277356481,43318.37066666667,42114.21799999999,43661.14125,46030.82,39381.45
2021-06-01,44347.39,1902.9,72.49,2021,6,2,1,Tuesday,22,-0.24841518355709358,43382.712666666666,42121.131111111106,43647.68510000001,46030.82,39381.45
2021-06-02,44680.15,1907.5,72.86,2021,6,2,2,Wednesday,22,0.7503485548980393,43445.834,42133.950333333334,43637.45765,46030.82,39381.45
2021-06-03,43896.12,1871.2,72.97,2021,6,2,3,Thursday,22,-1.75476134256487,43459.816333333336,42137.99488888889,43617.926450000006,46030.82,39381.45
2021-06-04,44380.51,1889.8,73.04,2021,6,2,4,Friday,22,1.103491607003071,43499.29633333333,42148.688,43598.770899999996,46030.82,39381.45
2021-06-07,44462.88,1896.8,72.91,2021,6,2,7,Monday,23,0.18559948950562788,43551.350333333336,42162.137777777774,43585.57970000001,46030.82,39381.45
2021-06-08,44294.03,1892.2,72.81,2021,6,2,8,Tuesday,23,-0.37975497763527155,43600.26899999999,42174.765999999996,43574.00405,46030.82,39381.45
2021-06-09,44418.42,1893.2,72.98,2021,6,2,9,Wednesday,23,0.28082791292640685,43655.310333333335,42186.972555555556,43562.850999999995,46030.82,39381.45
2021-06-10,44447.97,1894.2,72.99,2021,6,2,10,Thursday,23,0.06652645456548534,43719.744333333336,42196.20388888889,43552.91965000001,46030.82,39381.45
2021-06-11,44070.05,1877.4,73.01,2021,6,2,11,Friday,23,-0.8502525537161687,43780.644,42207.73344444444,43544.6173,46030.82,39381.45
2021-06-14,43886.93,1864.0,73.23,2021,6,2,14,Monday,24,-0.4155202909912781,43839.97866666667,42218.11622222222,43531.77909999999,46030.82,39381.45
2021-06-15,43632.97,1854.5,73.18,2021,6,2,15,Tuesday,24,-0.5786688656508887,43871.919,42237.328555555556,43520.6132,46030.82,39381.45
2021-06-16,43848.59,1859.5,73.34,2021,6,2,16,Wednesday,24,0.49416759849258973,43928.331,42252.64333333333,43506.8641,46030.82,39381.45
2021-06-17,42101.11,1773.8,73.82,2021,6,2,17,Thursday,24,-3.985259275155706,43921.04633333333,42244.12233333333,43486.06569999999,46030.82,39381.45
2021-06-18,42205.37,1767.9,74.25,2021,6,2,18,Friday,24,0.24764192678055075,43892.01066666667,42234.92444444445,43464.00415,46030.82,39381.45
2021-06-21,42474.19,1781.8,74.14,2021,6,2,21,Monday,25,0.6369331675092571,43863.21233333333,42227.82588888889,43448.5334,46030.82,39381.45
2021-06-22,42338.12,1776.3,74.14,2021,6,2,22,Tuesday,25,-0.32035925817537336,43831.227333333336,42223.611777777776,43433.24985,46030.82,39381.45
2021-06-23,42594.01,1782.3,74.33,2021,6,2,23,Wednesday,25,0.604396227324222,43804.90266666667,42223.735555555555,43419.064750000005,46030.82,39381.45
2021-06-24,42385.2,1775.6,74.25,2021,6,2,24,Thursday,25,-0.4902332511073859,43784.53366666667,42228.33144444445,43402.133149999994,46030.82,39381.45
2021-06-25,42376.74,1776.6,74.19,2021,6,2,25,Friday,25,-0.019959797287727454,43756.948,42237.73133333333,43383.346399999995,46030.82,39381.45
2021-06-28,42461.28,1779.6,74.21,2021,6,2,28,Monday,26,0.19949623307502495,43725.709,42248.343555555555,43364.59935,46030.82,39381.45
2021-06-29,42101.47,1762.8,74.29,2021,6,2,29,Tuesday,26,-0.847383781176636,43662.50033333334,42255.551111111105,43346.062999999995,46030.82,39381.45
2021-06-30,42293.79,1770.8,74.29,2021,6,2,30,Wednesday,26,0.45680115207378247,43605.65066666667,42257.21933333333,43326.832749999994,46030.82,39381.45
2021-07-01,42463.22,1775.9,74.37,2021,7,3,1,Thursday,26,0.40060254708789156,43546.70133333334,42262.06877777778,43307.6427,46030.82,39381.45
2021-07-02,42723.14,1782.6,74.54,2021,7,3,2,Friday,26,0.6121061944901918,43494.113999999994,42272.30655555556,43288.707800000004,46030.82,39381.45
2021-07-06,42853.37,1793.5,74.32,2021,7,3,6,Tuesday,27,0.3048231005492674,43453.91266666667,42289.53366666666,43273.597949999996,46030.82,39381.45
2021-07-07,43302.32,1801.5,74.76,2021,7,3,7,Wednesday,27,1.0476422274374064,43424.75800000001,42319.088444444445,43259.19895,46030.82,39381.45
2021-07-08,43290.78,1799.6,74.82,2021,7,3,8,Thursday,27,-0.026649842317916228,43386.15933333334,42347.24011111111,43250.912299999996,46030.82,39381.45
2021-07-09,43482.48,1810.0,74.72,2021,7,3,9,Friday,27,0.44281946409836515,43352.098666666665,42376.50877777778,43243.75415,46030.82,39381.45
2021-07-12,43240.34,1805.5,74.49,2021,7,3,12,Monday,28,-0.5568679615330252,43317.02566666667,42407.944,43240.19245,46030.82,39381.45
2021-07-13,43363.53,1809.4,74.54,2021,7,3,13,Tuesday,28,0.28489600220535927,43280.549,42447.11066666667,43235.42705,46030.82,39381.45
2021-07-14,43789.48,1824.3,74.66,2021,7,3,14,Wednesday,28,0.9822770424824823,43261.952000000005,42490.05977777777,43234.33525,46030.82,39381.45
2021-07-15,43776.2,1828.4,74.47,2021,7,3,15,Thursday,28,-0.030326918702860972,43231.82033333333,42538.15511111111,43231.3376,46030.82,39381.45
2021-07-16,43483.01,1814.5,74.54,2021,7,3,16,Friday,28,-0.6697474883612498,43218.05,42571.62433333333,43223.487250000006,46030.82,39381.45
2021-07-19,43399.14,1808.7,74.63,2021,7,3,19,Monday,29,-0.19287993172506512,43185.33766666667,42606.28566666666,43216.42065000001,46030.82,39381.45
2021-07-20,43662.47,1810.9,74.99,2021,7,3,20,Tuesday,29,0.6067631754915093,43158.65733333333,42644.095,43208.61915,46030.82,39381.45
2021-07-21,43199.23,1802.9,74.53,2021,7,3,21,Wednesday,29,-1.0609569270817687,43122.164,42677.89599999999,43200.9637,46030.82,39381.45
2021-07-22,43199.18,1805.0,74.44,2021,7,3,22,Thursday,29,-0.00011574280375237223,43081.522666666664,42708.985555555555,43191.53625,46030.82,39381.45
2021-07-23,43119.85,1801.4,74.45,2021,7,3,23,Friday,29,-0.1836377449757176,43037.252,42739.789000000004,43183.710199999994,46030.82,39381.45
2021-07-26,43053.43,1798.7,74.45,2021,7,3,26,Monday,30,-0.15403578630259762,43003.36466666667,42770.836888888894,43175.46885,46030.82,39381.45
2021-07-27,42980.36,1799.5,74.29,2021,7,3,27,Tuesday,30,-0.16971934640283015,42973.14566666667,42801.035444444446,43167.096150000005,46030.82,39381.45
2021-07-28,43103.47,1799.5,74.5,2021,7,3,28,Wednesday,30,0.28643315225838073,42955.49566666667,42827.90422222222,43156.49434999999,46030.82,39381.45
2021-07-29,43796.67,1831.2,74.39,2021,7,3,29,Thursday,30,1.6082231894555044,42953.765,42865.04744444445,43149.8263,46030.82,39381.45
2021-07-30,43271.39,1812.6,74.25,2021,7,3,30,Friday,30,-1.1993605906567728,42992.774333333335,42899.89355555556,43143.50255,46030.82,39381.45
2021-08-02,43476.98,1818.1,74.38,2021,8,3,2,Monday,31,0.47511762390808343,43035.16133333334,42933.46944444445,43135.87465,46030.82,39381.45
2021-08-03,43258.27,1810.1,74.33,2021,8,3,3,Tuesday,31,-0.5030478197887822,43061.29733333333,42966.48455555555,43127.918999999994,46030.82,39381.45
2021-08-04,43199.37,1810.5,74.21,2021,8,3,4,Wednesday,31,-0.1361589356208559,43090.005666666664,42997.15377777778,43119.72305000001,46030.82,39381.45
2021-08-05,43052.88,1805.1,74.18,2021,8,3,5,Thursday,31,-0.3391021674621797,43105.30133333333,43032.422,43109.911049999995,46030.82,39381.45
2021-08-06,41919.5,1760.0,74.08,2021,8,3,6,Friday,31,-2.6325300421249365,43089.778,43060.62255555555,43093.557,46030.82,39381.45
2021-08-09,41274.61,1723.4,74.49,2021,8,3,9,Monday,32,-1.5384009828361522,43053.04033333333,43069.581666666665,43072.0747,46030.82,39381.45
2021-08-10,41389.93,1728.8,74.47,2021,8,3,10,Tuesday,32,0.2793969464520707,43017.32866666666,43077.98133333333,43053.8479,46030.82,39381.45
2021-08-11,41889.79,1750.4,74.44,2021,8,3,11,Wednesday,32,1.2076850576939968,43010.272666666664,43090.74,43037.895449999996,46030.82,39381.45
2021-08-12,41669.31,1749.0,74.1,2021,8,3,12,Thursday,32,-0.5263335051333584,42989.456666666665,43097.84844444444,43020.44295,46030.82,39381.45
2021-08-13,42383.18,1775.2,74.26,2021,8,3,13,Friday,32,1.7131793159042008,42986.78866666667,43111.94677777778,43005.45045,46030.82,39381.45
2021-08-16,42637.64,1786.9,74.22,2021,8,3,16,Monday,33,0.6003796789197935,42983.93866666667,43118.767888888884,42996.0384,46030.82,39381.45
2021-08-17,42545.37,1785.0,74.14,2021,8,3,17,Tuesday,33,-0.21640503555073742,42973.672,43127.26122222222,42985.51825,46030.82,39381.45
2021-08-18,42595.78,1781.6,74.36,2021,8,3,18,Wednesday,33,0.11848527818654198,42950.12066666666,43138.39277777778,42974.369249999996,46030.82,39381.45
2021-08-19,42508.11,1780.2,74.27,2021,8,3,19,Thursday,33,-0.20581851065997192,42924.03166666667,43142.91466666667,42960.359300000004,46030.82,39381.45
2021-08-20,42618.54,1781.0,74.43,2021,8,3,20,Friday,33,0.2597857208894938,42895.23366666667,43150.51,42945.019799999995,46030.82,39381.45
2021-08-23,43075.69,1803.2,74.3,2021,8,3,23,Monday,34,1.0726552340835749,42889.74533333334,43155.97344444444,42933.024300000005,46030.82,39381.45
2021-08-24,43019.47,1805.6,74.11,2021,8,3,24,Tuesday,34,-0.13051445026185382,42878.276666666665,43159.06544444444,42915.525,46030.82,39381.45
2021-08-25,42627.27,1788.2,74.14,2021,8,3,25,Wednesday,34,-0.9116802229316323,42839.53633333334,43161.40033333333,42896.28195,46030.82,39381.45
2021-08-26,42696.81,1792.2,74.1,2021,8,3,26,Thursday,34,0.1631350072383242,42803.556666666664,43160.403666666665,42889.373849999996,46030.82,39381.45
2021-08-27,43310.81,1816.6,74.16,2021,8,3,27,Friday,34,1.4380465425871458,42797.816666666666,43158.560999999994,42882.975750000005,46030.82,39381.45
2021-08-30,42746.1,1809.0,73.5,2021,8,3,30,Monday,35,-1.303854626593215,42776.04866666666,43153.56088888889,42874.5194,46030.82,39381.45
2021-08-31,42838.05,1815.0,73.41,2021,8,3,31,Tuesday,35,0.21510734312604196,42748.568,43152.858555555555,42864.23365,46030.82,39381.45
2021-09-01,42551.58,1813.1,73.0,2021,9,3,1,Wednesday,35,-0.6687279182876038,42726.979666666666,43149.80422222222,42850.05100000001,46030.82,39381.45
2021-09-02,42441.57,1808.7,72.99,2021,9,3,2,Thursday,35,-0.25853329065572694,42701.726,43146.18633333333,42836.270399999994,46030.82,39381.45
2021-09-03,43003.24,1830.9,73.05,2021,9,3,3,Friday,35,1.3233959064191003,42697.839,43151.611777777776,42825.8443,46030.82,39381.45
2021-09-07,42213.34,1795.9,73.11,2021,9,3,7,Tuesday,36,-1.8368383405529487,42669.836,43151.28155555556,42812.59909999999,46030.82,39381.45
2021-09-08,42252.54,1790.7,73.39,2021,9,3,8,Wednesday,36,0.09286164041983902,42645.575333333334,43152.89988888889,42801.21315,46030.82,39381.45
2021-09-09,42640.97,1797.4,73.79,2021,9,3,9,Thursday,36,0.9193056796112042,42630.15866666667,43152.52444444445,42791.35805000001,46030.82,39381.45
2021-09-10,42311.51,1789.6,73.54,2021,9,3,10,Friday,36,-0.772637207830873,42580.653333333335,43154.249777777775,42783.8154,46030.82,39381.45
2021-09-13,42360.36,1792.0,73.52,2021,9,3,13,Monday,37,0.11545321828505539,42550.28566666667,43154.70211111112,42780.21184999999,46030.82,39381.45
2021-09-14,42670.14,1804.7,73.54,2021,9,3,14,Tuesday,37,0.7312969011594728,42523.390999999996,43150.187666666665,42778.87445,46030.82,39381.45
2021-09-15,42442.72,1792.4,73.65,2021,9,3,15,Wednesday,37,-0.5329722377287682,42496.206000000006,43140.23855555556,42778.9776,46030.82,39381.45
2021-09-16,41427.59,1754.6,73.44,2021,9,3,16,Thursday,37,-2.3917647125349273,42437.14666666666,43119.45988888889,42775.0511,46030.82,39381.45
2021-09-17,41376.19,1749.4,73.56,2021,9,3,17,Friday,37,-0.12407190473786578,42381.257000000005,43097.153666666665,42766.05745,46030.82,39381.45
2021-09-20,41743.79,1761.8,73.7,2021,9,3,20,Monday,38,0.8884336619683797,42375.4,43083.237222222226,42758.6079,46030.82,39381.45
2021-09-21,42059.05,1776.0,73.66,2021,9,3,21,Tuesday,38,0.7552261066855692,42401.547999999995,43070.512111111115,42751.39795,46030.82,39381.45
2021-09-22,42152.01,1776.7,73.79,2021,9,3,22,Wednesday,38,0.22102258610214864,42426.950666666664,43056.662777777776,42744.162350000006,46030.82,39381.45
2021-09-23,41510.17,1747.7,73.87,2021,9,3,23,Thursday,38,-1.5226794641584163,42414.29666666667,43029.02322222222,42730.8654,46030.82,39381.45
2021-09-24,41538.04,1749.7,73.84,2021,9,3,24,Friday,38,0.06714017311901799,42409.920999999995,43001.67611111111,42715.94944999999,46030.82,39381.45
2021-09-27,41529.91,1750.0,73.81,2021,9,3,27,Monday,39,-0.01957242084603683,42381.47866666667,42971.65622222222,42706.16614999999,46030.82,39381.45
2021-09-28,41199.85,1735.8,73.83,2021,9,3,28,Tuesday,39,-0.7947525048814352,42333.552333333326,42937.20166666667,42694.2362,46030.82,39381.45
2021-09-29,41047.51,1721.5,74.16,2021,9,3,29,Wednesday,39,-0.36975862776198465,42283.62366666667,42903.73611111111,42681.4237,46030.82,39381.45
2021-09-30,41943.0,1755.3,74.32,2021,9,3,30,Thursday,39,2.18159396270321,42261.86433333333,42878.914333333334,42674.37100000001,46030.82,39381.45
2021-10-01,41945.44,1757.0,74.25,2021,10,4,1,Friday,39,0.005817418877995806,42243.10866666667,42851.099888888886,42664.169749999994,46030.82,39381.45
2021-10-04,42106.98,1766.2,74.15,2021,10,4,4,Monday,40,0.3851193359754923,42226.05666666667,42824.462999999996,42654.624,46030.82,39381.45
2021-10-05,42187.63,1759.6,74.57,2021,10,4,5,Tuesday,40,0.1915359401220229,42196.454666666665,42801.07522222222,42642.22835,46030.82,39381.45
2021-10-06,42203.78,1760.5,74.56,2021,10,4,6,Wednesday,40,0.03828136351817779,42169.265,42776.03022222222,42630.354100000004,46030.82,39381.45
2021-10-07,42252.68,1757.9,74.76,2021,10,4,7,Thursday,40,0.11586639869698434,42156.778666666665,42752.75566666667,42619.269700000004,46030.82,39381.45
2021-10-08,42253.75,1756.3,74.83,2021,10,4,8,Friday,40,0.002532383744657807,42142.01,42725.79566666667,42608.686200000004,46030.82,39381.45
2021-10-11,42481.25,1754.6,75.31,2021,10,4,11,Monday,41,0.5384137502588482,42114.358,42710.07488888889,42597.26885,46030.82,39381.45
2021-10-12,42625.56,1758.3,75.4,2021,10,4,12,Tuesday,41,0.3397028100632582,42110.34,42690.57544444445,42587.25225,46030.82,39381.45
2021-10-13,43530.62,1793.7,75.48,2021,10,4,13,Wednesday,41,2.123280022596785,42133.42566666667,42680.217,42582.5365,46030.82,39381.45
2021-10-14,43500.83,1796.7,75.31,2021,10,4,14,Thursday,41,-0.06843458696430549,42165.06733333333,42671.403666666665,42577.811100000006,46030.82,39381.45
2021-10-15,42609.73,1767.2,75.0,2021,10,4,15,Friday,41,-2.0484666614407065,42170.672666666665,42651.30711111111,42567.57175000001,46030.82,39381.45
2021-10-18,42558.04,1764.8,75.01,2021,10,4,18,Monday,42,-0.1213103204362076,42155.83266666667,42630.307888888885,42557.7986,46030.82,39381.45
2021-10-19,42806.84,1769.7,75.24,2021,10,4,19,Tuesday,42,0.5846133891504346,42175.616,42616.27222222222,42543.33439999999,46030.82,39381.45
2021-10-20,43088.97,1784.1,75.12,2021,10,4,20,Wednesday,42,0.6590769138763886,42203.496999999996,42607.406,42528.62515000001,46030.82,39381.45
2021-10-21,42840.88,1781.2,74.81,2021,10,4,21,Thursday,42,-0.5757621962186654,42210.16066666666,42598.604999999996,42517.90564999999,46030.82,39381.45
2021-10-22,43217.27,1795.5,74.87,2021,10,4,22,Friday,42,0.8785767239141595,42240.35266666666,42591.59033333333,42508.47665,46030.82,39381.45
2021-10-25,43544.49,1806.0,74.99,2021,10,4,25,Monday,43,0.7571510185627295,42279.82366666666,42607.62788888889,42509.65225000001,46030.82,39381.45
2021-10-26,43279.26,1792.7,75.09,2021,10,4,26,Tuesday,43,-0.6091011744539854,42300.12766666666,42619.56,42507.8875,46030.82,39381.45
2021-10-27,43288.62,1797.9,74.89,2021,10,4,27,Wednesday,43,0.021626987152734145,42328.32433333333,42628.60922222222,42506.544799999996,46030.82,39381.45
2021-10-28,43471.02,1801.6,75.05,2021,10,4,28,Thursday,43,0.4213578534034923,42396.43866666667,42641.197,42505.888049999994,46030.82,39381.45
2021-10-29,42877.3,1783.0,74.8,2021,10,4,29,Friday,43,-1.3657834575770078,42446.475666666665,42644.344666666664,42502.63625,46030.82,39381.45
2021-11-01,43243.94,1795.1,74.93,2021,11,4,1,Monday,44,0.855091155459875,42496.48066666667,42653.88622222222,42503.929749999996,46030.82,39381.45
2021-11-02,43033.18,1788.7,74.83,2021,11,4,2,Tuesday,44,-0.48737464717599766,42528.95166666667,42661.18,42502.672099999996,46030.82,39381.45
2021-11-03,42362.46,1763.6,74.71,2021,11,4,3,Wednesday,44,-1.5586112855243361,42535.96666666667,42660.082,42494.94515000001,46030.82,39381.45
2021-11-04,42909.27,1793.0,74.44,2021,11,4,4,Thursday,44,1.2907890618250262,42582.603333333325,42669.057555555555,42490.86545,46030.82,39381.45
2021-11-05,43494.15,1816.4,74.48,2021,11,4,5,Friday,44,1.363062107558588,42647.80700000001,42682.39488888889,42490.7041,46030.82,39381.45
2021-11-08,43588.93,1827.4,74.19,2021,11,4,8,Monday,45,0.21791436319595903,42716.441,42694.90277777778,42490.9882,46030.82,39381.45
2021-11-09,43495.31,1830.2,73.92,2021,11,4,9,Tuesday,45,-0.214779302910173,42792.95633333334,42703.482444444446,42491.3741,46030.82,39381.45
2021-11-10,44061.07,1847.6,74.17,2021,11,4,10,Wednesday,45,1.3007379416309472,42893.40833333333,42716.901333333335,42495.41745,46030.82,39381.45
2021-11-11,44570.93,1863.2,74.4,2021,11,4,11,Thursday,45,1.1571666325851826,42981.00600000001,42730.997,42502.48465,46030.82,39381.45
2021-11-12,44633.64,1867.9,74.32,2021,11,4,12,Friday,45,0.14069708664368186,43070.61266666666,42745.91766666667,42509.05369999999,46030.82,39381.45
2021-11-15,44601.37,1866.1,74.34,2021,11,4,15,Monday,46,-0.07229972729089207,43153.759,42758.34977777778,42513.9748,46030.82,39381.45
2021-11-16,44359.28,1853.6,74.44,2021,11,4,16,Tuesday,46,-0.54278601755956,43226.147333333334,42770.78244444444,42520.60925,46030.82,39381.45
2021-11-17,44758.71,1869.7,74.46,2021,11,4,17,Wednesday,46,0.9004429287400528,43311.31166666667,42786.28444444445,42529.640400000004,46030.82,39381.45
2021-11-18,44431.49,1861.0,74.26,2021,11,4,18,Thursday,46,-0.7310755828306981,43383.93866666667,42793.417888888885,42542.27855,46030.82,39381.45
2021-11-19,44146.69,1851.2,74.17,2021,11,4,19,Friday,46,-0.6409868316367362,43447.03666666667,42797.53444444444,42550.6607,46030.82,39381.45
2021-11-22,43143.21,1806.0,74.3,2021,11,4,22,Monday,47,-2.273058297235886,43469.102,42793.75888888889,42552.03675,46030.82,39381.45
2021-11-23,42678.65,1783.5,74.43,2021,11,4,23,Tuesday,47,-1.0767858951617137,43470.871666666666,42785.753444444446,42550.2641,46030.82,39381.45
2021-11-24,42702.88,1784.1,74.45,2021,11,4,24,Wednesday,47,0.056773117237773896,43443.28033333333,42775.09133333334,42548.213200000006,46030.82,39381.45
2021-11-26,42765.35,1785.3,74.51,2021,11,4,26,Friday,47,0.14628989894827082,43418.76433333334,42770.270444444446,42548.453,46030.82,39381.45
2021-11-29,42966.13,1782.3,74.98,2021,11,4,29,Monday,48,0.4694922407977531,43430.64433333334,42767.681,42550.369300000006,46030.82,39381.45
2021-11-30,42798.2,1773.6,75.05,2021,11,4,30,Tuesday,48,-0.3908427405493575,43438.649666666664,42764.107111111116,42554.50245,46030.82,39381.45
2021-12-01,42988.95,1781.6,75.05,2021,12,4,1,Wednesday,48,0.4456963143309789,43444.719999999994,42763.390666666666,42561.79345,46030.82,39381.45
2021-12-02,42465.96,1760.7,75.02,2021,12,4,2,Thursday,48,-1.2165684437512425,43423.953,42757.67511111111,42566.592350000006,46030.82,39381.45
2021-12-03,42959.99,1782.0,74.98,2021,12,4,3,Friday,48,1.163355308581271,43427.92333333334,42756.08088888889,42574.12835,46030.82,39381.45
2021-12-06,42994.66,1777.5,75.23,2021,12,4,6,Monday,49,0.08070299830145178,43420.503000000004,42747.16966666666,42578.3834,46030.82,39381.45
2021-12-07,43208.17,1782.6,75.39,2021,12,4,7,Tuesday,49,0.49659655408367254,43409.29233333333,42746.46722222223,42584.2904,46030.82,39381.45
2021-12-08,43237.48,1783.4,75.41,2021,12,4,8,Wednesday,49,0.0678343933566472,43407.899666666664,42743.80611111112,42591.4691,46030.82,39381.45
2021-12-09,43009.69,1774.6,75.38,2021,12,4,9,Thursday,49,-0.526834588879832,43398.602,42741.044111111114,42600.0029,46030.82,39381.45
2021-12-10,43334.61,1782.9,75.6,2021,12,4,10,Friday,49,0.7554576654702716,43394.055,42742.546777777774,42613.46400000001,46030.82,39381.45
2021-12-13,43480.89,1786.3,75.71,2021,12,4,13,Monday,50,0.3375592857533416,43414.174666666666,42747.302444444445,42627.082800000004,46030.82,39381.45
2021-12-14,43160.4,1770.4,75.83,2021,12,4,14,Tuesday,50,-0.7370824286255351,43411.39,42761.09022222222,42638.6433,46030.82,39381.45
2021-12-15,43095.09,1762.6,76.05,2021,12,4,15,Wednesday,50,-0.15131926488171077,43413.45366666667,42781.317777777775,42652.0629,46030.82,39381.45
2021-12-16,44021.22,1796.6,76.21,2021,12,4,16,Thursday,50,2.149038324319563,43468.74566666667,42810.55433333333,42672.97635,46030.82,39381.45
2021-12-17,44172.18,1803.8,76.17,2021,12,4,17,Friday,50,0.34292552546248967,43510.84266666667,42835.91422222222,42694.216949999995,46030.82,39381.45
2021-12-20,43831.71,1793.7,76.01,2021,12,4,20,Monday,51,-0.7707792551782666,43522.094666666664,42859.940888888894,42716.1374,46030.82,39381.45
2021-12-21,43547.82,1787.9,75.76,2021,12,4,21,Tuesday,51,-0.6476817810667224,43520.72433333333,42872.88133333333,42731.5226,46030.82,39381.45
2021-12-22,43839.64,1801.6,75.69,2021,12,4,22,Wednesday,51,0.6701139115574462,43532.202,42886.23688888889,42749.322700000004,46030.82,39381.45
2021-12-23,43940.53,1811.2,75.46,2021,12,4,23,Thursday,51,0.23013418905812877,43528.184,42901.738666666664,42767.727199999994,46030.82,39381.45
2021-12-27,43781.91,1808.1,75.32,2021,12,4,27,Monday,52,-0.36098790797469693,43501.88333333333,42914.917888888885,42785.851050000005,46030.82,39381.45
2021-12-28,43637.96,1810.2,74.98,2021,12,4,28,Tuesday,52,-0.32878876229932574,43468.694,42927.47177777778,42802.03524999999,46030.82,39381.45
2021-12-29,43378.46,1805.1,74.75,2021,12,4,29,Wednesday,52,-0.594665745144829,43427.93033333333,42935.91533333333,42817.18985,46030.82,39381.45
2021-12-30,43459.28,1812.7,74.57,2021,12,4,30,Thursday,52,0.186313668120075,43397.93033333334,42940.17744444444,42833.19065,46030.82,39381.45
2021-12-31,43732.38,1827.5,74.43,2021,12,4,31,Friday,52,0.6284043361969971,43363.71933333333,42948.09866666667,42850.540100000006,46030.82,39381.45
2022-01-03,43107.73,1799.4,74.51,2022,1,1,3,Monday,1,-1.4283466849963178,43319.594,42953.43711111112,42862.652350000004,50557.83,42407.1
2022-01-04,43393.05,1814.0,74.4,2022,1,1,4,Tuesday,1,0.661876651820914,43294.47266666666,42961.173111111115,42877.3487,50557.83,42407.1
2022-01-05,43723.82,1824.6,74.53,2022,1,1,5,Wednesday,1,0.762264924913092,43313.82633333334,42965.76211111111,42895.291600000004,50557.83,42407.1
2022-01-06,42803.26,1788.7,74.43,2022,1,1,6,Thursday,1,-2.1053970124293775,43317.98,42966.39722222222,42907.03215,50557.83,42407.1
2022-01-07,42995.64,1797.0,74.42,2022,1,1,7,Friday,1,0.4494517473669024,43327.738666666664,42968.148222222226,42920.5758,50557.83,42407.1
2022-01-10,42942.81,1798.4,74.27,2022,1,1,10,Monday,2,-0.12287292385926296,43333.653999999995,42972.49522222223,42933.09414999999,50557.83,42407.1
2022-01-11,43300.61,1818.6,74.06,2022,1,1,11,Tuesday,2,0.8332011808263262,43344.80333333334,42982.04011111111,42950.2035,50557.83,42407.1
2022-01-12,43363.39,1827.2,73.82,2022,1,1,12,Wednesday,2,0.14498641012217206,43363.643000000004,42986.041777777784,42970.11319999999,50557.83,42407.1
2022-01-13,43211.51,1821.2,73.8,2022,1,1,13,Thursday,2,-0.35024936934127116,43371.06166666667,42997.13255555556,42983.829300000005,50557.83,42407.1
2022-01-14,43201.14,1816.5,73.97,2022,1,1,14,Friday,2,-0.023998235655275924,43395.56766666666,43007.67255555556,42996.665199999996,50557.83,42407.1
2022-01-18,43266.04,1812.3,74.26,2022,1,1,18,Tuesday,3,0.1502275171442191,43405.76933333333,43014.61777777778,43009.28785,50557.83,42407.1
2022-01-19,44217.39,1843.1,74.62,2022,1,1,19,Wednesday,3,2.1988377027340578,43446.527,43035.79422222222,43025.227049999994,50557.83,42407.1
2022-01-20,44102.0,1842.5,74.45,2022,1,1,20,Thursday,3,-0.26096067633119,43476.32133333334,43055.145777777776,43040.1654,50557.83,42407.1
2022-01-21,43847.65,1831.8,74.45,2022,1,1,21,Friday,3,-0.5767312140039005,43496.66033333333,43068.229222222224,43049.28495,50557.83,42407.1
2022-01-24,44061.53,1841.7,74.41,2022,1,1,24,Monday,4,0.4877798468104766,43531.721666666665,43086.216,43060.687750000005,50557.83,42407.1
2022-01-25,44462.65,1852.7,74.64,2022,1,1,25,Tuesday,4,0.9103633033169745,43569.323,43119.938888888886,43075.0313,50557.83,42407.1
2022-01-26,43995.02,1829.9,74.78,2022,1,1,26,Wednesday,4,-1.0517366823614926,43586.46066666666,43149.037000000004,43084.500700000004,50557.83,42407.1
2022-01-27,43181.38,1793.3,74.89,2022,1,1,27,Thursday,4,-1.8493911356330828,43587.16,43165.01022222222,43090.732800000005,50557.83,42407.1
2022-01-28,43159.48,1784.9,75.21,2022,1,1,28,Friday,4,-0.050716304110698385,43589.306333333334,43177.23722222222,43093.6103,50557.83,42407.1
2022-01-31,43305.42,1795.0,75.04,2022,1,1,31,Monday,5,0.33814123803159735,43565.44633333333,43190.052888888895,43096.43145,50557.83,42407.1
2022-02-01,43153.6,1800.3,74.56,2022,2,1,1,Tuesday,5,-0.3505796733988542,43531.49366666667,43208.31322222222,43100.1138,50557.83,42407.1
2022-02-02,43477.28,1809.2,74.75,2022,2,1,2,Wednesday,5,0.7500648845055746,43519.67933333334,43229.86033333334,43103.567650000005,50557.83,42407.1
2022-02-03,43372.87,1803.0,74.82,2022,2,1,3,Thursday,5,-0.2401484177482982,43513.84766666666,43250.337666666666,43103.04875,50557.83,42407.1
2022-02-04,43355.78,1806.6,74.64,2022,2,1,4,Friday,5,-0.039402511293362696,43497.719000000005,43274.29244444444,43103.8471,50557.83,42407.1
2022-02-07,43690.77,1820.6,74.64,2022,2,1,7,Monday,6,0.7726536115830518,43489.39366666667,43303.662000000004,43107.79465000001,50557.83,42407.1
2022-02-08,43844.21,1826.6,74.66,2022,2,1,8,Tuesday,6,0.3511954584457966,43491.47033333333,43324.786555555555,43112.88335,50557.83,42407.1
2022-02-09,44072.41,1835.2,74.7,2022,2,1,9,Wednesday,6,0.5204792149294146,43505.952000000005,43348.419555555556,43119.4095,50557.83,42407.1
2022-02-10,44163.55,1836.2,74.81,2022,2,1,10,Thursday,6,0.2067960431480831,43532.121666666666,43371.270333333334,43127.6525,50557.83,42407.1
2022-02-11,44705.93,1840.8,75.54,2022,2,1,11,Friday,6,1.2281168520193564,43573.676666666666,43399.251444444446,43139.966850000004,50557.83,42407.1
2022-02-14,45247.96,1868.0,75.34,2022,2,1,14,Monday,7,1.2124342341161443,43624.196,43433.075666666664,43155.6722,50557.83,42407.1
2022-02-15,45133.6,1854.8,75.69,2022,2,1,15,Tuesday,7,-0.25274067604373895,43691.725,43465.08588888889,43167.966400000005,50557.83,42407.1
2022-02-16,45201.31,1870.2,75.17,2022,2,1,16,Wednesday,7,0.15002127018450828,43752.00033333334,43497.83655555556,43183.1918,50557.83,42407.1
2022-02-17,45857.32,1900.7,75.04,2022,2,1,17,Thursday,7,1.4513074952916316,43823.117,43535.34844444444,43200.88015,50557.83,42407.1
2022-02-18,45819.48,1898.6,75.06,2022,2,1,18,Friday,7,-0.08251681519982901,43923.657666666666,43570.836444444445,43214.59535,50557.83,42407.1
2022-02-22,45665.87,1906.1,74.52,2022,2,1,22,Tuesday,8,-0.33525042187296794,44012.66533333333,43594.56144444445,43226.234,50557.83,42407.1
2022-02-23,45805.21,1909.2,74.62,2022,2,1,23,Wednesday,8,0.3051294106517499,44108.07866666667,43620.16566666667,43238.7717,50557.83,42407.1
2022-02-24,46192.87,1925.1,74.63,2022,2,1,24,Thursday,8,0.8463229401197037,44204.48733333333,43659.97833333334,43252.817299999995,50557.83,42407.1
2022-02-25,45736.9,1886.5,75.41,2022,2,1,25,Friday,8,-0.9871003901684383,44283.60433333334,43695.299,43266.520449999996,50557.83,42407.1
2022-02-28,45841.84,1899.4,75.07,2022,2,1,28,Monday,9,0.22944274754082006,44371.282,43729.021222222225,43279.708099999996,50557.83,42407.1
2022-03-01,47015.03,1942.4,75.28,2022,3,1,1,Tuesday,9,2.55921228292757,44498.41166666667,43772.64411111111,43297.791,50557.83,42407.1
2022-03-02,46813.55,1920.9,75.8,2022,3,1,2,Wednesday,9,-0.42854380822472393,44616.662000000004,43816.78488888889,43311.8701,50557.83,42407.1
2022-03-03,47036.7,1934.4,75.63,2022,3,1,3,Thursday,9,0.47667822670998117,44710.638999999996,43859.223000000005,43327.057199999996,50557.83,42407.1
2022-03-04,47947.91,1965.1,75.89,2022,3,1,4,Friday,9,1.9372319911898694,44838.835999999996,43908.14988888889,43345.63824999999,50557.83,42407.1
2022-03-07,48988.01,1993.9,76.42,2022,3,1,7,Monday,10,2.169229065458733,45010.181333333334,43971.580444444444,43369.0745,50557.83,42407.1
2022-03-08,50557.83,2040.1,77.08,2022,3,1,8,Tuesday,10,3.204498406855061,45226.72466666667,44052.349444444444,43401.56659999999,50557.83,42407.1
2022-03-09,49108.46,1985.9,76.91,2022,3,1,9,Wednesday,10,-2.866756741735166,45381.585,44114.98766666667,43426.2241,50557.83,42407.1
2022-03-10,48909.33,1998.1,76.13,2022,3,1,10,Thursday,10,-0.4054902149242645,45545.395333333334,44182.01022222222,43448.527050000004,50557.83,42407.1
2022-03-11,48644.18,1982.7,76.31,2022,3,1,11,Friday,10,-0.5421256026202026,45727.488666666664,44242.012888888894,43469.226449999995,50557.83,42407.1
2022-03-14,48356.79,1959.6,76.75,2022,3,1,14,Monday,11,-0.5908003794081851,45900.73233333333,44301.16411111111,43489.547750000005,50557.83,42407.1
2022-03-15,47425.9,1928.5,76.49,2022,3,1,15,Tuesday,11,-1.925045066060005,46038.081666666665,44357.42455555555,43504.3881,50557.83,42407.1
2022-03-16,46784.23,1908.0,76.27,2022,3,1,16,Wednesday,11,-1.3529948825430793,46159.102666666666,44400.479666666666,43516.57229999999,50557.83,42407.1
2022-03-17,47469.45,1942.1,76.02,2022,3,1,17,Thursday,11,1.4646388323586779,46292.175,44444.64966666667,43530.518800000005,50557.83,42407.1
2022-03-18,47103.29,1928.2,75.98,2022,3,1,18,Friday,11,-0.7713592636948485,46416.52233333334,44483.69811111111,43546.55465,50557.83,42407.1
2022-03-21,47091.24,1928.6,75.95,2022,3,1,21,Monday,12,-0.025582077175512197,46541.03766666667,44523.652888888886,43560.1083,50557.83,42407.1
2022-03-22,47121.08,1920.7,76.31,2022,3,1,22,Tuesday,12,0.06336635008974412,46655.38133333333,44557.653,43573.3993,50557.83,42407.1
2022-03-23,47383.39,1936.6,76.1,2022,3,1,23,Wednesday,12,0.5566723003802121,46773.35400000001,44588.902555555556,43588.8461,50557.83,42407.1
2022-03-24,48279.19,1961.6,76.55,2022,3,1,24,Thursday,12,1.890535902982049,46913.579999999994,44629.40866666666,43608.14995,50557.83,42407.1
2022-03-25,47943.43,1953.8,76.32,2022,3,1,25,Friday,12,-0.6954549154615131,47039.576,44666.54266666667,43625.62725,50557.83,42407.1
2022-03-28,47566.92,1939.6,76.28,2022,3,1,28,Monday,13,-0.7853213672864068,47134.94233333333,44702.18311111111,43643.111600000004,50557.83,42407.1
2022-03-29,46739.82,1912.0,76.03,2022,3,1,29,Tuesday,13,-1.7388134443012015,47184.670999999995,44724.19544444444,43657.376050000006,50557.83,42407.1
2022-03-30,47037.01,1933.5,75.67,2022,3,1,30,Wednesday,13,0.6358389912498597,47248.118,44753.14566666667,43674.39625,50557.83,42407.1
2022-03-31,47519.91,1949.2,75.83,2022,3,1,31,Thursday,13,1.0266383853905658,47325.40466666667,44790.62588888889,43692.752850000004,50557.83,42407.1
2022-04-01,46836.32,1919.1,75.91,2022,4,2,1,Friday,13,-1.4385338692771144,47358.03799999999,44831.660444444446,43716.428900000006,50557.83,42407.1
2022-04-04,47135.9,1929.2,75.99,2022,4,2,4,Monday,14,0.6396318071103746,47401.91866666667,44881.18544444445,43741.08155,50557.83,42407.1
2022-04-05,46662.48,1922.9,75.48,2022,4,2,5,Tuesday,14,-1.0043724634514195,47435.139,44925.181,43762.023,50557.83,42407.1
2022-04-06,46536.44,1918.4,75.45,2022,4,2,6,Wednesday,14,-0.27010994700668034,47459.51333333333,44967.082,43783.0146,50557.83,42407.1
2022-04-07,47217.4,1933.8,75.95,2022,4,2,7,Thursday,14,1.4632833968391212,47493.66433333334,45014.31833333333,43806.13154999999,50557.83,42407.1
2022-04-08,47387.94,1941.6,75.91,2022,4,2,8,Friday,14,0.36118041230563946,47548.699,45065.31544444444,43831.14525,50557.83,42407.1
2022-04-11,47456.4,1944.3,75.92,2022,4,2,11,Monday,15,0.14446713657525478,47602.51766666667,45114.95377777778,43856.543549999995,50557.83,42407.1
2022-04-12,48084.02,1972.1,75.84,2022,4,2,12,Tuesday,15,1.322519196567784,47638.15066666667,45177.37666666667,43884.657250000004,50557.83,42407.1
2022-04-13,48500.25,1981.0,76.15,2022,4,2,13,Wednesday,15,0.8656306190705454,47694.373999999996,45238.93511111111,43916.651150000005,50557.83,42407.1
2022-04-14,48235.17,1970.9,76.12,2022,4,2,14,Thursday,15,-0.546553883742873,47734.323,45297.16300000001,43946.35805000001,50557.83,42407.1
2022-04-18,48662.54,1982.9,76.33,2022,4,2,18,Monday,16,0.8860132554731281,47758.144,45357.76711111111,43977.35465,50557.83,42407.1
2022-04-19,47962.83,1955.7,76.28,2022,4,2,19,Tuesday,16,-1.4378821985042256,47723.971333333335,45410.27099999999,44003.5531,50557.83,42407.1
2022-04-20,47983.14,1952.3,76.45,2022,4,2,20,Wednesday,16,0.042345291134826546,47638.14833333333,45465.53155555556,44029.20195,50557.83,42407.1
2022-04-21,47695.46,1944.9,76.28,2022,4,2,21,Thursday,16,-0.5995439231363364,47591.04833333334,45513.98544444444,44051.167649999996,50557.83,42407.1
2022-04-22,47360.18,1931.0,76.29,2022,4,2,22,Friday,16,-0.7029599882252935,47539.41,45557.08866666666,44071.514650000005,50557.83,42407.1
2022-04-25,46541.61,1893.2,76.46,2022,4,2,25,Monday,17,-1.7283929241822982,47469.32433333333,45594.657666666666,44086.810300000005,50557.83,42407.1
2022-04-26,46782.5,1901.4,76.53,2022,4,2,26,Tuesday,17,0.517579860258377,47416.848,45635.62888888889,44104.521100000005,50557.83,42407.1
2022-04-27,46562.6,1885.9,76.79,2022,4,2,27,Wednesday,17,-0.47004756051942653,47388.07133333334,45663.866444444444,44120.516449999996,50557.83,42407.1
2022-04-28,46436.27,1888.7,76.47,2022,4,2,28,Thursday,17,-0.2713121689939979,47376.47266666666,45689.023,44133.7504,50557.83,42407.1
2022-04-29,47014.44,1909.3,76.59,2022,4,2,29,Friday,17,1.2450827768897055,47361.30566666667,45724.386666666665,44149.9416,50557.83,42407.1
2022-05-02,45805.36,1861.8,76.52,2022,5,2,2,Monday,18,-2.571720518206755,47318.041333333334,45749.47044444444,44161.55335,50557.83,42407.1
2022-05-03,45978.18,1868.8,76.52,2022,5,2,3,Tuesday,18,0.37729208983403595,47280.93933333333,45773.231999999996,44174.448549999994,50557.83,42407.1
2022-05-04,45899.8,1867.0,76.47,2022,5,2,4,Wednesday,18,-0.17047216744985327,47240.23,45795.00166666666,44185.635200000004,50557.83,42407.1
2022-05-05,45791.31,1874.0,76.0,2022,5,2,5,Thursday,18,-0.23636268567620577,47187.16066666666,45817.32833333333,44198.59559999999,50557.83,42407.1
2022-05-06,46293.96,1881.2,76.54,2022,5,2,6,Friday,18,1.0976973578611382,47120.986333333334,45846.83944444444,44214.069500000005,50557.83,42407.1
2022-05-09,45949.09,1857.1,76.96,2022,5,2,9,Monday,19,-0.7449567934996293,47054.50833333333,45875.402,44228.2157,50557.83,42407.1
2022-05-10,45764.88,1839.9,77.37,2022,5,2,10,Tuesday,19,-0.40090021369302287,46994.44033333333,45901.01977777778,44241.772950000006,50557.83,42407.1
2022-05-11,46024.72,1852.6,77.27,2022,5,2,11,Wednesday,19,0.5677716187609372,46970.60366666667,45926.490222222215,44256.99475,50557.83,42407.1
2022-05-12,45395.43,1823.8,77.42,2022,5,2,12,Thursday,19,-1.3672869710016688,46915.884333333335,45951.90911111111,44268.45455,50557.83,42407.1
2022-05-13,45001.99,1807.4,77.44,2022,5,2,13,Friday,19,-0.8666951717386628,46831.95366666666,45969.786222222225,44274.48115,50557.83,42407.1
2022-05-16,45178.65,1813.5,77.49,2022,5,2,16,Monday,20,0.3925604178837583,46776.698000000004,45985.951,44284.01745,50557.83,42407.1
2022-05-17,45482.27,1818.2,77.81,2022,5,2,17,Tuesday,20,0.6720431000040827,46721.577000000005,46015.717777777776,44294.0439,50557.83,42407.1
2022-05-18,45171.94,1815.9,77.37,2022,5,2,18,Wednesday,20,-0.682309831941097,46671.89233333334,46039.898888888885,44303.612250000006,50557.83,42407.1
2022-05-19,46066.26,1841.2,77.82,2022,5,2,19,Thursday,20,1.9798131317804835,46656.21966666667,46074.60388888889,44317.9467,50557.83,42407.1
2022-05-20,45845.06,1841.8,77.42,2022,5,2,20,Friday,20,-0.48017790026801954,46610.47499999999,46102.875555555554,44331.9076,50557.83,42407.1
2022-05-23,46230.44,1847.8,77.82,2022,5,2,23,Monday,21,0.840614015992136,46571.89166666667,46134.73166666666,44353.46230000001,50557.83,42407.1
2022-05-24,46488.41,1865.1,77.53,2022,5,2,24,Tuesday,21,0.5580089655214282,46539.62533333334,46171.14166666667,44379.53130000001,50557.83,42407.1
2022-05-25,45988.83,1846.2,77.48,2022,5,2,25,Wednesday,21,-1.0746334408942015,46469.78566666667,46202.116,44402.5258,50557.83,42407.1
2022-05-26,46029.71,1847.4,77.5,2022,5,2,26,Thursday,21,0.08889115030759065,46387.43433333333,46232.823444444446,44423.2254,50557.83,42407.1
2022-05-27,46205.99,1851.3,77.63,2022,5,2,27,Friday,21,0.3829700426094318,46319.795000000006,46254.919,44445.9088,50557.83,42407.1
2022-05-31,45926.58,1842.7,77.52,2022,5,2,31,Tuesday,22,-0.6047051475360554,46228.596333333335,46275.192111111115,44463.6258,50557.83,42407.1
2022-06-01,45987.83,1843.3,77.6,2022,6,2,1,Wednesday,22,0.1333650361076355,46162.763,46298.97188888889,44480.376749999996,50557.83,42407.1
2022-06-02,46557.69,1866.5,77.58,2022,6,2,2,Thursday,22,1.2391539239837934,46115.24800000001,46326.707,44500.43835,50557.83,42407.1
2022-06-03,45898.71,1845.4,77.36,2022,6,2,3,Friday,22,-1.415405274617365,46055.35633333333,46342.663222222225,44516.95300000001,50557.83,42407.1
2022-06-06,45941.83,1839.2,77.69,2022,6,2,6,Monday,23,0.093945995432132,46008.077999999994,46364.294444444444,44534.1216,50557.83,42407.1
2022-06-07,46224.48,1847.5,77.82,2022,6,2,7,Tuesday,23,0.61523452592116,45997.507000000005,46398.10666666667,44552.1513,50557.83,42407.1
2022-06-08,46245.02,1851.9,77.67,2022,6,2,8,Wednesday,23,0.0444353295050437,45979.591,46432.39044444445,44567.99795,50557.83,42407.1
2022-06-09,46199.52,1848.8,77.72,2022,6,2,9,Thursday,23,-0.09838897247747003,45967.48833333333,46464.54711111111,44583.8982,50557.83,42407.1
2022-06-10,46823.57,1871.5,77.82,2022,6,2,10,Friday,23,1.3507716097483247,45980.39833333333,46505.32455555556,44604.879700000005,50557.83,42407.1
2022-06-13,45946.16,1828.0,78.18,2022,6,2,13,Monday,24,-1.8738639535601287,45944.789,46532.756555555556,44621.12645,50557.83,42407.1
2022-06-14,45471.28,1809.5,78.16,2022,6,2,14,Tuesday,24,-1.0335575377790063,45933.653,46556.072222222225,44631.9288,50557.83,42407.1
2022-06-15,45514.84,1815.3,77.99,2022,6,2,15,Wednesday,24,0.0957967314753283,45918.208333333336,46580.06177777778,44645.7725,50557.83,42407.1
2022-06-16,46226.44,1845.7,77.9,2022,6,2,16,Thursday,24,1.5634461199907745,45929.09633333333,46608.23588888889,44662.71444999999,50557.83,42407.1
2022-06-17,46019.21,1835.6,77.98,2022,6,2,17,Friday,24,-0.448293227858354,45936.693,46632.40255555556,44680.052599999995,50557.83,42407.1
2022-06-21,45968.37,1834.6,77.93,2022,6,2,21,Tuesday,25,-0.11047560355772479,45925.84,46653.46877777777,44697.6866,50557.83,42407.1
2022-06-22,46079.33,1834.3,78.13,2022,6,2,22,Wednesday,25,0.24138336860759502,45930.18133333334,46674.75522222222,44713.06705,50557.83,42407.1
2022-06-23,45897.45,1825.7,78.19,2022,6,2,23,Thursday,25,-0.3947106001758405,45934.600333333336,46687.994333333336,44731.48760000001,50557.83,42407.1
2022-06-24,45887.79,1826.5,78.14,2022,6,2,24,Friday,25,-0.02104692090736382,45930.036,46695.10355555556,44749.66385,50557.83,42407.1
2022-06-27,45811.44,1820.9,78.25,2022,6,2,27,Monday,26,-0.16638412963447813,45943.903000000006,46702.635111111114,44765.51619999999,50557.83,42407.1
2022-06-28,45836.22,1817.5,78.44,2022,6,2,28,Tuesday,26,0.05409129248066247,45971.710666666666,46709.68966666666,44783.139749999995,50557.83,42407.1
2022-06-29,46108.98,1813.7,79.07,2022,6,2,29,Wednesday,26,0.5950752483516286,46002.721666666665,46712.48588888889,44801.88285,50557.83,42407.1
2022-06-30,45763.47,1804.1,78.9,2022,6,2,30,Thursday,26,-0.7493334270244123,46012.094999999994,46711.86355555555,44817.34949999999,50557.83,42407.1
2022-07-01,45668.99,1798.9,78.96,2022,7,3,1,Friday,26,-0.2064528760603257,46028.66333333333,46711.89822222222,44833.48085,50557.83,42407.1
2022-07-05,44713.81,1761.8,78.94,2022,7,3,5,Tuesday,27,-2.0915286280690726,45983.581666666665,46699.77155555555,44849.91195,50557.83,42407.1
2022-07-06,44270.34,1734.9,79.37,2022,7,3,6,Wednesday,27,-0.9917964941927315,45931.09100000001,46678.410111111116,44864.382699999995,50557.83,42407.1
2022-07-07,44165.57,1737.9,79.04,2022,7,3,7,Thursday,27,-0.23665957839943408,45862.261999999995,46660.95088888889,44876.4916,50557.83,42407.1
2022-07-08,44333.63,1740.6,79.22,2022,7,3,8,Friday,27,0.3805226559965069,45790.436,46644.193,44887.8645,50557.83,42407.1
2022-07-11,44124.72,1730.0,79.33,2022,7,3,11,Monday,28,-0.4712224106169449,45728.299,46612.07844444444,44897.72805,50557.83,42407.1
2022-07-12,44034.95,1723.3,79.48,2022,7,3,12,Tuesday,28,-0.2034460501959101,45661.807,46581.205111111114,44910.351950000004,50557.83,42407.1
2022-07-13,44312.69,1734.2,79.48,2022,7,3,13,Wednesday,28,0.63072627537899,45598.697,46550.93833333333,44924.22520000001,50557.83,42407.1
2022-07-14,43735.24,1704.5,79.81,2022,7,3,14,Thursday,28,-1.3031255832133049,45525.652333333324,46504.13088888889,44935.25185000001,50557.83,42407.1
2022-07-15,43720.1,1702.4,79.88,2022,7,3,15,Friday,28,-0.034617393205116365,45450.06133333334,46445.59855555555,44947.85309999999,50557.83,42407.1
2022-07-18,43808.02,1709.2,79.72,2022,7,3,18,Monday,29,0.2010974357332218,45358.405666666666,46370.600666666665,44961.65564999999,50557.83,42407.1
2022-07-19,43998.84,1710.0,80.03,2022,7,3,19,Tuesday,29,0.43558234314173827,45295.07666666666,46313.82711111111,44971.93484999999,50557.83,42407.1
2022-07-20,43633.39,1699.5,79.86,2022,7,3,20,Wednesday,29,-0.8305900791929943,45218.12866666667,46255.205555555556,44980.3746,50557.83,42407.1
2022-07-21,44053.51,1712.7,80.0,2022,7,3,21,Thursday,29,0.9628406135759882,45145.763,46204.19811111111,44990.107249999994,50557.83,42407.1
2022-07-22,44297.57,1727.1,79.78,2022,7,3,22,Friday,29,0.5540080688235749,45080.848000000005,46159.09566666667,45000.656950000004,50557.83,42407.1
2022-07-25,44145.58,1719.0,79.88,2022,7,3,25,Monday,30,-0.343111371571847,45012.38333333333,46122.647666666664,45010.36595,50557.83,42407.1
2022-07-26,44026.99,1717.7,79.72,2022,7,3,26,Tuesday,30,-0.2686339153319617,44919.164,46092.01166666667,45019.2375,50557.83,42407.1
2022-07-27,44128.48,1719.1,79.84,2022,7,3,27,Wednesday,30,0.23051768926289906,44858.57466666667,46054.88977777778,45028.611150000004,50557.83,42407.1
2022-07-28,44932.85,1750.3,79.85,2022,7,3,28,Thursday,30,1.8227910863913621,44840.627,46030.77377777778,45040.86915,50557.83,42407.1
2022-07-29,45099.94,1762.9,79.57,2022,7,3,29,Friday,30,0.37186601784664486,44826.797,46008.648222222226,45053.241050000004,50557.83,42407.1
2022-08-01,45041.75,1769.0,79.19,2022,8,3,1,Monday,31,-0.12902456189520795,44787.30733333333,45985.544555555556,45060.7967,50557.83,42407.1
2022-08-02,44959.07,1771.1,78.96,2022,8,3,2,Tuesday,31,-0.1835630276354694,44751.969333333334,45958.60766666666,45068.0879,50557.83,42407.1
2022-08-03,44428.03,1758.0,78.6,2022,8,3,3,Wednesday,31,-1.1811632224599022,44700.62466666666,45915.816999999995,45077.17939999999,50557.83,42407.1
2022-08-04,45494.26,1788.5,79.12,2022,8,3,4,Thursday,31,2.3999038444873833,44681.12233333333,45888.604,45091.860499999995,50557.83,42407.1
2022-08-05,45118.31,1772.9,79.15,2022,8,3,5,Friday,31,-0.8263679857634876,44655.151,45861.39722222222,45103.41785,50557.83,42407.1
2022-08-08,45618.94,1786.8,79.41,2022,8,3,8,Monday,32,1.1095938655503845,44646.18933333333,45848.943,45116.06769999999,50557.83,42407.1
2022-08-09,45913.1,1794.0,79.6,2022,8,3,9,Tuesday,32,0.6448198927901272,44649.577999999994,45836.455111111114,45131.42880000001,50557.83,42407.1
2022-08-10,45940.48,1795.6,79.58,2022,8,3,10,Wednesday,32,0.059634396283425595,44653.05333333334,45818.90588888889,45145.04484999999,50557.83,42407.1
2022-08-11,45512.99,1789.7,79.1,2022,8,3,11,Thursday,32,-0.9305301120058118,44633.187000000005,45804.20222222222,45154.88735,50557.83,42407.1
2022-08-12,46037.82,1798.6,79.61,2022,8,3,12,Friday,32,1.15314331139309,44642.332,45792.00133333333,45168.68015,50557.83,42407.1
2022-08-15,45605.35,1781.4,79.63,2022,8,3,15,Monday,33,-0.9393798403139031,44640.210666666666,45780.25544444444,45180.2638,50557.83,42407.1
2022-08-16,45352.84,1773.2,79.55,2022,8,3,16,Tuesday,33,-0.5536850391456349,44661.51166666667,45767.10433333334,45189.6729,50557.83,42407.1
2022-08-17,44792.62,1760.3,79.15,2022,8,3,17,Wednesday,33,-1.2352478918629894,44678.920999999995,45740.162333333334,45199.249500000005,50557.83,42407.1
2022-08-18,44785.99,1755.3,79.36,2022,8,3,18,Thursday,33,-0.014801545433162921,44699.60166666667,45711.25177777778,45206.95975000001,50557.83,42407.1
2022-08-19,44818.2,1747.6,79.77,2022,8,3,19,Friday,33,0.07191981242347101,44715.75399999999,45681.938444444444,45215.88485,50557.83,42407.1
2022-08-22,44553.71,1734.0,79.92,2022,8,3,22,Monday,34,-0.5901397200244518,44730.05366666666,45642.71277777778,45226.841100000005,50557.83,42407.1
2022-08-23,44863.45,1746.8,79.88,2022,8,3,23,Tuesday,34,0.6952058537885941,44757.670333333335,45602.303888888884,45236.612,50557.83,42407.1
2022-08-24,44872.67,1747.8,79.85,2022,8,3,24,Wednesday,34,0.020551250516853692,44776.33633333333,45564.942777777775,45243.5046,50557.83,42407.1
2022-08-25,45094.23,1757.7,79.8,2022,8,3,25,Thursday,34,0.4937526561267891,44821.636000000006,45525.294888888886,45251.0311,50557.83,42407.1
2022-08-26,44588.13,1736.1,79.88,2022,8,3,26,Friday,34,-1.1223165358406284,44850.57033333333,45487.79822222223,45256.4952,50557.83,42407.1
2022-08-29,44643.52,1736.6,79.96,2022,8,3,29,Monday,35,0.12422588702418746,44878.42033333333,45450.691333333336,45259.40745,50557.83,42407.1
2022-08-30,44303.92,1723.2,79.97,2022,8,3,30,Tuesday,35,-0.7606927052347112,44888.589666666674,45413.00755555556,45258.072400000005,50557.83,42407.1
2022-08-31,43879.26,1712.8,79.68,2022,8,3,31,Wednesday,35,-0.9585156347338919,44896.78533333333,45374.33066666666,45254.300500000005,50557.83,42407.1
2022-09-01,43391.42,1696.6,79.55,2022,9,3,1,Thursday,35,-1.1117780928848964,44874.71566666666,45339.328555555556,45248.25075,50557.83,42407.1
2022-09-02,43821.37,1709.8,79.72,2022,9,3,2,Friday,35,0.9908640924864986,44858.842333333334,45306.42711111111,45245.561200000004,50557.83,42407.1
2022-09-06,43616.64,1700.4,79.78,2022,9,3,6,Tuesday,36,-0.4671921484882935,44841.211,45273.69422222222,45239.85085,50557.83,42407.1
2022-09-07,44060.66,1715.3,79.9,2022,9,3,7,Wednesday,36,1.0180059720326984,44842.333333333336,45247.29855555556,45237.996699999996,50557.83,42407.1
2022-09-08,43738.44,1708.0,79.65,2022,9,3,8,Thursday,36,-0.7313099712986659,44829.33200000001,45210.898555555556,45235.95545,50557.83,42407.1
2022-09-09,43979.6,1716.2,79.71,2022,9,3,9,Friday,36,0.5513685444656913,44797.557,45190.61233333334,45240.1374,50557.83,42407.1
2022-09-12,44256.49,1728.1,79.66,2022,9,3,12,Monday,37,0.6295873541369179,44769.442,45171.482444444446,45248.026600000005,50557.83,42407.1
2022-09-13,43500.18,1705.0,79.36,2022,9,3,13,Tuesday,37,-1.7089244989830776,44718.056333333334,45144.82,45252.0131,50557.83,42407.1
2022-09-14,43418.1,1696.5,79.6,2022,9,3,14,Wednesday,37,-0.18868887439086324,44666.69066666667,45118.451,45255.276849999995,50557.83,42407.1
2022-09-15,42542.54,1665.4,79.45,2022,9,3,15,Thursday,37,-2.016578339448294,44603.841,45076.76855555556,45253.158899999995,50557.83,42407.1
2022-09-16,42915.98,1671.7,79.85,2022,9,3,16,Friday,37,0.8778037230499303,44517.89833333333,45043.067333333325,45253.747800000005,50557.83,42407.1
2022-09-19,42689.29,1666.2,79.69,2022,9,3,19,Monday,38,-0.528218160228433,44436.931,45008.894111111105,45252.249500000005,50557.83,42407.1
2022-09-20,42532.36,1659.7,79.71,2022,9,3,20,Tuesday,38,-0.3676097681643342,44334.045,44970.090111111116,45252.5815,50557.83,42407.1
2022-09-21,42687.48,1664.6,79.76,2022,9,3,21,Wednesday,38,0.36471054039795003,44226.524333333335,44940.00177777778,45251.218949999995,50557.83,42407.1
2022-09-22,43001.18,1670.8,80.05,2022,9,3,22,Thursday,38,0.7348758933532595,44128.547666666665,44917.77055555555,45251.25154999999,50557.83,42407.1
2022-09-23,42879.95,1645.3,81.06,2022,9,3,23,Friday,38,-0.2819224960803446,44040.77966666666,44892.22944444444,45249.61045,50557.83,42407.1
2022-09-26,42407.1,1623.3,81.25,2022,9,3,26,Monday,39,-1.1027298306084732,43919.75566666667,44858.06088888889,45245.458549999996,50557.83,42407.1
2022-09-27,42684.72,1626.7,81.62,2022,9,3,27,Tuesday,39,0.6546545271900239,43822.401333333335,44830.42511111111,45243.8337,50557.83,42407.1
2022-09-28,43627.09,1660.4,81.72,2022,9,3,28,Wednesday,39,2.2077455351704245,43764.87633333333,44803.32322222223,45245.29610000001,50557.83,42407.1
2022-09-29,43419.39,1658.5,81.43,2022,9,3,29,Thursday,39,-0.4760803436580252,43719.102,44776.37133333333,45244.9886,50557.83,42407.1
2022-09-30,43549.23,1662.4,81.48,2022,9,3,30,Friday,39,0.29903690494039736,43677.87666666667,44746.580111111114,45246.93274999999,50557.83,42407.1
2022-10-03,44370.38,1692.9,81.52,2022,10,4,3,Monday,40,1.8855672075028584,43662.94933333333,44723.046444444444,45253.309199999996,50557.83,42407.1
2022-10-04,45094.94,1721.1,81.5,2022,10,4,4,Tuesday,40,1.6329812816568312,43680.99033333334,44713.11433333333,45258.677800000005,50557.83,42407.1
2022-10-05,44824.56,1711.4,81.47,2022,10,4,5,Wednesday,40,-0.5995794650131558,43679.693999999996,44699.72377777778,45261.93970000001,50557.83,42407.1
2022-10-06,44933.29,1711.7,81.65,2022,10,4,6,Thursday,40,0.24256791366161767,43681.71466666667,44685.58266666667,45267.4476,50557.83,42407.1
2022-10-07,45022.09,1700.5,82.35,2022,10,4,7,Friday,40,0.19762630334880793,43679.310000000005,44675.53277777778,45274.81894999999,50557.83,42407.1
2022-10-10,44402.17,1667.3,82.83,2022,10,4,10,Monday,41,-1.376924083266673,43673.111333333334,44657.914333333334,45277.63159999999,50557.83,42407.1
2022-10-11,44483.62,1678.7,82.42,2022,10,4,11,Tuesday,41,0.18343698067009306,43667.78133333334,44634.86911111111,45280.347050000004,50557.83,42407.1
2022-10-12,44182.2,1670.3,82.27,2022,10,4,12,Wednesday,41,-0.6775977314795956,43663.724,44615.796777777774,45282.34849999999,50557.83,42407.1
2022-10-13,44134.58,1670.0,82.2,2022,10,4,13,Thursday,41,-0.1077809615636971,43672.23466666667,44595.716222222225,45284.831600000005,50557.83,42407.1
2022-10-14,43382.5,1641.7,82.19,2022,10,4,14,Friday,41,-1.704060625477799,43671.937333333335,44564.138666666666,45284.8518,50557.83,42407.1
2022-10-17,43904.39,1657.0,82.41,2022,10,4,17,Monday,42,1.20299660001153,43674.704666666665,44538.13166666667,45287.07735000001,50557.83,42407.1
2022-10-18,43576.79,1649.0,82.19,2022,10,4,18,Tuesday,42,-0.7461668411746447,43673.37633333333,44508.99022222222,45286.299399999996,50557.83,42407.1
2022-10-19,43056.61,1627.5,82.29,2022,10,4,19,Wednesday,42,-1.1937088528090278,43639.908,44467.13511111111,45286.0438,50557.83,42407.1
2022-10-20,43516.49,1630.8,83.0,2022,10,4,20,Thursday,42,1.0680822294184322,43632.50966666666,44440.13877777778,45286.66100000001,50557.83,42407.1
2022-10-21,43964.58,1651.0,82.83,2022,10,4,21,Friday,42,1.0297016142616355,43632.009,44423.397666666664,45287.864799999996,50557.83,42407.1
2022-10-24,43752.58,1648.7,82.54,2022,10,4,24,Monday,43,-0.48220635793632116,43615.21200000001,44403.816999999995,45292.611399999994,50557.83,42407.1
2022-10-25,43978.4,1652.8,82.76,2022,10,4,25,Tuesday,43,0.516129563102341,43631.15266666667,44378.83877777778,45297.5252,50557.83,42407.1
2022-10-26,44107.25,1664.0,82.45,2022,10,4,26,Wednesday,43,0.2929847379622652,43654.12433333333,44357.594777777784,45303.3474,50557.83,42407.1
2022-10-27,43808.5,1660.7,82.05,2022,10,4,27,Thursday,43,-0.6773262898956522,43696.323,44333.59622222222,45305.886849999995,50557.83,42407.1
2022-10-28,43459.01,1639.6,82.44,2022,10,4,28,Friday,43,-0.7977675565244091,43714.424,44304.481555555554,45306.36495,50557.83,42407.1
2022-10-31,43254.01,1635.9,82.24,2022,10,4,31,Monday,44,-0.4717088585312945,43733.248,44275.11,45306.57744999999,50557.83,42407.1
2022-11-01,43753.66,1645.0,82.73,2022,11,4,1,Tuesday,44,1.1551530135587518,43773.958,44251.39744444445,45309.34005,50557.83,42407.1
2022-11-02,43748.74,1645.7,82.68,2022,11,4,2,Wednesday,44,-0.011244773580099121,43809.333333333336,44228.47855555556,45311.753549999994,50557.83,42407.1
2022-11-03,43366.27,1627.3,82.89,2022,11,4,3,Thursday,44,-0.8742423210359895,43821.503,44201.03466666667,45307.49795000001,50557.83,42407.1
2022-11-04,44459.73,1672.5,82.68,2022,11,4,4,Friday,44,2.521452732734475,43874.162333333334,44182.70966666667,45309.2866,50557.83,42407.1
2022-11-07,44185.09,1676.5,81.97,2022,11,4,7,Monday,45,-0.6177275480530486,43933.42866666666,44165.17211111111,45310.9738,50557.83,42407.1
2022-11-08,45041.33,1712.1,81.83,2022,11,4,8,Tuesday,45,1.9378482651048134,44011.98233333333,44158.19811111111,45315.87279999999,50557.83,42407.1
2022-11-09,44757.35,1710.1,81.41,2022,11,4,9,Wednesday,45,-0.6304875988342284,44049.657666666666,44158.68188888889,45317.346300000005,50557.83,42407.1
2022-11-10,45774.93,1750.3,81.34,2022,11,4,10,Thursday,45,2.273548366916267,44128.17566666667,44175.39955555555,45326.24585,50557.83,42407.1
2022-11-11,45696.72,1766.0,80.48,2022,11,4,11,Friday,45,-0.17085771622151746,44199.75866666667,44192.412333333334,45338.82255,50557.83,42407.1
2022-11-14,45901.42,1773.6,80.5,2022,11,4,14,Monday,46,0.44795337608476427,44250.793333333335,44209.83222222222,45352.53225,50557.83,42407.1
2022-11-15,46188.89,1773.8,80.99,2022,11,4,15,Tuesday,46,0.6262769212804331,44287.25833333333,44232.76744444445,45366.9496,50557.83,42407.1
2022-11-16,46213.32,1773.0,81.07,2022,11,4,16,Wednesday,46,0.0528915070268976,44333.55033333333,44256.97155555555,45382.2482,50557.83,42407.1
2022-11-17,46135.3,1760.8,81.5,2022,11,4,17,Thursday,46,-0.1688257844275176,44373.617333333335,44277.22277777778,45395.53829999999,50557.83,42407.1
2022-11-18,45918.78,1751.9,81.52,2022,11,4,18,Friday,46,-0.4693152531792477,44403.507,44301.484333333334,45408.267850000004,50557.83,42407.1
2022-11-21,45535.93,1737.4,81.52,2022,11,4,21,Monday,47,-0.8337547295463876,44441.299,44321.66022222223,45419.168600000005,50557.83,42407.1
2022-11-22,45675.65,1738.3,81.73,2022,11,4,22,Tuesday,47,0.30683462487755,44481.03333333333,44342.41166666667,45429.093,50557.83,42407.1
2022-11-23,45841.95,1744.9,81.71,2022,11,4,23,Wednesday,47,0.36408896206183705,44536.35833333333,44362.890666666666,45439.0817,50557.83,42407.1
2022-11-25,46029.04,1753.3,81.66,2022,11,4,25,Friday,47,0.4081196371445994,44599.507,44389.509,45448.864850000005,50557.83,42407.1
2022-11-28,45690.5,1740.1,81.67,2022,11,4,28,Monday,48,-0.7354922023140142,44676.44033333333,44407.69777777778,45456.4996,50557.83,42407.1
2022-11-29,45897.53,1748.4,81.65,2022,11,4,29,Tuesday,48,0.45311388581872336,44742.878333333334,44425.47511111111,45462.457599999994,50557.83,42407.1
2022-11-30,45823.64,1746.0,81.63,2022,11,4,30,Wednesday,48,-0.16098905540232744,44817.77333333333,44444.12022222223,45465.336,50557.83,42407.1
2022-12-01,47081.19,1801.1,81.31,2022,12,4,1,Thursday,48,2.7443258545152727,44951.926,44478.05577777778,45475.07395,50557.83,42407.1
2022-12-02,46862.64,1795.9,81.16,2022,12,4,2,Friday,48,-0.464198122434889,45063.46433333334,44508.43533333333,45483.380600000004,50557.83,42407.1
2022-12-05,46266.86,1767.4,81.42,2022,12,4,5,Monday,49,-1.2713325583023072,45140.207,44523.257666666665,45485.4283,50557.83,42407.1
2022-12-06,46587.65,1769.3,81.9,2022,12,4,6,Tuesday,49,0.6933472468198643,45234.70933333333,44539.787777777776,45489.26915,50557.83,42407.1
2022-12-07,47285.86,1785.5,82.37,2022,12,4,7,Wednesday,49,1.4987019091969644,45344.958,44564.72233333333,45497.3691,50557.83,42407.1
2022-12-08,47302.34,1788.7,82.25,2022,12,4,8,Thursday,49,0.034851856347750676,45451.461,44590.75866666666,45504.85475,50557.83,42407.1
2022-12-09,47565.78,1798.1,82.28,2022,12,4,9,Friday,49,0.5569280504939211,45576.70366666667,44625.62255555556,45511.719300000004,50557.83,42407.1
2022-12-12,47176.8,1780.5,82.41,2022,12,4,12,Monday,50,-0.8177727769837828,45700.630000000005,44644.317444444445,45518.9188,50557.83,42407.1
2022-12-13,48196.9,1813.9,82.64,2022,12,4,13,Tuesday,50,2.1622916348713828,45865.393000000004,44678.524,45530.6941,50557.83,42407.1
2022-12-14,47886.09,1807.5,82.4,2022,12,4,14,Wednesday,50,-0.6448755002915196,46003.14066666667,44703.714555555554,45535.0494,50557.83,42407.1
2022-12-15,47143.64,1777.2,82.51,2022,12,4,15,Thursday,50,-1.5504502455723546,46116.304,44717.38722222222,45536.699850000005,50557.83,42407.1
2022-12-16,47684.55,1790.0,82.86,2022,12,4,16,Friday,50,1.1473657952589145,46260.24666666667,44736.76577777778,45539.9391,50557.83,42407.1
2022-12-19,47547.47,1787.7,82.73,2022,12,4,19,Monday,51,-0.287472567110314,46363.17133333333,44759.37111111111,45537.9369,50557.83,42407.1
2022-12-20,48213.38,1815.9,82.58,2022,12,4,20,Tuesday,51,1.4005161578523495,46497.44766666667,44783.544,45534.06375,50557.83,42407.1
2022-12-21,48245.49,1815.9,82.64,2022,12,4,21,Wednesday,51,0.06659976960752267,46604.253,44812.87888888889,45522.50205,50557.83,42407.1
2022-12-22,47616.53,1787.0,82.88,2022,12,4,22,Thursday,51,-1.303665897061046,46699.559,44838.031,45515.042400000006,50557.83,42407.1
2022-12-23,47851.54,1795.9,82.87,2022,12,4,23,Friday,51,0.4935470938348452,46768.77933333333,44872.019,45509.75345,50557.83,42407.1
2022-12-27,48371.47,1814.8,82.9,2022,12,4,27,Tuesday,52,1.0865481027360957,46857.937666666665,44911.85766666666,45508.3899,50557.83,42407.1
2022-12-28,48113.85,1807.9,82.78,2022,12,4,28,Wednesday,52,-0.5325866673061674,46931.685333333335,44948.475999999995,45507.1752,50557.83,42407.1
2022-12-29,48466.96,1819.5,82.85,2022,12,4,29,Thursday,52,0.7339051021691301,47007.621,44991.95655555555,45512.38050000001,50557.83,42407.1
2022-12-30,48462.4,1819.7,82.84,2022,12,4,30,Friday,52,-0.00940847125546762,47082.59033333333,45031.94488888889,45520.771349999995,50557.83,42407.1
2023-01-03,48918.68,1839.7,82.71,2023,1,1,3,Tuesday,1,0.9415134207137799,47175.36966666667,45076.900555555556,45528.0175,55678.06,47736.01
2023-01-04,49314.5,1852.8,82.79,2023,1,1,4,Wednesday,1,0.8091387584456378,47288.560333333335,45123.79244444445,45539.07355,55678.06,47736.01
2023-01-05,48765.09,1834.8,82.67,2023,1,1,5,Thursday,1,-1.1140942319196268,47396.199,45170.20311111111,45547.442800000004,55678.06,47736.01
2023-01-06,49533.71,1864.2,82.65,2023,1,1,6,Friday,1,1.5761685254759072,47524.80099999999,45224.538555555555,45559.50595,55678.06,47736.01
2023-01-09,49535.71,1872.7,82.27,2023,1,1,9,Monday,2,0.004037654356991993,47647.92633333334,45282.669555555556,45570.26755,55678.06,47736.01
2023-01-10,49450.47,1871.6,82.18,2023,1,1,10,Tuesday,2,-0.17207788078539288,47761.974,45344.57188888889,45576.123949999994,55678.06,47736.01
2023-01-11,49202.65,1874.6,81.64,2023,1,1,11,Wednesday,2,-0.5011479162887578,47879.045666666665,45409.141111111116,45582.42005,55678.06,47736.01
2023-01-12,49747.8,1895.5,81.63,2023,1,1,12,Thursday,2,1.10796877810444,48007.388,45474.990333333335,45593.32445,55678.06,47736.01
2023-01-13,50030.44,1918.4,81.12,2023,1,1,13,Friday,2,0.5681457270472201,48147.61466666667,45546.25477777778,45609.77755,55678.06,47736.01
2023-01-17,50067.63,1907.2,81.65,2023,1,1,17,Tuesday,3,0.0743347450072207,48247.16266666667,45612.99888888889,45624.93065,55678.06,47736.01
2023-01-18,49916.3,1904.4,81.53,2023,1,1,18,Wednesday,3,-0.3022511750605972,48348.95133333334,45681.641777777775,45636.912599999996,55678.06,47736.01
2023-01-19,50324.92,1922.1,81.44,2023,1,1,19,Thursday,3,0.818610353732141,48484.22,45752.14533333333,45654.355599999995,55678.06,47736.01
2023-01-20,50315.99,1926.4,81.24,2023,1,1,20,Friday,3,-0.017744687920018265,48608.498,45819.47311111111,45670.256049999996,55678.06,47736.01
2023-01-23,50170.83,1927.1,80.98,2023,1,1,23,Monday,4,-0.28849675818759524,48704.663666666675,45893.59144444444,45687.7978,55678.06,47736.01
2023-01-24,50666.21,1933.9,81.49,2023,1,1,24,Tuesday,4,0.9873864953001465,48816.79266666667,45974.126,45708.44665,55678.06,47736.01
2023-01-25,50928.55,1941.2,81.6,2023,1,1,25,Wednesday,4,0.5177809826312219,48928.885,46067.30388888889,45727.002400000005,55678.06,47736.01
2023-01-26,50549.57,1929.1,81.5,2023,1,1,26,Thursday,4,-0.7441405655570499,49041.310666666664,46152.12155555556,45742.810549999995,55678.06,47736.01
2023-01-27,50500.75,1928.6,81.45,2023,1,1,27,Friday,4,-0.09657846743305054,49118.10566666666,46238.91555555556,45758.032300000006,55678.06,47736.01
2023-01-30,50390.39,1922.9,81.51,2023,1,1,30,Monday,5,-0.21853140794938497,49201.58233333333,46326.227,45769.56415,55678.06,47736.01
2023-01-31,50607.95,1929.5,81.58,2023,1,1,31,Tuesday,5,0.4317489902340377,49317.05933333333,46414.23222222222,45780.10264999999,55678.06,47736.01
2023-02-01,50680.19,1927.8,81.77,2023,2,1,1,Wednesday,5,0.14274437119070615,49416.914,46499.55455555556,45792.32775,55678.06,47736.01
2023-02-02,50342.07,1916.3,81.71,2023,2,1,2,Thursday,5,-0.6671640339154239,49510.06733333333,46582.467,45800.7254,55678.06,47736.01
2023-02-03,49140.23,1862.9,82.05,2023,2,1,3,Friday,5,-2.387347202846435,49540.96233333334,46657.27955555556,45806.612400000005,55678.06,47736.01
2023-02-06,49335.33,1866.2,82.23,2023,2,1,6,Monday,6,0.39702703874198164,49577.29033333334,46731.17522222223,45813.37335,55678.06,47736.01
2023-02-07,49799.07,1871.7,82.75,2023,2,1,7,Tuesday,6,0.9399754699117135,49650.041666666664,46799.75277777778,45823.89140000001,55678.06,47736.01
2023-02-08,49942.82,1877.4,82.74,2023,2,1,8,Wednesday,6,0.288660009112629,49719.751000000004,46872.23533333334,45836.8046,55678.06,47736.01
2023-02-09,49595.43,1866.2,82.66,2023,2,1,9,Thursday,6,-0.695575460096165,49760.549666666666,46939.41533333333,45852.0737,55678.06,47736.01
2023-02-10,49429.44,1862.8,82.53,2023,2,1,10,Friday,6,-0.33468809525393217,49804.40266666667,46995.627111111105,45865.3084,55678.06,47736.01
2023-02-13,49128.18,1851.9,82.51,2023,2,1,13,Monday,7,-0.6094748392860616,49826.443333333336,47040.44088888889,45878.1363,55678.06,47736.01
2023-02-14,49234.19,1854.0,82.6,2023,2,1,14,Tuesday,7,0.21578246945033186,49852.16966666667,47089.43677777777,45892.1259,55678.06,47736.01
2023-02-15,48867.73,1834.2,82.87,2023,2,1,15,Wednesday,7,-0.7443201563791302,49850.47133333333,47133.15277777778,45901.392349999995,55678.06,47736.01
2023-02-16,48998.62,1842.0,82.74,2023,2,1,16,Thursday,7,0.267845467755512,49839.942,47177.336444444445,45917.35865,55678.06,47736.01
2023-02-17,48930.97,1840.4,82.7,2023,2,1,17,Friday,7,-0.1380651128542021,49845.471333333335,47227.656444444445,45932.122599999995,55678.06,47736.01
2023-02-21,48735.52,1833.0,82.7,2023,2,1,21,Tuesday,8,-0.39944027269437354,49818.865000000005,47274.89977777777,45946.3012,55678.06,47736.01
2023-02-22,48805.35,1832.0,82.86,2023,2,1,22,Wednesday,8,0.14328358453956636,49794.51966666666,47326.26811111111,45961.3714,55678.06,47736.01
2023-02-23,48417.24,1818.0,82.84,2023,2,1,23,Thursday,8,-0.7952201961465288,49760.07866666666,47373.85322222222,45971.9878,55678.06,47736.01
2023-02-24,48045.8,1808.8,82.62,2023,2,1,24,Friday,8,-0.7671647537116799,49721.517,47425.66766666667,45982.47135,55678.06,47736.01
2023-02-27,48438.92,1817.0,82.92,2023,2,1,27,Monday,9,0.8182192824346624,49677.88766666667,47476.05133333334,45995.84154999999,55678.06,47736.01
2023-02-28,48599.75,1828.9,82.65,2023,2,1,28,Tuesday,9,0.33202639530360845,49630.198000000004,47531.862,46008.7167,55678.06,47736.01
2023-03-01,48823.79,1837.7,82.64,2023,3,1,1,Wednesday,9,0.4609900256688615,49588.736666666664,47595.94177777778,46025.8585,55678.06,47736.01
2023-03-02,48585.17,1833.5,82.42,2023,3,1,2,Thursday,9,-0.4887371504752158,49544.365666666665,47652.26044444445,46043.7744,55678.06,47736.01
2023-03-03,48923.31,1847.7,82.36,2023,3,1,3,Friday,9,0.6959736890907342,49497.64533333333,47707.357444444446,46062.49770000001,55678.06,47736.01
2023-03-06,48546.48,1847.9,81.71,2023,3,1,6,Monday,10,-0.7702463304302021,49438.66166666667,47760.62300000001,46077.81875,55678.06,47736.01
2023-03-07,47736.01,1813.9,81.85,2023,3,1,7,Tuesday,10,-1.6694722253807082,49357.501,47802.37422222222,46090.63909999999,55678.06,47736.01
2023-03-08,47832.76,1812.7,82.07,2023,3,1,8,Wednesday,10,0.20267718227811038,49263.05266666666,47843.768777777776,46099.471600000004,55678.06,47736.01
2023-03-09,48206.04,1829.3,81.96,2023,3,1,9,Thursday,10,0.7803856603716852,49172.302333333326,47892.63033333333,46111.27650000001,55678.06,47736.01
2023-03-10,49100.03,1862.0,82.02,2023,3,1,10,Friday,10,1.8545186453813534,49123.984333333334,47955.308333333334,46125.624449999996,55678.06,47736.01
2023-03-13,50373.46,1911.7,81.96,2023,3,1,13,Monday,11,2.5935422035383793,49119.74133333333,48034.41333333334,46145.049699999996,55678.06,47736.01
2023-03-14,50510.08,1906.2,82.42,2023,3,1,14,Tuesday,11,0.2712142465496781,49123.731,48109.48466666667,46167.65595,55678.06,47736.01
2023-03-15,50980.96,1926.6,82.3,2023,3,1,15,Wednesday,11,0.9322495628595329,49136.164666666664,48189.842666666664,46192.4122,55678.06,47736.01
2023-03-16,51033.3,1919.0,82.72,2023,3,1,16,Thursday,11,0.10266577953810252,49147.935000000005,48275.03188888889,46216.54875,55678.06,47736.01
2023-03-17,52325.43,1969.8,82.62,2023,3,1,17,Friday,11,2.5319350306564514,49214.047,48362.42855555556,46248.543,55678.06,47736.01
2023-03-20,52517.98,1979.2,82.53,2023,3,1,20,Monday,12,0.3679855091491824,49326.638666666666,48455.01622222222,46281.19375,55678.06,47736.01
2023-03-21,51422.31,1938.0,82.53,2023,3,1,21,Tuesday,12,-2.0862759763418226,49396.204666666665,48525.916000000005,46305.51685000001,55678.06,47736.01
2023-03-22,51748.39,1946.8,82.68,2023,3,1,22,Wednesday,12,0.6341216487551815,49461.18200000001,48603.59422222223,46334.76525,55678.06,47736.01
2023-03-23,52900.78,1993.8,82.53,2023,3,1,23,Thursday,12,2.226909861350279,49559.780666666666,48682.770333333334,46369.56,55678.06,47736.01
2023-03-24,52424.34,1982.1,82.27,2023,3,1,24,Friday,12,-0.9006294425148442,49654.07766666667,48757.52166666667,46400.55930000001,55678.06,47736.01
2023-03-27,51684.95,1952.4,82.34,2023,3,1,27,Monday,13,-1.4103944846992844,49729.26133333333,48821.783111111115,46427.758949999996,55678.06,47736.01
2023-03-28,52135.83,1972.4,82.21,2023,3,1,28,Tuesday,13,0.8723622640633311,49829.51633333333,48887.86022222222,46457.4405,55678.06,47736.01
2023-03-29,51937.31,1966.1,82.16,2023,3,1,29,Wednesday,13,-0.38077460356918946,49919.62033333334,48951.46011111111,46483.0092,55678.06,47736.01
2023-03-30,52370.43,1980.3,82.26,2023,3,1,30,Thursday,13,0.8339284418080295,50036.377,49020.73933333333,46515.130549999994,55678.06,47736.01
2023-03-31,51973.54,1969.0,82.1,2023,3,1,31,Friday,13,-0.757851329462067,50135.541,49088.014444444445,46547.64184999999,55678.06,47736.01
2023-04-03,52420.6,1983.9,82.18,2023,4,2,3,Monday,14,0.8601684626446504,50251.861999999994,49164.51077777779,46582.17065000001,55678.06,47736.01
2023-04-04,53404.06,2022.2,82.14,2023,4,2,4,Tuesday,14,1.8760945124626671,50407.479999999996,49250.382,46618.05875,55678.06,47736.01
2023-04-05,53352.77,2020.9,82.11,2023,4,2,5,Wednesday,14,-0.09604138711550858,50559.06066666667,49333.83555555556,46654.72655,55678.06,47736.01
2023-04-06,53008.57,2011.9,81.95,2023,4,2,6,Thursday,14,-0.6451398868324909,50712.105,49411.385888888886,46689.92755,55678.06,47736.01
2023-04-10,52366.15,1989.1,81.88,2023,4,2,10,Monday,15,-1.211917242815641,50856.11666666667,49485.55977777777,46721.36165,55678.06,47736.01
2023-04-11,52843.36,2004.8,81.98,2023,4,2,11,Tuesday,15,0.9112947963522133,51002.931333333334,49562.73566666667,46756.0912,55678.06,47736.01
2023-04-12,53059.87,2010.9,82.07,2023,4,2,12,Wednesday,15,0.4097203508633962,51151.60199999999,49643.13822222222,46791.9516,55678.06,47736.01
2023-04-13,53790.15,2041.3,81.96,2023,4,2,13,Thursday,15,1.3763320565994608,51317.14733333334,49717.682222222225,46831.84515000001,55678.06,47736.01
2023-04-14,52579.64,2002.2,81.68,2023,4,2,14,Friday,15,-2.250430608577969,51450.29633333333,49781.20444444444,46865.562249999995,55678.06,47736.01
2023-04-17,52474.77,1994.2,81.84,2023,4,2,17,Monday,16,-0.19944982506536757,51568.67833333334,49850.18122222223,46897.3912,55678.06,47736.01
2023-04-18,52924.66,2007.4,82.0,2023,4,2,18,Tuesday,16,0.8573453490124949,51714.61766666666,49920.592444444446,46933.19715000001,55678.06,47736.01
2023-04-19,52669.85,1995.2,82.11,2023,4,2,19,Wednesday,16,-0.4814579819690912,51879.079000000005,49980.41455555555,46968.20145000001,55678.06,47736.01
2023-04-20,53147.07,2007.6,82.34,2023,4,2,20,Thursday,16,0.906059159082484,52056.222666666676,50045.356,47010.367750000005,55678.06,47736.01
2023-04-21,52276.4,1979.5,82.14,2023,4,2,21,Friday,16,-1.6382276577053045,52191.901333333335,50097.69622222222,47050.398049999996,55678.06,47736.01
2023-04-24,52474.87,1989.1,82.05,2023,4,2,24,Monday,17,0.37965506423549567,52304.396,50156.56366666666,47091.94455,55678.06,47736.01
2023-04-25,52474.32,1994.0,81.85,2023,4,2,25,Tuesday,17,-0.0010481207480927957,52374.424666666666,50204.09055555556,47132.648,55678.06,47736.01
2023-04-26,52344.82,1985.7,81.99,2023,4,2,26,Wednesday,17,-0.2467873809512966,52435.58266666667,50253.63200000001,47173.74850000001,55678.06,47736.01
2023-04-27,52311.78,1989.9,81.77,2023,4,2,27,Thursday,17,-0.06311990374596732,52479.943333333336,50311.05577777777,47215.13265,55678.06,47736.01
2023-04-28,52315.89,1990.1,81.77,2023,4,2,28,Friday,17,0.007856738960132503,52522.69633333333,50362.51511111111,47255.14865,55678.06,47736.01
2023-05-01,52126.81,1983.4,81.74,2023,5,2,1,Monday,18,-0.36141982866009226,52516.075666666664,50413.39666666667,47297.106499999994,55678.06,47736.01
2023-05-02,52958.28,2014.3,81.77,2023,5,2,2,Tuesday,18,1.5950908946854803,52530.75233333334,50466.117777777785,47343.2974,55678.06,47736.01
2023-05-03,53336.85,2028.6,81.78,2023,5,2,3,Wednesday,18,0.714845723841484,52594.57033333334,50522.688444444444,47390.94155,55678.06,47736.01
2023-05-04,53847.78,2048.0,81.78,2023,5,2,4,Thursday,18,0.9579305864519494,52664.55,50591.92455555555,47440.18625,55678.06,47736.01
2023-05-05,53001.77,2017.4,81.72,2023,5,2,5,Friday,18,-1.5711139809292063,52667.916333333334,50649.14933333333,47487.028150000006,55678.06,47736.01
2023-05-08,53244.52,2026.3,81.73,2023,5,2,8,Monday,19,0.45800357233352074,52695.255666666664,50703.29433333334,47532.9832,55678.06,47736.01
2023-05-09,53542.17,2036.2,81.79,2023,5,2,9,Tuesday,19,0.5590246658247588,52757.16300000001,50763.609000000004,47579.2062,55678.06,47736.01
2023-05-10,53599.82,2030.5,82.11,2023,5,2,10,Wednesday,19,0.1076721395490754,52805.962666666666,50820.64077777778,47626.4774,55678.06,47736.01
2023-05-11,53062.84,2014.7,81.92,2023,5,2,11,Thursday,19,-1.0018317225692241,52843.48033333333,50871.75677777778,47671.65665,55678.06,47736.01
2023-05-12,53174.42,2014.5,82.1,2023,5,2,12,Friday,19,0.21027898242913512,52870.28,50919.04277777778,47716.88635,55678.06,47736.01
2023-05-15,53331.69,2018.0,82.2,2023,5,2,15,Monday,20,0.2957625113729545,52915.551666666666,50963.678222222225,47758.880549999994,55678.06,47736.01
2023-05-16,52591.87,1988.4,82.27,2023,5,2,16,Tuesday,20,-1.3872052432615578,52921.26066666667,51006.19799999999,47796.3402,55678.06,47736.01
2023-05-17,52406.86,1980.7,82.3,2023,5,2,17,Wednesday,20,-0.3517844107844059,52888.02066666667,51038.12188888888,47833.16575,55678.06,47736.01
2023-05-18,51863.62,1956.5,82.45,2023,5,2,18,Thursday,20,-1.0365818520705061,52838.382333333335,51063.987555555555,47867.6885,55678.06,47736.01
2023-05-19,52626.92,1978.7,82.73,2023,5,2,19,Friday,20,1.4717445484908165,52825.66066666666,51099.281444444445,47908.68295,55678.06,47736.01
2023-05-22,52637.29,1974.8,82.9,2023,5,2,22,Monday,21,0.01970474426395974,52834.69866666666,51137.44411111111,47944.398100000006,55678.06,47736.01
2023-05-23,52522.71,1972.4,82.82,2023,5,2,23,Tuesday,21,-0.21767837971902182,52824.010333333325,51168.27644444444,47981.420099999996,55678.06,47736.01
2023-05-24,52308.48,1962.8,82.89,2023,5,2,24,Wednesday,21,-0.40788070531775356,52798.96400000001,51193.587999999996,48014.8678,55678.06,47736.01
2023-05-25,51672.96,1943.1,82.71,2023,5,2,25,Thursday,21,-1.2149464102187757,52728.390999999996,51211.425,48043.6671,55678.06,47736.01
2023-05-26,51717.31,1944.1,82.74,2023,5,2,26,Friday,21,0.08582825524219295,52699.64666666666,51231.43622222222,48072.55125,55678.06,47736.01
2023-05-30,51984.84,1958.0,82.58,2023,5,2,30,Tuesday,22,0.5172929527850423,52683.31566666667,51249.87977777777,48104.9105,55678.06,47736.01
2023-05-31,52207.28,1963.9,82.68,2023,5,2,31,Wednesday,22,0.4278939783213698,52659.403000000006,51270.89411111112,48135.7578,55678.06,47736.01
2023-06-01,52571.23,1978.0,82.67,2023,6,2,1,Thursday,22,0.6971249986591932,52656.115666666665,51297.56522222223,48170.587199999994,55678.06,47736.01
2023-06-02,51645.97,1952.4,82.28,2023,6,2,2,Friday,22,-1.7600120826543386,52606.079,51308.45144444445,48202.05285,55678.06,47736.01
2023-06-05,51877.89,1958.0,82.41,2023,6,2,5,Monday,23,0.44905730301898483,52592.795333333335,51318.99966666666,48237.4792,55678.06,47736.01
2023-06-06,52140.68,1965.5,82.51,2023,6,2,6,Tuesday,23,0.5065549119287693,52581.655666666666,51336.67866666667,48274.252649999995,55678.06,47736.01
2023-06-07,51539.59,1942.7,82.52,2023,6,2,7,Wednesday,23,-1.1528234767939405,52550.49800000001,51348.221333333335,48307.859599999996,55678.06,47736.01
2023-06-08,52157.77,1963.6,82.62,2023,6,2,8,Thursday,23,1.1994274692522788,52544.263,51367.858888888884,48345.87989999999,55678.06,47736.01
2023-06-09,52038.69,1962.2,82.49,2023,6,2,9,Friday,23,-0.22830730684995082,52535.16,51383.756,48381.756100000006,55678.06,47736.01
2023-06-12,51828.36,1955.3,82.44,2023,6,2,12,Monday,24,-0.4041800437328491,52518.909,51396.51344444444,48416.534550000004,55678.06,47736.01
2023-06-13,51477.46,1944.6,82.34,2023,6,2,13,Tuesday,24,-0.6770424532051567,52497.263999999996,51409.12888888888,48448.450699999994,55678.06,47736.01
2023-06-14,51731.29,1955.3,82.29,2023,6,2,14,Wednesday,24,0.49308959688376675,52456.36433333333,51437.91844444445,48484.16650000001,55678.06,47736.01
2023-06-15,51642.97,1957.8,82.04,2023,6,2,15,Thursday,24,-0.17072839281603303,52399.90166666666,51463.55888888889,48519.16375,55678.06,47736.01
2023-06-16,51575.49,1958.4,81.91,2023,6,2,16,Friday,24,-0.1306663811163511,52324.15866666667,51483.296888888886,48555.52159999999,55678.06,47736.01
2023-06-20,51015.16,1935.5,81.98,2023,6,2,20,Tuesday,25,-1.0864269054932763,52257.93833333334,51495.211777777775,48591.20109999999,55678.06,47736.01
2023-06-21,50963.64,1933.3,81.99,2023,6,2,21,Wednesday,25,-0.10098958819301229,52181.909,51510.41411111111,48629.0622,55678.06,47736.01
2023-06-22,50389.67,1912.7,81.94,2023,6,2,22,Thursday,25,-1.1262343113639495,52076.825666666664,51521.083333333336,48661.9037,55678.06,47736.01
2023-06-23,50544.58,1919.1,81.92,2023,6,2,23,Friday,25,0.30742412085651427,51974.984333333334,51536.8211111111,48696.543399999995,55678.06,47736.01
2023-06-26,50706.24,1923.7,81.98,2023,6,2,26,Monday,26,0.31983646911299957,51896.431,51553.17722222222,48729.7713,55678.06,47736.01
2023-06-27,50463.92,1914.0,82.01,2023,6,2,27,Tuesday,26,-0.47788990073016624,51806.081000000006,51570.91266666666,48763.3987,55678.06,47736.01
2023-06-28,50414.11,1912.3,82.0,2023,6,2,28,Wednesday,26,-0.09870418310745643,51708.82833333333,51586.64033333333,48795.57125,55678.06,47736.01
2023-06-29,50349.63,1909.2,82.03,2023,6,2,29,Thursday,26,-0.12790070081570848,51634.08700000001,51602.40322222222,48826.03695,55678.06,47736.01
2023-06-30,50693.67,1921.1,82.08,2023,6,2,30,Friday,26,0.6833019428345466,51576.98066666666,51624.160444444446,48862.004400000005,55678.06,47736.01
2023-07-03,50722.41,1921.7,82.1,2023,7,3,3,Monday,27,0.05669346882954951,51538.94033333333,51645.46111111111,48898.52595000001,55678.06,47736.01
2023-07-05,50611.94,1919.6,82.01,2023,7,3,5,Wednesday,27,-0.21779327914427382,51471.77433333334,51669.84666666666,48938.87295,55678.06,47736.01
2023-07-06,50562.03,1908.7,82.39,2023,7,3,6,Thursday,27,-0.09861309406437035,51402.599,51697.804777777776,48977.10319999999,55678.06,47736.01
2023-07-07,51257.41,1926.2,82.77,2023,7,3,7,Friday,27,1.3753007938961392,51360.422333333336,51729.12133333333,49019.9438,55678.06,47736.01
2023-07-10,51130.73,1925.0,82.62,2023,7,3,10,Monday,28,-0.2471447542901628,51321.164,51757.243333333325,49062.93564999999,55678.06,47736.01
2023-07-11,51242.18,1931.3,82.53,2023,7,3,11,Tuesday,28,0.2179706802543091,51306.80466666666,51784.11433333333,49105.70915,55678.06,47736.01
2023-07-12,51823.97,1956.2,82.4,2023,7,3,12,Wednesday,28,1.1353732413414086,51310.36,51820.100999999995,49149.82310000001,55678.06,47736.01
2023-07-13,51652.68,1959.2,82.0,2023,7,3,13,Thursday,28,-0.3305227291540924,51299.28800000001,51850.42733333333,49193.68675,55678.06,47736.01
2023-07-14,51694.69,1960.1,82.03,2023,7,3,14,Friday,28,0.08133169469619617,51282.20166666667,51885.40744444444,49240.1247,55678.06,47736.01
2023-07-17,51520.49,1952.4,82.08,2023,7,3,17,Monday,29,-0.3369785175227902,51247.177,51927.45722222223,49284.30355,55678.06,47736.01
2023-07-18,52165.25,1977.2,82.06,2023,7,3,18,Tuesday,29,1.2514632527757419,51264.486333333334,51975.596000000005,49326.99434999999,55678.06,47736.01
2023-07-19,52181.94,1977.5,82.08,2023,7,3,19,Wednesday,29,0.031994479083308214,51274.62133333333,52019.772666666664,49370.8071,55678.06,47736.01
2023-07-20,51930.5,1968.3,82.06,2023,7,3,20,Thursday,29,-0.48185253365437,51267.615333333335,52051.22233333333,49412.713449999996,55678.06,47736.01
2023-07-21,51838.04,1964.3,82.08,2023,7,3,21,Friday,29,-0.17804565717641774,51277.56366666666,52067.495444444445,49450.05175,55678.06,47736.01
2023-07-24,51674.44,1960.3,81.99,2023,7,3,24,Monday,30,-0.31559835209818976,51261.45266666667,52080.43277777778,49482.94925,55678.06,47736.01
2023-07-25,51610.8,1962.1,81.81,2023,7,3,25,Tuesday,30,-0.12315566458001026,51247.189666666665,52087.431,49516.88045,55678.06,47736.01
2023-07-26,51875.69,1968.9,81.95,2023,7,3,26,Wednesday,30,0.5132452897455453,51248.76733333334,52096.79088888889,49551.592450000004,55678.06,47736.01
2023-07-27,51272.41,1945.4,81.98,2023,7,3,27,Thursday,30,-1.1629339291679752,51241.93233333334,52085.090666666656,49582.84405,55678.06,47736.01
2023-07-28,51919.48,1960.4,82.37,2023,7,3,28,Friday,30,1.2620237667782641,51248.20533333334,52078.44066666667,49620.43060000001,55678.06,47736.01
2023-07-31,52109.62,1970.5,82.25,2023,7,3,31,Monday,31,0.36622092517104576,51263.76033333333,52086.07744444444,49658.5606,55678.06,47736.01
2023-08-01,51309.39,1940.7,82.23,2023,8,3,1,Tuesday,31,-1.535666542953107,51254.89033333334,52081.19966666667,49694.19655,55678.06,47736.01
2023-08-02,51268.24,1937.4,82.31,2023,8,3,2,Wednesday,31,-0.08019974511488392,51263.32633333334,52063.06033333333,49729.864850000005,55678.06,47736.01
2023-08-03,51389.95,1932.0,82.73,2023,8,3,3,Thursday,31,0.23739843614682954,51277.53666666667,52051.567111111115,49769.9021,55678.06,47736.01
2023-08-04,51623.91,1939.6,82.78,2023,8,3,4,Friday,31,0.4552641129248247,51318.67799999999,52050.88888888889,49808.4997,55678.06,47736.01
2023-08-07,51406.23,1933.5,82.7,2023,8,3,7,Monday,32,-0.4216650772868591,51347.399666666664,52042.782222222224,49847.64690000001,55678.06,47736.01
2023-08-08,51189.09,1924.1,82.75,2023,8,3,8,Tuesday,32,-0.42240016433806593,51363.49466666667,52034.46866666666,49888.30929999999,55678.06,47736.01
2023-08-09,51017.19,1915.4,82.85,2023,8,3,9,Wednesday,32,-0.3358137446865972,51381.937,52019.432666666675,49925.81279999999,55678.06,47736.01
2023-08-10,51003.67,1914.4,82.87,2023,8,3,10,Thursday,32,-0.026500871568979623,51401.58900000001,52008.65633333334,49961.00825,55678.06,47736.01
2023-08-11,50922.86,1912.9,82.8,2023,8,3,11,Friday,32,-0.15843957895578242,51420.69666666666,51992.01477777778,49996.859650000006,55678.06,47736.01
2023-08-14,50921.47,1910.6,82.9,2023,8,3,14,Monday,33,-0.0027296188784387,51428.29,51964.43044444445,50031.575,55678.06,47736.01
2023-08-15,50911.16,1902.5,83.23,2023,8,3,15,Tuesday,33,-0.020246862472739213,51434.58166666667,51937.30144444444,50065.59455,55678.06,47736.01
2023-08-16,50716.0,1896.1,83.19,2023,8,3,16,Wednesday,33,-0.38333442019392594,51438.05033333333,51911.82844444445,50100.13205,55678.06,47736.01
2023-08-17,50420.96,1884.1,83.24,2023,8,3,17,Thursday,33,-0.5817493493177728,51433.348000000005,51890.21522222222,50134.94180000001,55678.06,47736.01
2023-08-18,50390.37,1886.1,83.1,2023,8,3,18,Friday,33,-0.06066921375553758,51404.44666666666,51862.95977777779,50170.623600000006,55678.06,47736.01
2023-08-21,50624.74,1893.3,83.17,2023,8,3,21,Monday,34,0.46510871025553513,51387.58033333333,51835.90277777778,50204.97900000001,55678.06,47736.01
2023-08-22,50674.83,1896.4,83.11,2023,8,3,22,Tuesday,34,0.0989437180319408,51368.66866666667,51801.288111111106,50239.60945,55678.06,47736.01
2023-08-23,51240.58,1918.5,83.07,2023,8,3,23,Wednesday,34,1.116431964349962,51349.22233333334,51786.40966666667,50278.981,55678.06,47736.01
2023-08-24,50906.57,1918.2,82.54,2023,8,3,24,Thursday,34,-0.6518466418608093,51324.35199999999,51768.98522222222,50311.215200000006,55678.06,47736.01
2023-08-25,50777.56,1911.1,82.64,2023,8,3,25,Friday,34,-0.2534250490653811,51293.780999999995,51745.12855555555,50344.17755,55678.06,47736.01
2023-08-28,50972.35,1917.9,82.66,2023,8,3,28,Monday,35,0.38361433672668976,51275.509666666665,51726.26744444445,50373.832650000004,55678.06,47736.01
2023-08-29,51483.62,1936.5,82.69,2023,8,3,29,Tuesday,35,1.0030339978439384,51252.78866666667,51707.78466666667,50407.46399999999,55678.06,47736.01
2023-08-30,51567.97,1944.3,82.49,2023,8,3,30,Wednesday,35,0.1638385179596913,51232.323,51699.913222222225,50436.4292,55678.06,47736.01
2023-08-31,51534.37,1938.2,82.7,2023,8,3,31,Thursday,35,-0.06515672422241492,51219.11866666667,51689.46322222223,50465.61745,55678.06,47736.01
2023-09-01,51565.69,1939.8,82.68,2023,9,3,1,Friday,35,0.060774974061006404,51210.04033333333,51679.36733333333,50493.938799999996,55678.06,47736.01
2023-09-05,51236.48,1926.2,82.73,2023,9,3,5,Tuesday,36,-0.6384283813520186,51195.441666666666,51667.05244444444,50519.17675,55678.06,47736.01
2023-09-06,51237.78,1918.1,83.09,2023,9,3,6,Wednesday,36,0.002537254706003189,51183.007666666665,51655.11911111112,50544.29905,55678.06,47736.01
2023-09-07,51327.36,1917.5,83.26,2023,9,3,7,Thursday,36,0.1748319306574153,51164.73,51644.13544444444,50570.25935000001,55678.06,47736.01
2023-09-08,51341.65,1918.4,83.24,2023,9,3,8,Friday,36,0.027840902006270873,51167.03799999999,51635.41144444445,50597.373700000004,55678.06,47736.01
2023-09-11,51342.81,1923.3,83.03,2023,9,3,11,Monday,37,0.00225937421176603,51147.81566666667,51617.461777777775,50626.40809999999,55678.06,47736.01
2023-09-12,50968.39,1911.3,82.94,2023,9,3,12,Tuesday,37,-0.729254982343186,51109.774666666664,51591.14555555556,50652.87179999999,55678.06,47736.01
2023-09-13,50848.16,1909.1,82.84,2023,9,3,13,Wednesday,37,-0.23589130439473083,51094.40033333333,51557.81644444444,50677.90285,55678.06,47736.01
2023-09-14,50929.73,1910.0,82.94,2023,9,3,14,Thursday,37,0.1604187840818616,51083.11666666667,51534.793777777784,50702.4063,55678.06,47736.01
2023-09-15,51351.63,1923.7,83.03,2023,9,3,15,Friday,37,0.8283963021205709,51081.83933333333,51513.761666666665,50730.71195,55678.06,47736.01
2023-09-18,51595.55,1931.5,83.09,2023,9,3,18,Monday,38,0.4749995277657293,51080.894,51492.13255555555,50759.20205,55678.06,47736.01
2023-09-19,51713.94,1932.0,83.25,2023,9,3,19,Tuesday,38,0.22945777300562575,51091.151,51471.17833333333,50788.653549999995,55678.06,47736.01
2023-09-20,52040.51,1945.6,83.19,2023,9,3,20,Wednesday,38,0.63149317186042,51119.53166666666,51459.81911111111,50813.45015,55678.06,47736.01
2023-09-21,51267.72,1919.2,83.09,2023,9,3,21,Thursday,38,-1.4849777605945857,51127.882666666665,51438.63355555555,50835.475549999996,55678.06,47736.01
2023-09-22,51312.2,1925.4,82.89,2023,9,3,22,Friday,38,0.08676024601834698,51138.167,51416.19477777778,50860.702249999995,55678.06,47736.01
2023-09-25,51129.13,1916.6,82.97,2023,9,3,25,Monday,39,-0.3567767509481179,51145.04266666667,51399.942111111115,50883.40965,55678.06,47736.01
2023-09-26,50729.65,1900.4,83.03,2023,9,3,26,Tuesday,39,-0.781315856538134,51138.64866666667,51381.306444444446,50900.628600000004,55678.06,47736.01
2023-09-27,50123.57,1871.6,83.3,2023,9,3,27,Wednesday,39,-1.1947253726371065,51112.39566666666,51361.972555555556,50914.73475,55678.06,47736.01
2023-09-28,49778.17,1860.4,83.22,2023,9,3,28,Thursday,39,-0.6890969657588286,51081.134666666665,51330.31977777778,50925.7967,55678.06,47736.01
2023-09-29,49431.41,1848.1,83.19,2023,9,3,29,Friday,39,-0.6966105825103597,51048.149666666664,51294.69888888888,50937.06975,55678.06,47736.01
2023-10-02,48854.21,1830.0,83.03,2023,10,4,2,Monday,40,-1.167678607589795,50996.94433333333,51253.937777777785,50940.3563,55678.06,47736.01
2023-10-03,48900.46,1824.6,83.36,2023,10,4,3,Tuesday,40,0.09466942562370573,50939.46833333334,51216.0708888889,50945.42815000001,55678.06,47736.01
2023-10-04,48661.21,1818.5,83.23,2023,10,4,4,Wednesday,40,-0.4892592012426866,50872.34766666666,51182.60700000001,50953.015999999996,55678.06,47736.01
2023-10-05,48738.86,1816.6,83.45,2023,10,4,5,Thursday,40,0.15957268633477462,50788.957,51149.51311111111,50958.28755,55678.06,47736.01
2023-10-06,48971.4,1830.2,83.22,2023,10,4,6,Friday,40,0.4771141549063662,50724.45133333334,51116.03044444445,50965.407199999994,55678.06,47736.01
2023-10-09,49428.18,1849.5,83.12,2023,10,4,9,Monday,41,0.9327485021869864,50679.472,51085.15155555555,50971.481199999995,55678.06,47736.01
2023-10-10,49822.7,1861.0,83.27,2023,10,4,10,Tuesday,41,0.798168170464697,50641.15033333333,51054.61233333334,50979.36725,55678.06,47736.01
2023-10-11,50126.56,1872.8,83.25,2023,10,4,11,Wednesday,41,0.6098826438551086,50595.91500000001,51037.72999999999,50991.917400000006,55678.06,47736.01
2023-10-12,50013.48,1869.3,83.22,2023,10,4,12,Thursday,41,-0.22558898915064907,50544.09866666667,51017.01433333333,51002.7271,55678.06,47736.01
2023-10-13,51595.46,1927.4,83.26,2023,10,4,13,Friday,41,3.1631072262917836,50546.135,51010.956333333335,51018.847050000004,55678.06,47736.01
2023-10-16,51439.11,1921.1,83.28,2023,10,4,16,Monday,42,-0.30303053795818213,50541.91566666667,51009.8398888889,51035.47335,55678.06,47736.01
2023-10-17,51430.76,1922.7,83.2,2023,10,4,17,Tuesday,42,-0.016232784742964412,50548.39166666667,51001.762,51050.292349999996,55678.06,47736.01
2023-10-18,52343.53,1955.3,83.26,2023,10,4,18,Wednesday,42,1.7747550298692794,50585.25,51005.14911111112,51069.698000000004,55678.06,47736.01
2023-10-19,52696.94,1968.4,83.27,2023,10,4,19,Thursday,42,0.6751741810306022,50630.90266666666,51014.8,51088.5893,55678.06,47736.01
2023-10-20,52981.16,1982.5,83.12,2023,10,4,20,Friday,42,0.5393482050380927,50685.553,51031.50777777778,51106.9226,55678.06,47736.01
2023-10-23,52839.3,1976.3,83.16,2023,10,4,23,Monday,43,-0.2677555568809775,50735.436,51043.819,51127.29364999999,55678.06,47736.01
2023-10-24,52721.74,1975.0,83.03,2023,10,4,24,Tuesday,43,-0.22248591483990943,50793.88100000001,51055.80533333334,51143.2338,55678.06,47736.01
2023-10-25,52938.12,1984.1,82.99,2023,10,4,25,Wednesday,43,0.41041892775164346,50863.54633333333,51070.945666666674,51160.24585,55678.06,47736.01
2023-10-26,53137.88,1987.2,83.17,2023,10,4,26,Thursday,43,0.3773462299001107,50937.151333333335,51094.531444444445,51178.6829,55678.06,47736.01
2023-10-27,53246.61,1988.6,83.28,2023,10,4,27,Friday,43,0.20461862611005355,51000.31733333333,51119.89777777778,51198.902700000006,55678.06,47736.01
2023-10-30,53534.11,1996.2,83.41,2023,10,4,30,Monday,44,0.5399404769618199,51064.936,51154.836,51217.83425,55678.06,47736.01
2023-10-31,53164.5,1985.2,83.3,2023,10,4,31,Tuesday,44,-0.690419622181071,51113.28800000001,51183.94622222222,51233.50455,55678.06,47736.01
2023-11-01,52980.83,1978.8,83.28,2023,11,4,1,Wednesday,44,-0.34547489396119513,51144.632,51209.21944444445,51248.07055,55678.06,47736.01
2023-11-02,54386.55,1985.6,85.19,2023,11,4,2,Thursday,44,2.653261566494902,51248.593,51252.80422222222,51270.421800000004,55678.06,47736.01
2023-11-03,53301.72,1991.5,83.25,2023,11,4,3,Friday,44,-1.9946659606097539,51314.910333333326,51284.88877777778,51285.3058,55678.06,47736.01
2023-11-06,52980.17,1981.6,83.16,2023,11,4,6,Monday,45,-0.6032638346379904,51376.61166666667,51314.117000000006,51298.6267,55678.06,47736.01
2023-11-07,52625.14,1966.8,83.22,2023,11,4,7,Tuesday,45,-0.6701186500534084,51439.79466666667,51335.57777777778,51310.89825,55678.06,47736.01
2023-11-08,52221.97,1951.5,83.23,2023,11,4,8,Wednesday,45,-0.766116726720345,51509.74133333333,51352.23955555555,51318.67705,55678.06,47736.01
2023-11-09,52552.35,1964.2,83.22,2023,11,4,9,Thursday,45,0.6326456087351717,51602.214,51373.79966666667,51326.796050000004,55678.06,47736.01
2023-11-10,51770.08,1932.6,83.32,2023,11,4,10,Friday,45,-1.4885537944544724,51680.16966666667,51387.22244444445,51332.8986,55678.06,47736.01
2023-11-13,52102.82,1945.5,83.3,2023,11,4,13,Monday,46,0.6427264551261969,51788.456666666665,51396.61588888888,51340.908950000005,55678.06,47736.01
2023-11-14,52475.46,1961.8,83.2,2023,11,4,14,Tuesday,46,0.7152012117578321,51907.62333333333,51411.55733333334,51351.334299999995,55678.06,47736.01
2023-11-15,52293.87,1960.1,82.98,2023,11,4,15,Wednesday,46,-0.34604746675873654,52028.71200000001,51423.24277777777,51359.7639,55678.06,47736.01
2023-11-16,53059.34,1983.9,83.19,2023,11,4,16,Thursday,46,1.4637853346864516,52172.728,51436.96911111111,51371.65965000001,55678.06,47736.01
2023-11-17,52955.84,1981.6,83.12,2023,11,4,17,Friday,46,-0.19506462010270287,52305.54266666667,51451.44866666668,51384.728500000005,55678.06,47736.01
2023-11-20,52960.47,1977.7,83.29,2023,11,4,20,Monday,47,0.008743133901756295,52423.28566666666,51465.512888888894,51403.829699999995,55678.06,47736.01
2023-11-21,53558.63,1999.3,83.32,2023,11,4,21,Tuesday,47,1.1294461699452363,52547.816666666666,51488.15888888889,51424.9462,55678.06,47736.01
2023-11-22,53362.04,1991.4,83.35,2023,11,4,22,Wednesday,47,-0.3670556920518653,52655.666,51501.45655555555,51442.761049999994,55678.06,47736.01
2023-11-24,53650.35,2002.2,83.34,2023,11,4,24,Friday,47,0.5402904386713869,52776.895,51517.77222222222,51461.2987,55678.06,47736.01
2023-11-27,53888.51,2011.8,83.31,2023,11,4,27,Monday,48,0.4439113631131919,52853.329999999994,51539.52788888889,51482.7641,55678.06,47736.01
2023-11-28,54668.63,2039.7,83.36,2023,11,4,28,Tuesday,48,1.4476555391863544,52960.98066666667,51570.978888888894,51508.96005,55678.06,47736.01
2023-11-29,54902.24,2047.1,83.42,2023,11,4,29,Wednesday,48,0.4273200188115167,53076.69666666667,51606.84333333333,51537.830350000004,55678.06,47736.01
2023-11-30,54603.33,2038.1,83.33,2023,11,4,30,Thursday,48,-0.5444404454171603,53152.02333333333,51640.09366666666,51564.67605,55678.06,47736.01
2023-12-01,55499.68,2071.0,83.35,2023,12,4,1,Friday,48,1.641566549146356,53245.448000000004,51680.36022222222,51597.8358,55678.06,47736.01
2023-12-04,54155.56,2024.1,83.22,2023,12,4,4,Monday,49,-2.4218518016680513,53284.594666666664,51712.39522222223,51623.6205,55678.06,47736.01
2023-12-05,54134.56,2018.5,83.42,2023,12,4,5,Tuesday,49,-0.03877718188123325,53327.77,51737.00722222223,51649.638450000006,55678.06,47736.01
2023-12-06,54390.32,2030.5,83.32,2023,12,4,6,Wednesday,49,0.4724523483704335,53383.38933333333,51762.34833333333,51677.91244999999,55678.06,47736.01
2023-12-07,54357.08,2029.9,83.29,2023,12,4,7,Thursday,49,-0.06111381584075204,53430.688,51796.21155555556,51705.67109999999,55678.06,47736.01
2023-12-08,53552.85,1998.3,83.35,2023,12,4,8,Friday,49,-1.4795312772503677,53444.52033333333,51821.59611111112,51731.34915,55678.06,47736.01
2023-12-11,53056.65,1978.0,83.43,2023,12,4,11,Monday,50,-0.9265613314697441,53438.18833333334,51840.115,51756.403399999996,55678.06,47736.01
2023-12-12,52996.21,1977.8,83.34,2023,12,4,12,Tuesday,50,-0.1139159747175933,53420.25833333333,51855.36277777777,51779.18985,55678.06,47736.01
2023-12-13,53150.26,1982.3,83.4,2023,12,4,13,Wednesday,50,0.29068116380397413,53419.78366666667,51874.74088888888,51801.9424,55678.06,47736.01
2023-12-14,54362.31,2030.2,83.29,2023,12,4,14,Thursday,50,2.2804215821333518,53465.833000000006,51909.99888888889,51829.635,55678.06,47736.01
2023-12-15,54125.98,2021.1,83.3,2023,12,4,15,Friday,50,-0.4347313423583299,53457.14733333334,51944.541,51857.33905,55678.06,47736.01
2023-12-18,54099.19,2026.3,83.04,2023,12,4,18,Monday,51,-0.04949563961705872,53483.72966666667,51978.935666666664,51883.21845,55678.06,47736.01
2023-12-19,54467.78,2038.4,83.11,2023,12,4,19,Tuesday,51,0.681322585421329,53533.316666666666,52018.32366666666,51912.82495,55678.06,47736.01
2023-12-20,54350.75,2034.5,83.09,2023,12,4,20,Wednesday,51,-0.21486096918214015,53590.83700000001,52056.42677777778,51945.89865,55678.06,47736.01
2023-12-21,54588.76,2039.1,83.27,2023,12,4,21,Thursday,51,0.437914840181608,53669.73,52097.289,51979.678649999994,55678.06,47736.01
2023-12-22,54980.96,2057.1,83.13,2023,12,4,22,Friday,51,0.7184629216710592,53750.683666666664,52144.67744444444,52013.553250000004,55678.06,47736.01
2023-12-26,55037.29,2058.2,83.17,2023,12,4,26,Tuesday,52,0.10245364940881796,53859.59066666666,52195.97,52043.23955,55678.06,47736.01
2023-12-27,55678.06,2081.9,83.18,2023,12,4,27,Wednesday,52,1.164247004167529,53978.76533333333,52254.72211111111,52069.76255,55678.06,47736.01
2023-12-28,55520.39,2073.9,83.27,2023,12,4,28,Thursday,52,-0.28318156200125566,54080.263000000006,52309.11822222223,52094.8141,55678.06,47736.01
2023-12-29,54572.52,2062.4,82.3,2023,12,4,29,Friday,52,-1.707246652986416,54156.218,52352.42588888889,52112.77190000001,55678.06,47736.01
2024-01-02,55223.19,2064.4,83.2,2024,1,1,2,Tuesday,1,1.1923033790633086,54228.34633333333,52396.677111111116,52133.72135,75387.98,53159.09
2024-01-03,54450.91,2034.2,83.26,2024,1,1,3,Wednesday,1,-1.3984704614130372,54278.182,52436.05866666667,52144.34875,75387.98,53159.09
2024-01-04,54707.85,2042.3,83.32,2024,1,1,4,Thursday,1,0.4718745747316122,54336.428,52479.72855555556,52155.29809999999,75387.98,53159.09
2024-01-05,54659.64,2042.4,83.24,2024,1,1,5,Friday,1,-0.08812263687935085,54373.12833333333,52520.69844444444,52171.484749999996,75387.98,53159.09
2024-01-08,54204.54,2026.6,83.19,2024,1,1,8,Monday,2,-0.8326070204633607,54401.21166666666,52550.930888888885,52183.76550000001,75387.98,53159.09
2024-01-09,54107.72,2026.4,83.05,2024,1,1,9,Tuesday,2,-0.17861972447326124,54416.45733333333,52579.15033333334,52189.8002,75387.98,53159.09
2024-01-10,54034.48,2021.7,83.13,2024,1,1,10,Wednesday,2,-0.13535961226974758,54421.323,52606.929333333326,52197.8509,75387.98,53159.09
2024-01-11,53768.37,2014.3,83.03,2024,1,1,11,Thursday,2,-0.49248183752300667,54391.31433333333,52631.40355555556,52208.268,75387.98,53159.09
2024-01-12,54666.47,2046.7,83.08,2024,1,1,12,Friday,2,1.6703128623761554,54383.45533333333,52669.51455555555,52220.921200000004,75387.98,53159.09
2024-01-16,53972.43,2026.0,82.86,2024,1,1,16,Tuesday,3,-1.269589933280857,54362.42533333333,52699.89955555555,52231.0968,75387.98,53159.09
2024-01-17,53496.88,2002.6,83.09,2024,1,1,17,Wednesday,3,-0.8810979976258349,54295.66533333333,52724.00533333334,52236.72905,75387.98,53159.09
2024-01-18,53981.8,2018.6,83.18,2024,1,1,18,Thursday,3,0.9064453852262178,54289.87333333334,52753.34033333333,52246.77035,75387.98,53159.09
2024-01-19,54181.99,2026.5,83.16,2024,1,1,19,Friday,3,0.37084721146756205,54291.454333333335,52784.886777777785,52255.5773,75387.98,53159.09
2024-01-22,53979.55,2019.8,83.12,2024,1,1,22,Monday,4,-0.3736296876508116,54277.762,52818.34411111111,52258.454750000004,75387.98,53159.09
2024-01-23,54064.51,2023.7,83.1,2024,1,1,23,Tuesday,4,0.157392938622114,54268.009666666665,52854.081333333335,52262.01345,75387.98,53159.09
2024-01-24,53884.47,2013.9,83.22,2024,1,1,24,Wednesday,4,-0.3330095842910663,54279.06366666667,52886.91177777777,52266.39295000001,75387.98,53159.09
2024-01-25,53884.47,2016.9,83.1,2024,1,1,25,Thursday,4,0.0,54306.657666666666,52915.054444444446,52273.98455,75387.98,53159.09
2024-01-26,53913.25,2016.8,83.15,2024,1,1,26,Friday,4,0.0534105652333583,54337.225666666665,52940.80666666667,52279.333999999995,75387.98,53159.09
2024-01-29,54121.64,2025.2,83.12,2024,1,1,29,Monday,5,0.3865283580566814,54369.604999999996,52967.55888888889,52284.642850000004,75387.98,53159.09
2024-01-30,54310.78,2031.5,83.15,2024,1,1,30,Tuesday,5,0.34947204112809604,54367.88733333333,52992.78411111111,52287.246,75387.98,53159.09
2024-01-31,54734.0,2048.4,83.11,2024,1,1,31,Wednesday,5,0.7792559782790809,54388.15466666666,53031.29833333334,52298.0178,75387.98,53159.09
2024-02-01,54819.89,2053.0,83.05,2024,2,1,1,Thursday,5,0.15692257097965623,54412.178,53070.272666666664,52309.7434,75387.98,53159.09
2024-02-02,54286.13,2036.1,82.93,2024,2,1,2,Friday,5,-0.9736612021658653,54406.123,53105.35044444445,52316.550749999995,75387.98,53159.09
2024-02-05,54055.55,2025.7,83.0,2024,2,1,5,Monday,6,-0.424749378892908,54396.283,53142.30488888888,52323.47925,75387.98,53159.09
2024-02-06,54358.67,2034.5,83.1,2024,2,1,6,Tuesday,6,0.5607564810643728,54388.61333333333,53189.36155555556,52329.537249999994,75387.98,53159.09
2024-02-07,54355.71,2035.2,83.07,2024,2,1,7,Wednesday,6,-0.0054453135074794545,54367.77166666666,53240.22311111111,52339.933800000006,75387.98,53159.09
2024-02-08,54237.69,2032.2,83.01,2024,2,1,8,Thursday,6,-0.2171253029350506,54341.11833333333,53293.62622222223,52348.7479,75387.98,53159.09
2024-02-09,53982.4,2023.3,82.99,2024,2,1,9,Friday,6,-0.4706874500001734,54284.596333333335,53350.60611111111,52356.2883,75387.98,53159.09
2024-02-12,53865.28,2018.2,83.01,2024,2,1,12,Monday,7,-0.21695960164794803,54229.426,53405.77077777777,52363.8906,75387.98,53159.09
2024-02-13,53174.45,1992.9,82.99,2024,2,1,13,Tuesday,7,-1.282514450867056,54182.82366666666,53455.917888888885,52368.203949999996,75387.98,53159.09
2024-02-14,53159.09,1990.3,83.07,2024,2,1,14,Wednesday,7,-0.028886053358334607,54114.020333333334,53505.03155555556,52372.41995,75387.98,53159.09
2024-02-15,53453.98,2002.1,83.04,2024,2,1,15,Thursday,7,0.5547310911454773,54080.78933333334,53554.837999999996,52379.0558,75387.98,53159.09
2024-02-16,53683.29,2011.5,83.01,2024,2,1,16,Friday,7,0.42898583042834115,54046.63733333334,53602.117000000006,52382.68085,75387.98,53159.09
2024-02-20,54117.73,2027.5,83.02,2024,2,1,20,Tuesday,8,0.8092648569042682,54028.57366666667,53649.839555555554,52386.585250000004,75387.98,53159.09
2024-02-21,53854.16,2022.3,82.83,2024,2,1,21,Wednesday,8,-0.4870307753115255,54016.89433333334,53691.257333333335,52386.61715,75387.98,53159.09
2024-02-22,53855.89,2019.7,82.94,2024,2,1,22,Thursday,8,0.0032123795079108675,54008.5,53733.95077777778,52390.887749999994,75387.98,53159.09
2024-02-23,54316.55,2038.6,82.87,2024,2,1,23,Friday,8,0.8553567678484253,54017.90233333334,53764.18511111111,52396.2479,75387.98,53159.09
2024-02-26,54053.64,2028.5,82.88,2024,2,1,26,Monday,9,-0.484032951282809,54027.41133333334,53793.235444444435,52398.80525,75387.98,53159.09
2024-02-27,54180.71,2034.0,82.85,2024,2,1,27,Tuesday,9,0.23508130072276145,54011.219333333334,53823.79044444444,52401.7097,75387.98,53159.09
2024-02-28,54216.95,2033.0,82.95,2024,2,1,28,Wednesday,9,0.06688727408703521,54019.37,53844.60622222222,52407.48024999999,75387.98,53159.09
2024-02-29,54531.77,2045.7,82.91,2024,2,1,29,Thursday,9,0.5806671160956123,54053.86633333333,53864.99322222222,52414.267,75387.98,53159.09
2024-03-01,55629.01,2086.9,82.91,2024,3,1,1,Friday,9,2.0121114718997912,54108.77333333333,53894.41377777778,52425.753600000004,75387.98,53159.09
2024-03-04,56406.25,2117.7,82.85,2024,3,1,4,Monday,10,1.397184670372531,54182.91533333333,53934.04655555556,52444.825500000006,75387.98,53159.09
2024-03-05,56871.27,2133.5,82.91,2024,3,1,5,Tuesday,10,0.8244121883656419,54279.306,53980.152444444444,52467.14755,75387.98,53159.09
2024-03-06,57301.33,2150.3,82.88,2024,3,1,6,Wednesday,10,0.7561990439109323,54387.2,54028.63255555555,52494.3361,75387.98,53159.09
2024-03-07,57460.93,2158.0,82.82,2024,3,1,7,Thursday,10,0.27852756646311594,54506.41533333333,54076.66644444444,52518.50615,75387.98,53159.09
2024-03-08,57962.66,2178.6,82.75,2024,3,1,8,Friday,10,0.8731672111815802,54642.354999999996,54129.066999999995,52545.133,75387.98,53159.09
2024-03-11,58066.28,2182.5,82.75,2024,3,1,11,Monday,11,0.17877026347650204,54780.789333333334,54179.42444444445,52572.85085,75387.98,53159.09
2024-03-12,57496.5,2160.4,82.78,2024,3,1,12,Tuesday,11,-0.9812579693412427,54893.28466666667,54227.55777777778,52598.790949999995,75387.98,53159.09
2024-03-13,57935.43,2175.4,82.84,2024,3,1,13,Wednesday,11,0.7634029897471972,55014.10633333333,54282.608888888884,52630.1033,75387.98,53159.09
2024-03-14,57602.41,2163.0,82.83,2024,3,1,14,Thursday,11,-0.5748123384947679,55109.72,54318.34066666667,52659.5288,75387.98,53159.09
2024-03-15,57543.91,2157.3,82.97,2024,3,1,15,Friday,11,-0.10155825077458047,55200.52066666666,54365.47611111111,52687.32415,75387.98,53159.09
2024-03-18,57581.32,2160.7,82.89,2024,3,1,18,Monday,12,0.06501122360298428,55310.36033333334,54416.6,52714.19435,75387.98,53159.09
2024-03-19,57446.52,2156.3,82.86,2024,3,1,19,Tuesday,12,-0.23410369890791705,55423.39266666667,54470.17088888889,52738.5708,75387.98,53159.09
2024-03-20,57613.19,2157.9,83.04,2024,3,1,20,Wednesday,12,0.29013071636019294,55531.87666666667,54530.07333333334,52768.4069,75387.98,53159.09
2024-03-21,58275.87,2182.4,83.05,2024,3,1,21,Thursday,12,1.1502227180963276,55662.54866666666,54593.668,52800.396799999995,75387.98,53159.09
2024-03-22,57746.34,2158.1,83.23,2024,3,1,22,Friday,12,-0.9086608230816751,55779.503666666664,54660.07088888889,52828.4251,75387.98,53159.09
2024-03-25,58449.81,2174.8,83.59,2024,3,1,25,Monday,13,1.218207075980926,55928.41733333333,54730.593,52862.976200000005,75387.98,53159.09
2024-03-26,58348.06,2175.6,83.42,2024,3,1,26,Tuesday,13,-0.174080976482216,56077.84333333334,54795.84411111112,52893.927650000005,75387.98,53159.09
2024-03-27,58699.71,2190.6,83.35,2024,3,1,27,Wednesday,13,0.6026764214611458,56262.01866666667,54867.02011111112,52927.232749999996,75387.98,53159.09
2024-03-28,59431.75,2217.4,83.36,2024,3,1,28,Thursday,13,1.247093043560188,56471.10733333333,54937.824666666675,52965.2497,75387.98,53159.09
2024-04-01,59943.53,2236.5,83.36,2024,4,2,1,Monday,14,0.861122211612475,56687.42566666667,55015.465666666656,53007.58005000001,75387.98,53159.09
2024-04-02,60632.83,2261.0,83.41,2024,4,2,2,Tuesday,14,1.1499155955613682,56919.077,55100.714111111105,53052.087750000006,75387.98,53159.09
2024-04-03,61484.7,2294.4,83.35,2024,4,2,3,Wednesday,14,1.404964934013453,57164.64266666667,55188.78155555556,53101.2964,75387.98,53159.09
2024-04-04,61351.56,2288.8,83.37,2024,4,2,4,Thursday,14,-0.21654167622189302,57414.556,55277.554000000004,53150.176750000006,75387.98,53159.09
2024-04-05,62418.8,2325.7,83.48,2024,4,2,5,Friday,14,1.7395482690252706,57699.986333333334,55374.981222222224,53207.194950000005,75387.98,53159.09
2024-04-08,62444.14,2331.7,83.3,2024,4,2,8,Monday,15,0.04059674328886764,57970.906,55470.04377777777,53264.59745,75387.98,53159.09
2024-04-09,62739.66,2343.5,83.27,2024,4,2,9,Tuesday,15,0.4732549763676763,58260.439999999995,55559.72188888889,53326.3474,75387.98,53159.09
2024-04-10,62333.61,2329.6,83.22,2024,4,2,10,Wednesday,15,-0.6471982793658793,58532.20333333333,55642.292666666675,53385.29255,75387.98,53159.09
2024-04-11,63150.52,2354.8,83.41,2024,4,2,11,Thursday,15,1.3105449852816031,58829.988999999994,55737.26144444445,53447.51394999999,75387.98,53159.09
2024-04-12,63140.04,2356.2,83.35,2024,4,2,12,Friday,15,-0.016595271107822107,59116.931333333334,55822.15433333333,53510.89455,75387.98,53159.09
2024-04-15,63596.43,2365.8,83.61,2024,4,2,15,Monday,16,0.7228218417346666,59382.511999999995,55927.05288888889,53576.806150000004,75387.98,53159.09
2024-04-16,64187.68,2390.8,83.51,2024,4,2,16,Tuesday,16,0.9296905502400143,59641.893000000004,56038.75422222222,53645.996399999996,75387.98,53159.09
2024-04-17,63798.03,2371.7,83.67,2024,4,2,17,Wednesday,16,-0.607047956866491,59872.785,56143.28433333333,53711.518200000006,75387.98,53159.09
2024-04-18,64028.26,2382.3,83.6,2024,4,2,18,Thursday,16,0.360873211915802,60097.015999999996,56250.74188888889,53778.04745,75387.98,53159.09
2024-04-19,64421.79,2398.4,83.54,2024,4,2,19,Friday,16,0.6146192321952793,60329.04466666666,56371.50788888889,53847.0967,75387.98,53159.09
2024-04-22,62523.89,2332.2,83.39,2024,4,2,22,Monday,17,-2.9460528805548614,60481.085666666666,56476.69944444445,53906.906,75387.98,53159.09
2024-04-23,62403.93,2327.7,83.39,2024,4,2,23,Tuesday,17,-0.19186266241592032,60625.674,56581.229666666666,53962.638600000006,75387.98,53159.09
2024-04-24,62241.24,2324.5,83.28,2024,4,2,24,Wednesday,17,-0.2607047344614366,60783.832,56682.24055555556,54018.19115,75387.98,53159.09
2024-04-25,62426.07,2329.8,83.34,2024,4,2,25,Thursday,17,0.2969574513618234,60933.520000000004,56771.83788888889,54074.11060000001,75387.98,53159.09
2024-04-26,62530.92,2334.8,83.3,2024,4,2,26,Friday,17,0.16795867495742467,61097.80366666666,56865.226111111115,54127.64535,75387.98,53159.09
2024-04-29,62890.59,2345.4,83.4,2024,4,2,29,Monday,18,0.5751874432680548,61276.026333333335,56962.90833333333,54183.8349,75387.98,53159.09
2024-04-30,61478.56,2291.4,83.45,2024,4,2,30,Tuesday,18,-2.2452166532385798,61405.93433333333,57040.805888888885,54232.754250000005,75387.98,53159.09
2024-05-01,61741.59,2299.9,83.5,2024,5,2,1,Wednesday,18,0.42784020966009084,61549.103333333325,57122.92633333334,54283.85975,75387.98,53159.09
2024-05-02,61654.8,2299.2,83.41,2024,5,2,2,Thursday,18,-0.14056975209092437,61683.82366666666,57201.43788888889,54331.3075,75387.98,53159.09
2024-05-03,61649.36,2299.0,83.41,2024,5,2,3,Friday,18,-0.00882331951446158,61796.27333333333,57275.53122222222,54378.64460000001,75387.98,53159.09
2024-05-06,62235.76,2321.6,83.38,2024,5,2,6,Monday,19,0.9511858679473795,61945.92066666667,57355.51422222223,54430.170900000005,75387.98,53159.09
2024-05-07,62133.27,2315.2,83.47,2024,5,2,7,Tuesday,19,-0.16468024171313322,62068.70266666667,57427.23877777778,54481.64705,75387.98,53159.09
2024-05-08,62088.18,2313.6,83.47,2024,5,2,8,Wednesday,19,-0.07256981646064364,62193.37333333333,57500.21422222222,54533.71575,75387.98,53159.09
2024-05-09,62580.45,2332.1,83.46,2024,5,2,9,Thursday,19,0.7928562248080029,62322.73133333333,57589.19122222222,54588.56399999999,75387.98,53159.09
2024-05-10,63521.29,2367.3,83.46,2024,5,2,10,Friday,19,1.503408812176965,62459.049333333336,57681.39233333333,54646.792,75387.98,53159.09
2024-05-13,62733.23,2336.1,83.52,2024,5,2,13,Monday,20,-1.2406234193291676,62552.039333333334,57773.41811111111,54704.0961,75387.98,53159.09
2024-05-14,63183.19,2353.4,83.51,2024,5,2,14,Tuesday,20,0.7172594173773694,62637.05133333334,57867.58855555555,54760.41465,75387.98,53159.09
2024-05-15,64145.27,2388.7,83.52,2024,5,2,15,Wednesday,20,1.5226834859081828,62725.736999999994,57972.98444444445,54820.5929,75387.98,53159.09
2024-05-16,63820.51,2380.0,83.41,2024,5,2,16,Thursday,20,-0.5062883046559663,62808.03533333333,58079.828555555556,54883.148499999996,75387.98,53159.09
2024-05-17,64734.38,2412.2,83.47,2024,5,2,17,Friday,20,1.4319377892780816,62885.221333333335,58197.90255555555,54950.4792,75387.98,53159.09
2024-05-20,65183.93,2433.9,83.3,2024,5,2,20,Monday,21,0.6944532410753101,62976.547666666665,58321.78533333333,55019.4491,75387.98,53159.09
2024-05-21,64868.56,2421.7,83.32,2024,5,2,21,Tuesday,21,-0.48381556619860877,63047.511000000006,58445.12077777778,55085.67235,75387.98,53159.09
2024-05-22,63999.39,2389.2,83.32,2024,5,2,22,Wednesday,21,-1.339894087366822,63103.037000000004,58548.81988888889,55148.63814999999,75387.98,53159.09
2024-05-23,62510.22,2335.0,83.27,2024,5,2,23,Thursday,21,-2.3268503027919496,63081.693666666666,58643.684222222226,55205.2438,75387.98,53159.09
2024-05-24,62457.77,2332.5,83.29,2024,5,2,24,Friday,21,-0.08390627964516284,63058.95133333334,58743.24966666666,55262.4467,75387.98,53159.09
2024-05-28,62959.07,2355.2,83.15,2024,5,2,28,Tuesday,22,0.8026223158463797,63037.706,58842.997111111115,55322.2237,75387.98,53159.09
2024-05-29,62606.51,2340.3,83.21,2024,5,2,29,Wednesday,22,-0.5599828587048661,62985.00033333334,58936.60288888888,55380.64194999999,75387.98,53159.09
2024-05-30,62795.91,2342.9,83.37,2024,5,2,30,Thursday,22,0.30252444993339456,62951.59633333333,59034.56244444445,55440.01415,75387.98,53159.09
2024-05-31,62226.47,2322.9,83.32,2024,5,2,31,Friday,22,-0.9068106505662588,62891.53666666666,59125.25088888889,55496.5907,75387.98,53159.09
2024-06-03,62959.36,2346.6,83.45,2024,6,2,3,Monday,23,1.1777785241553929,62842.789000000004,59226.083000000006,55557.8075,75387.98,53159.09
2024-06-04,62126.03,2325.5,83.09,2024,6,2,4,Tuesday,23,-1.3235998587025066,62829.527,59317.65588888888,55616.33285,75387.98,53159.09
2024-06-05,63295.77,2354.1,83.63,2024,6,2,5,Wednesday,23,1.8828500710571738,62859.255000000005,59421.90611111111,55680.85985,75387.98,53159.09
2024-06-06,63541.89,2370.3,83.38,2024,6,2,6,Thursday,23,0.38884115004842457,62902.61,59526.57555555555,55745.4456,75387.98,53159.09
2024-06-07,61865.12,2305.2,83.47,2024,6,2,7,Friday,23,-2.638841872660691,62883.91166666667,59610.51266666666,55801.39705,75387.98,53159.09
2024-06-10,61972.65,2307.7,83.53,2024,6,2,10,Monday,24,0.17381361258168582,62865.30266666667,59690.942111111115,55855.057400000005,75387.98,53159.09
2024-06-11,61968.91,2307.5,83.53,2024,6,2,11,Tuesday,24,-0.0060349202430365345,62834.579999999994,59770.375666666674,55910.3691,75387.98,53159.09
2024-06-12,62784.62,2336.0,83.6,2024,6,2,12,Wednesday,24,1.3163213617925384,62878.115333333335,59864.80333333333,55970.40440000001,75387.98,53159.09
2024-06-13,61776.2,2300.2,83.53,2024,6,2,13,Thursday,24,-1.6061576863888094,62879.269,59950.58833333333,56024.42364999999,75387.98,53159.09
2024-06-14,62604.99,2331.4,83.52,2024,6,2,14,Friday,24,1.3416008106681865,62910.942,60042.214111111105,56080.0305,75387.98,53159.09
2024-06-17,62116.86,2312.4,83.55,2024,6,2,17,Monday,25,-0.7796982317224144,62926.52533333333,60128.44911111111,56132.77495,75387.98,53159.09
2024-06-18,62569.14,2330.4,83.51,2024,6,2,18,Tuesday,25,0.72811149823091,62937.638,60221.020777777776,56187.9488,75387.98,53159.09
2024-06-20,63128.85,2353.8,83.42,2024,6,2,20,Thursday,25,0.8945464169716866,62970.82400000001,60322.647999999994,56245.76460000001,75387.98,53159.09
2024-06-21,62261.4,2316.4,83.6,2024,6,2,21,Friday,25,-1.374094411667559,62976.598,60415.93822222223,56300.8892,75387.98,53159.09
2024-06-24,62597.66,2330.0,83.56,2024,6,2,24,Monday,26,0.5400778010131502,62977.17166666666,60520.64055555556,56357.688599999994,75387.98,53159.09
2024-06-25,62161.61,2316.6,83.46,2024,6,2,25,Tuesday,26,-0.6965915339327444,62931.849,60620.66855555555,56411.85985,75387.98,53159.09
2024-06-26,61660.85,2299.2,83.41,2024,6,2,26,Wednesday,26,-0.8055775904131202,62896.103,60711.856,56463.45585,75387.98,53159.09
2024-06-27,62463.27,2324.5,83.58,2024,6,2,27,Thursday,26,1.3013443700500282,62872.10566666666,60809.41133333333,56519.058150000004,75387.98,53159.09
2024-06-28,62452.34,2327.7,83.45,2024,6,2,28,Friday,26,-0.017498283391181868,62815.674666666666,60902.01811111112,56576.4779,75387.98,53159.09
2024-07-01,62387.26,2327.6,83.37,2024,7,3,1,Monday,27,-0.1042074644440727,62767.899666666664,60996.83033333334,56634.1734,75387.98,53159.09
2024-07-02,62319.08,2323.0,83.44,2024,7,3,2,Tuesday,27,-0.10928513289412134,62687.38966666666,61090.86577777778,56691.120149999995,75387.98,53159.09
2024-07-03,63334.99,2359.8,83.48,2024,7,3,3,Wednesday,27,1.6301748998861942,62625.75833333333,61191.07066666666,56751.03695,75387.98,53159.09
2024-07-05,64116.25,2388.5,83.49,2024,7,3,5,Friday,27,1.2335361543437617,62600.681333333334,61302.87744444444,56813.64045,75387.98,53159.09
2024-07-08,63206.23,2355.2,83.47,2024,7,3,8,Monday,28,-1.4193281734349639,62574.242666666665,61403.161,56871.1019,75387.98,53159.09
2024-07-09,63326.73,2360.1,83.46,2024,7,3,9,Tuesday,28,0.19064576387486376,62601.45966666667,61504.38077777777,56927.53300000001,75387.98,53159.09
2024-07-10,63678.39,2372.2,83.49,2024,7,3,10,Wednesday,28,0.5553105300084127,62642.147,61606.0098888889,56989.58635,75387.98,53159.09
2024-07-11,64829.55,2415.0,83.5,2024,7,3,11,Thursday,28,1.8077718359399642,62704.49633333333,61708.23811111111,57057.17310000001,75387.98,53159.09
2024-07-12,64820.25,2414.0,83.52,2024,7,3,12,Friday,28,-0.014345310124785904,62778.28766666666,61801.727,57125.6287,75387.98,53159.09
2024-07-15,65060.63,2422.9,83.52,2024,7,3,15,Monday,29,0.3708409023414738,62853.778333333335,61892.71988888889,57197.283599999995,75387.98,53159.09
2024-07-16,66174.58,2462.4,83.59,2024,7,3,16,Tuesday,29,1.712172169251991,62985.382,61991.311555555556,57277.538649999995,75387.98,53159.09
2024-07-17,65924.57,2454.8,83.53,2024,7,3,17,Wednesday,29,-0.37780368232029904,63084.22233333333,62085.352000000006,57358.27064999999,75387.98,53159.09
2024-07-18,65877.5,2451.8,83.57,2024,7,3,18,Thursday,29,-0.07139978311577755,63209.27133333333,62173.29466666667,57440.501099999994,75387.98,53159.09
2024-07-19,64443.48,2395.5,83.67,2024,7,3,19,Friday,29,-2.1767978444840796,63247.52833333333,62244.152444444444,57518.44745,75387.98,53159.09
2024-07-22,64392.39,2392.0,83.73,2024,7,3,22,Monday,30,-0.07927877265474503,63275.878333333334,62320.77344444445,57595.9071,75387.98,53159.09
2024-07-23,64685.98,2404.6,83.67,2024,7,3,23,Tuesday,30,0.4559389704280381,63369.907,62395.77955555556,57676.03095,75387.98,53159.09
2024-07-24,64947.56,2413.3,83.71,2024,7,3,24,Wednesday,30,0.4043843812832293,63469.070666666674,62477.39233333334,57757.07445,75387.98,53159.09
2024-07-25,63322.5,2351.9,83.74,2024,7,3,25,Thursday,30,-2.502110933805668,63514.19033333333,62541.59888888889,57828.82995,75387.98,53159.09
2024-07-26,64074.94,2380.0,83.74,2024,7,3,26,Friday,30,1.1882664139918786,63557.201,62613.75022222222,57902.06375,75387.98,53159.09
2024-07-29,63994.76,2377.3,83.73,2024,7,3,29,Monday,31,-0.12513472505787382,63631.153000000006,62686.508444444444,57972.92405,75387.98,53159.09
2024-07-30,64757.97,2405.0,83.75,2024,7,3,30,Tuesday,31,1.1926132702114955,63702.919,62765.89488888889,58046.081099999996,75387.98,53159.09
2024-07-31,65327.91,2426.5,83.74,2024,7,3,31,Wednesday,31,0.8801078847900934,63809.954,62844.25088888889,58122.65325,75387.98,53159.09
2024-08-01,65540.16,2435.0,83.72,2024,8,3,1,Thursday,31,0.32489941894666696,63908.988000000005,62930.84888888888,58192.376749999996,75387.98,53159.09
2024-08-02,65310.2,2425.7,83.74,2024,8,3,2,Friday,31,-0.3508688413333183,63981.69966666667,63007.07544444445,58261.7322,75387.98,53159.09
2024-08-05,64657.37,2401.7,83.74,2024,8,3,5,Monday,32,-0.999583526003589,64061.56533333333,63077.178888888884,58327.86525,75387.98,53159.09
2024-08-06,64523.49,2389.1,84.0,2024,8,3,6,Tuesday,32,-0.20706069547834494,64125.759666666665,63141.88755555556,58388.76505,75387.98,53159.09
2024-08-07,64509.26,2390.5,83.93,2024,8,3,7,Wednesday,32,-0.02205398375071388,64204.01466666666,63198.304333333326,58447.82665,75387.98,53159.09
2024-08-08,65370.54,2422.2,83.94,2024,8,3,8,Thursday,32,1.3351261508812717,64327.670999999995,63258.60444444445,58509.77355,75387.98,53159.09
2024-08-09,65674.17,2432.1,83.99,2024,8,3,9,Friday,32,0.4644752819848108,64434.70100000001,63314.619333333336,58573.9479,75387.98,53159.09
2024-08-12,66461.32,2462.4,83.95,2024,8,3,12,Monday,33,1.198568630559027,64568.333666666666,63369.91511111111,58642.6458,75387.98,53159.09
2024-08-13,66529.96,2466.7,83.89,2024,8,3,13,Tuesday,33,0.1032781172567665,64706.42366666666,63427.45288888889,58710.605,75387.98,53159.09
2024-08-14,65787.37,2439.4,83.88,2024,8,3,14,Wednesday,33,-1.116173826047706,64822.03333333333,63464.88144444444,58773.85245,75387.98,53159.09
2024-08-15,66227.43,2453.1,83.97,2024,8,3,15,Thursday,33,0.66891258914894,64918.448,63506.918,58838.75654999999,75387.98,53159.09
2024-08-16,67437.18,2498.6,83.95,2024,8,3,16,Friday,33,1.8266600410132172,65029.14566666666,63559.11266666666,58908.27190000001,75387.98,53159.09
2024-08-19,67476.49,2501.8,83.89,2024,8,3,19,Monday,34,0.058291286794642794,65171.48766666666,63616.25577777777,58979.831849999995,75387.98,53159.09
2024-08-20,67723.68,2511.3,83.88,2024,8,3,20,Tuesday,34,0.36633500053127044,65318.05266666667,63667.068666666666,59053.54610000001,75387.98,53159.09
2024-08-21,67565.47,2508.4,83.78,2024,8,3,21,Wednesday,34,-0.2336110500787747,65447.622,63716.24011111112,59119.44069999999,75387.98,53159.09
2024-08-22,66857.89,2478.9,83.89,2024,8,3,22,Thursday,34,-1.047250910857278,65515.23333333333,63752.47855555556,59187.22155,75387.98,53159.09
2024-08-23,67695.46,2508.4,83.94,2024,8,3,23,Friday,34,1.252761641146627,65611.07366666666,63791.453888888886,59260.797999999995,75387.98,53159.09
2024-08-26,67843.81,2517.7,83.81,2024,8,3,26,Monday,35,0.21914320399032405,65703.84633333333,63836.40700000001,59336.89135,75387.98,53159.09
2024-08-27,67854.54,2516.0,83.88,2024,8,3,27,Tuesday,35,0.015815739121949335,65759.845,63878.92122222223,59415.0542,75387.98,53159.09
2024-08-28,67480.48,2501.0,83.92,2024,8,3,28,Wednesday,35,-0.5512674612487167,65811.70866666667,63912.90666666666,59489.69484999999,75387.98,53159.09
2024-08-29,68163.08,2525.7,83.94,2024,8,3,29,Thursday,35,1.011551785049547,65887.89466666667,63975.564333333336,59571.65985,75387.98,53159.09
2024-08-30,67264.97,2493.8,83.9,2024,8,3,30,Friday,35,-1.3175901088976594,65981.94433333333,64029.57588888889,59647.47059999999,75387.98,53159.09
2024-09-03,67185.55,2489.9,83.93,2024,9,3,3,Tuesday,36,-0.11807037154702993,66075.04966666667,64084.51266666666,59721.02105,75387.98,53159.09
2024-09-04,67298.43,2493.4,83.95,2024,9,3,4,Wednesday,36,0.16801231812493267,66162.13133333334,64138.65,59796.04385000001,75387.98,53159.09
2024-09-05,67810.26,2511.4,83.98,2024,9,3,5,Thursday,36,0.7605378015504982,66257.55466666666,64197.30933333333,59869.798449999995,75387.98,53159.09
2024-09-06,67327.82,2493.5,83.98,2024,9,3,6,Friday,36,-0.7114557590547355,66391.06533333335,64246.61188888889,59941.65835,75387.98,53159.09
2024-09-09,67551.13,2501.8,83.98,2024,9,3,9,Monday,37,0.3316756728496406,66506.93833333332,64314.084888888894,60014.61165,75387.98,53159.09
2024-09-10,67833.28,2512.3,83.98,2024,9,3,10,Tuesday,37,0.4176836123984895,66634.889,64381.770333333334,60085.9849,75387.98,53159.09
2024-09-11,67828.76,2512.1,83.98,2024,9,3,11,Wednesday,37,-0.006663395902428704,66737.24866666667,64450.36988888889,60158.31850000001,75387.98,53159.09
2024-09-12,68893.18,2551.2,83.99,2024,9,3,12,Thursday,37,1.569275333943887,66856.091,64530.85677777778,60234.532649999994,75387.98,53159.09
2024-09-13,69658.05,2581.3,83.93,2024,9,3,13,Friday,37,1.11022600495434,66993.35399999999,64613.32666666666,60313.38034999999,75387.98,53159.09
2024-09-16,69592.28,2580.4,83.88,2024,9,3,16,Monday,38,-0.09441837662697017,67136.09,64696.20455555556,60387.998600000006,75387.98,53159.09
2024-09-17,69157.41,2564.3,83.88,2024,9,3,17,Tuesday,38,-0.6248825300737337,67286.09133333333,64774.751555555566,60459.274450000004,75387.98,53159.09
2024-09-18,69236.28,2570.7,83.77,2024,9,3,18,Wednesday,38,0.1140441783461732,67443.18433333334,64848.70522222223,60532.4392,75387.98,53159.09
2024-09-19,69636.58,2588.0,83.69,2024,9,3,19,Thursday,38,0.578165089170013,67614.095,64916.652888888886,60603.123700000004,75387.98,53159.09
2024-09-20,70430.06,2619.9,83.61,2024,9,3,20,Friday,38,1.139458600637755,67782.74566666667,65002.17322222222,60684.4962,75387.98,53159.09
2024-09-23,70499.74,2626.5,83.49,2024,9,3,23,Monday,39,0.0989350285943269,67943.59800000001,65083.468222222225,60766.3221,75387.98,53159.09
2024-09-24,71224.53,2651.2,83.56,2024,9,3,24,Tuesday,39,1.0280747134670198,68102.37166666667,65162.12666666666,60850.49315,75387.98,53159.09
2024-09-25,71446.28,2659.2,83.57,2024,9,3,25,Wednesday,39,0.311339365805563,68266.249,65246.857444444446,60935.93915,75387.98,53159.09
2024-09-26,71782.27,2669.9,83.62,2024,9,3,26,Thursday,39,0.4702694108076777,68466.079,65325.16733333334,61027.08625,75387.98,53159.09
2024-09-27,71088.05,2644.3,83.62,2024,9,3,27,Friday,39,-0.9671190392836593,68628.09966666666,65390.76866666667,61117.24325,75387.98,53159.09
2024-09-30,70951.76,2636.1,83.72,2024,9,3,30,Monday,40,-0.1917199866925734,68745.25233333334,65458.359777777776,61207.02099999999,75387.98,53159.09
2024-10-01,71886.63,2667.3,83.83,2024,10,4,1,Tuesday,40,1.3176135447521053,68892.25700000001,65545.99577777777,61300.70285,75387.98,53159.09
2024-10-02,71380.34,2647.1,83.87,2024,10,4,2,Wednesday,40,-0.7042895180925934,69014.14566666666,65644.55266666666,61385.793,75387.98,53159.09
2024-10-03,71690.58,2657.1,83.92,2024,10,4,3,Thursday,40,0.4346294792095584,69151.64933333333,65747.13944444444,61473.615999999995,75387.98,53159.09
2024-10-04,71462.08,2645.8,84.01,2024,10,4,4,Friday,40,-0.31873085696892955,69305.12233333333,65841.61733333333,61560.43045,75387.98,53159.09
2024-10-07,71450.72,2644.8,84.03,2024,10,4,7,Monday,41,-0.01589654261392459,69430.29766666667,65939.88633333333,61645.34515000001,75387.98,53159.09
2024-10-08,70592.1,2615.0,83.96,2024,10,4,8,Tuesday,41,-1.2016953782970963,69521.90733333334,66026.51066666667,61726.551900000006,75387.98,53159.09
2024-10-09,70307.66,2606.0,83.91,2024,10,4,9,Wednesday,41,-0.40293460599699626,69603.678,66116.30166666667,61805.146400000005,75387.98,53159.09
2024-10-10,70724.82,2620.6,83.94,2024,10,4,10,Thursday,41,0.5933350647710389,69711.82266666667,66202.58455555554,61883.8657,75387.98,53159.09
2024-10-11,71726.62,2657.6,83.95,2024,10,4,11,Friday,41,1.4164758567077218,69830.60733333333,66309.25777777778,61967.31235,75387.98,53159.09
2024-10-14,71651.36,2647.8,84.17,2024,10,4,14,Monday,42,-0.10492617664124015,69976.82033333332,66402.09766666667,62047.17885,75387.98,53159.09
2024-10-15,71916.88,2661.4,84.05,2024,10,4,15,Tuesday,42,0.37057217057709924,70134.53133333333,66495.15311111111,62129.1613,75387.98,53159.09
2024-10-16,72263.98,2674.0,84.06,2024,10,4,16,Wednesday,42,0.48264051499451455,70300.04966666667,66610.69600000001,62217.6186,75387.98,53159.09
2024-10-17,72708.78,2691.0,84.04,2024,10,4,17,Thursday,42,0.6155210382821519,70463.33366666666,66729.98633333333,62305.04655,75387.98,53159.09
2024-10-18,73334.77,2713.7,84.05,2024,10,4,18,Friday,42,0.8609551693756989,70663.56533333333,66856.27366666666,62399.46585,75387.98,53159.09
2024-10-21,73601.84,2723.1,84.07,2024,10,4,21,Monday,43,0.3641792290341783,70865.25566666666,66976.46500000001,62493.9358,75387.98,53159.09
2024-10-22,74176.38,2744.2,84.07,2024,10,4,22,Tuesday,43,0.7806054848628952,71076.69233333334,67114.24477777779,62591.5195,75387.98,53159.09
2024-10-23,73380.04,2714.4,84.08,2024,10,4,23,Wednesday,43,-1.0735762516316028,71261.735,67233.96755555556,62687.39699999999,75387.98,53159.09
2024-10-24,73919.8,2734.9,84.07,2024,10,4,24,Thursday,43,0.7355678737705817,71429.289,67365.11133333333,62786.4574,75387.98,53159.09
2024-10-25,74094.49,2740.9,84.08,2024,10,4,25,Friday,43,0.2363236913519806,71577.17033333333,67493.17077777778,62886.757450000005,75387.98,53159.09
2024-10-28,74166.37,2742.9,84.1,2024,10,4,28,Monday,44,0.09701126224095358,71729.64,67615.80988888889,62988.74745,75387.98,53159.09
2024-10-29,74856.58,2768.4,84.1,2024,10,4,29,Tuesday,44,0.9306239472149036,71919.61233333334,67755.75633333334,63089.698,75387.98,53159.09
2024-10-30,75387.98,2788.5,84.09,2024,10,4,30,Wednesday,44,0.7098908339119969,72124.66900000001,67897.871,63196.77575,75387.98,53159.09
2024-10-31,74030.64,2738.3,84.09,2024,10,4,31,Thursday,44,-1.8004727013510635,72271.13766666666,68029.74911111112,63299.44455,75387.98,53159.09
2024-11-01,74040.86,2738.6,84.09,2024,11,4,1,Friday,44,0.013805094755370284,72391.49766666666,68167.30477777777,63399.739850000005,75387.98,53159.09
2024-11-04,74010.3,2736.1,84.13,2024,11,4,4,Monday,45,-0.04127450707622771,72508.51633333335,68295.60511111112,63498.881400000006,75387.98,53159.09
2024-11-05,74140.56,2740.3,84.15,2024,11,4,5,Tuesday,45,0.17600252937766125,72605.71733333333,68425.47422222221,63599.686449999994,75387.98,53159.09
2024-11-06,72142.57,2667.6,84.12,2024,11,4,6,Wednesday,45,-2.694867694552061,72628.927,68533.86655555556,63690.07675,75387.98,53159.09
2024-11-07,73092.55,2698.4,84.25,2024,11,4,7,Thursday,45,1.3168092015574118,72672.60300000002,68653.57177777778,63786.11715,75387.98,53159.09
2024-11-08,72845.0,2687.5,84.31,2024,11,4,8,Friday,45,-0.33868020749037164,72731.168,68759.23855555557,63880.9198,75387.98,53159.09
2024-11-11,70841.1,2611.2,84.38,2024,11,4,11,Monday,46,-2.750909465303031,72727.47933333334,68833.95911111111,63965.55905,75387.98,53159.09
2024-11-12,70548.62,2600.0,84.4,2024,11,4,12,Tuesday,46,-0.412867671450623,72682.879,68915.54122222222,64047.69394999999,75387.98,53159.09
2024-11-13,70026.65,2580.8,84.4,2024,11,4,13,Wednesday,46,-0.7398727289066764,72637.756,68989.98477777779,64126.2733,75387.98,53159.09
2024-11-14,69707.63,2568.2,84.42,2024,11,4,14,Thursday,46,-0.4555694153582812,72571.65766666668,69056.97633333334,64201.14145,75387.98,53159.09
2024-11-15,69681.68,2565.7,84.47,2024,11,4,15,Friday,46,-0.03722691475812612,72512.311,69110.88888888889,64275.4504,75387.98,53159.09
2024-11-18,70904.23,2610.6,84.48,2024,11,4,18,Monday,47,1.7544783650451645,72494.09466666666,69178.48866666667,64358.54090000001,75387.98,53159.09
2024-11-19,71285.64,2627.1,84.4,2024,11,4,19,Tuesday,47,0.5379227727316138,72517.21266666666,69247.65544444445,64444.69135,75387.98,53159.09
2024-11-20,71857.42,2648.2,84.4,2024,11,4,20,Wednesday,47,0.8020970282373918,72568.87133333334,69310.79811111111,64532.185099999995,75387.98,53159.09
2024-11-21,72493.48,2672.1,84.38,2024,11,4,21,Thursday,47,0.88516954825264,72627.82666666666,69383.78600000001,64622.873949999994,75387.98,53159.09
2024-11-22,73610.63,2709.9,84.49,2024,11,4,22,Friday,47,1.5410351386083487,72690.627,69469.70966666666,64719.73865,75387.98,53159.09
2024-11-25,71037.7,2616.8,84.44,2024,11,4,25,Monday,48,-3.4953239769853983,72670.17166666666,69542.97877777778,64805.01515,75387.98,53159.09
2024-11-26,71083.44,2620.3,84.38,2024,11,4,26,Tuesday,48,0.06438834590647424,72642.39033333333,69617.32377777777,64891.10595,75387.98,53159.09
2024-11-27,71582.55,2639.9,84.34,2024,11,4,27,Wednesday,48,0.7021466603192028,72619.676,69693.95233333333,64983.14645000001,75387.98,53159.09
2024-11-29,72159.42,2657.0,84.47,2024,11,4,29,Friday,48,0.8058807628395392,72601.364,69774.08411111111,65078.1481,75387.98,53159.09
2024-12-02,71631.56,2634.9,84.56,2024,12,4,2,Monday,49,-0.7315191834967649,72544.59033333334,69866.40699999999,65169.03600000001,75387.98,53159.09
2024-12-03,72051.12,2644.7,84.74,2024,12,4,3,Tuesday,49,0.585719478955915,72492.89966666666,69955.03122222223,65260.87515,75387.98,53159.09
2024-12-04,72252.96,2653.8,84.68,2024,12,4,4,Wednesday,49,0.2801344378824622,72428.78566666666,70046.789,65351.5513,75387.98,53159.09
2024-12-05,71532.6,2626.6,84.71,2024,12,4,5,Thursday,49,-0.996997216446216,72367.20433333333,70122.06266666666,65439.94350000001,75387.98,53159.09
2024-12-06,71839.72,2638.6,84.68,2024,12,4,6,Friday,49,0.4293427052840082,72297.86833333333,70194.4161111111,65529.86265,75387.98,53159.09
2024-12-09,72540.52,2664.9,84.67,2024,12,4,9,Monday,50,0.9755049156650486,72246.06933333333,70272.1978888889,65620.9825,75387.98,53159.09
2024-12-10,73587.89,2697.6,84.85,2024,12,4,10,Tuesday,50,1.4438413179282295,72226.78666666667,70364.17222222222,65718.65375,75387.98,53159.09
2024-12-11,74598.85,2733.8,84.87,2024,12,4,11,Wednesday,50,1.3738130010250371,72218.19566666667,70474.63311111112,65820.74445,75387.98,53159.09
2024-12-12,73320.84,2687.5,84.86,2024,12,4,12,Thursday,50,-1.713176543606243,72149.291,70572.38144444444,65916.2639,75387.98,53159.09
2024-12-13,72446.16,2656.0,84.84,2024,12,4,13,Friday,50,-1.1929486896222086,72096.475,70660.56922222223,66005.83585,75387.98,53159.09
2024-12-16,72288.98,2651.4,84.8,2024,12,4,16,Monday,51,-0.21696111981643895,72038.079,70737.44077777778,66089.1357,75387.98,53159.09
2024-12-17,72196.15,2644.4,84.92,2024,12,4,17,Tuesday,51,-0.12841514709434065,71977.60733333332,70809.90722222223,66168.0852,75387.98,53159.09
2024-12-18,71978.86,2636.5,84.92,2024,12,4,18,Wednesday,51,-0.30097172771677005,71905.55066666666,70871.21322222221,66243.62315,75387.98,53159.09
2024-12-19,70977.86,2592.2,85.17,2024,12,4,19,Thursday,51,-1.3906860986684144,71866.727,70920.63433333334,66312.0058,75387.98,53159.09
2024-12-20,72073.55,2628.7,85.28,2024,12,4,20,Friday,51,1.5437067277035421,71832.76033333334,70990.48077777778,66385.0689,75387.98,53159.09
2024-12-23,71343.04,2612.3,84.94,2024,12,4,23,Monday,52,-1.0135618406475144,71782.695,71047.32088888889,66451.9708,75387.98,53159.09
2024-12-24,71682.97,2620.0,85.1,2024,12,4,24,Tuesday,52,0.47647254728704347,71810.75733333333,71094.49633333333,66520.05425,75387.98,53159.09
2024-12-26,72464.15,2638.8,85.41,2024,12,4,26,Thursday,52,1.0897706944899,71874.60833333334,71149.91477777778,66594.8925,75387.98,53159.09
2024-12-27,71742.68,2617.2,85.26,2024,12,4,27,Friday,52,-0.9956233530649339,71931.80933333332,71194.57033333334,66663.92875,75387.98,53159.09
2024-12-30,71543.22,2606.1,85.39,2024,12,4,30,Monday,1,-0.27802139535348935,71992.99566666667,71238.76755555556,66733.6328,75387.98,53159.09
2024-12-31,72515.99,2629.2,85.79,2024,12,4,31,Tuesday,1,1.3596955798187427,72087.47266666667,71301.63533333332,66808.4932,75387.98,53159.09
2025-01-02,73334.38,2658.9,85.79,2025,1,1,2,Thursday,1,1.12856488617199,72168.47766666667,71364.29000000001,66887.25850000001,131206.67,72746.33
2025-01-03,72966.57,2645.0,85.8,2025,1,1,3,Friday,1,-0.501551932395139,72224.50866666666,71421.20955555554,66964.85875,131206.67,72746.33
2025-01-06,72746.33,2638.4,85.76,2025,1,1,6,Monday,2,-0.3018368548775241,72254.139,71475.56277777777,67040.52445,131206.67,72746.33
2025-01-07,73184.02,2656.7,85.68,2025,1,1,7,Tuesday,2,0.6016660909216931,72277.15699999999,71538.93544444445,67115.06520000001,131206.67,72746.33
2025-01-08,73506.66,2664.5,85.81,2025,1,1,8,Wednesday,2,0.44086126998763575,72273.69133333332,71598.30855555554,67193.8668,131206.67,72746.33
2025-01-09,74126.24,2683.8,85.91,2025,1,1,9,Thursday,2,0.8428896102747663,72376.64266666668,71674.5448888889,67272.24895,131206.67,72746.33
2025-01-10,74819.33,2708.5,85.92,2025,1,1,10,Friday,2,0.9350130264262679,72501.17233333334,71759.36466666668,67354.6053,131206.67,72746.33
2025-01-13,74082.86,2673.5,86.19,2025,1,1,13,Monday,3,-0.984331188210319,72584.516,71834.74722222223,67431.52105000001,131206.67,72746.33
2025-01-14,74591.92,2677.5,86.65,2025,1,1,14,Tuesday,3,0.6871494971981251,72665.59933333333,71910.099,67507.32190000001,131206.67,72746.33
2025-01-15,75466.51,2712.5,86.54,2025,1,1,15,Wednesday,3,1.1724996487555206,72793.43100000001,72000.52888888889,67584.9368,131206.67,72746.33
2025-01-16,76317.48,2746.4,86.43,2025,1,1,16,Thursday,3,1.1276127649205048,72935.643,72097.93277777778,67663.36005,131206.67,72746.33
2025-01-17,76413.63,2744.3,86.61,2025,1,1,17,Friday,3,0.12598686434615036,73074.332,72193.27,67738.00469999999,131206.67,72746.33
2025-01-21,76361.69,2755.0,86.21,2025,1,1,21,Tuesday,4,-0.06797216674564455,73235.30166666667,72288.08033333333,67813.05535,131206.67,72746.33
2025-01-22,76925.19,2767.6,86.45,2025,1,1,22,Wednesday,4,0.7379354752363287,73404.81733333334,72377.32488888889,67885.5873,131206.67,72746.33
2025-01-23,76818.6,2763.1,86.47,2025,1,1,23,Thursday,4,-0.13856319366906122,73547.42,72456.88655555555,67957.4596,131206.67,72746.33
2025-01-24,77184.36,2777.3,86.44,2025,1,1,24,Friday,4,0.47613468613070253,73667.30233333333,72541.243,68029.6831,131206.67,72746.33
2025-01-27,75869.51,2737.5,86.2,2025,1,1,27,Monday,5,-1.7035186921288248,73709.65766666667,72615.82188888888,68097.3626,131206.67,72746.33
2025-01-28,76917.64,2766.8,86.47,2025,1,1,28,Tuesday,5,1.3814904037208198,73829.551,72701.17033333333,68166.1982,131206.67,72746.33
2025-01-29,77085.03,2769.1,86.58,2025,1,1,29,Wednesday,5,0.21762238154992009,73984.18,72783.93088888889,68235.92314999999,131206.67,72746.33
2025-01-30,78636.3,2823.0,86.64,2025,1,1,30,Thursday,5,2.0124140835127147,74195.75733333333,72875.11133333333,68311.1225,131206.67,72746.33
2025-01-31,78349.61,2812.5,86.65,2025,1,1,31,Friday,5,-0.3645771736462744,74400.87266666668,72962.33211111111,68381.93215,131206.67,72746.33
2025-02-03,78861.02,2833.9,86.55,2025,2,1,3,Monday,6,0.652728201199726,74630.278,73047.18200000002,68457.2471,131206.67,72746.33
2025-02-04,79758.1,2853.3,86.94,2025,2,1,4,Tuesday,6,1.1375455199539752,74922.95266666665,73139.53555555556,68535.8963,131206.67,72746.33
2025-02-05,80442.01,2871.6,87.13,2025,2,1,5,Wednesday,6,0.8574803060754865,75201.90133333333,73235.75488888889,68615.99740000001,131206.67,72746.33
2025-02-06,80192.32,2856.0,87.33,2025,2,1,6,Thursday,6,-0.3103975149303051,75496.87733333332,73336.91344444445,68704.33955,131206.67,72746.33
2025-02-07,80743.95,2867.3,87.59,2025,2,1,7,Friday,6,0.6878838272792009,75798.91,73445.71555555557,68796.03964999999,131206.67,72746.33
2025-02-10,81997.02,2914.3,87.51,2025,2,1,10,Monday,7,1.5519057464986608,76116.67233333334,73558.05322222222,68894.81855,131206.67,72746.33
2025-02-11,81924.83,2912.5,87.49,2025,2,1,11,Tuesday,7,-0.08803978486047193,76456.07733333335,73675.21422222223,68992.31235,131206.67,72746.33
2025-02-12,81191.44,2909.0,86.81,2025,2,1,12,Wednesday,7,-0.8951986839643156,76777.68466666667,73780.77933333334,69085.61495,131206.67,72746.33
2025-02-13,81722.2,2925.9,86.87,2025,2,1,13,Thursday,7,0.6537142339143154,77084.55833333333,73894.78066666666,69179.773,131206.67,72746.33
2025-02-14,80429.57,2883.6,86.75,2025,2,1,14,Friday,7,-1.5817366639664487,77321.06466666666,73994.54566666667,69274.52805,131206.67,72746.33
2025-02-18,81863.31,2931.6,86.85,2025,2,1,18,Tuesday,8,1.7826030898834722,77617.62266666668,74119.78133333333,69375.13665,131206.67,72746.33
2025-02-19,81553.03,2919.4,86.89,2025,2,1,19,Wednesday,8,-0.37902205517954535,77911.17933333333,74244.72988888888,69474.6278,131206.67,72746.33
2025-02-20,82114.89,2940.0,86.87,2025,2,1,20,Thursday,8,0.6889504902515498,78208.875,74371.28622222223,69576.95545,131206.67,72746.33
2025-02-21,81649.67,2937.6,86.45,2025,2,1,21,Friday,8,-0.5665476748492271,78480.30866666668,74481.54233333335,69674.025,131206.67,72746.33
2025-02-24,82010.07,2947.9,86.53,2025,2,1,24,Monday,9,0.44139798727906854,78743.10299999999,74596.6391111111,69773.409,131206.67,72746.33
2025-02-25,80952.75,2904.5,86.69,2025,2,1,25,Tuesday,9,-1.2892563071827734,78947.55033333333,74697.03766666666,69867.73185000001,131206.67,72746.33
2025-02-26,81662.34,2916.8,87.08,2025,2,1,26,Wednesday,9,0.8765483569118881,79200.19966666667,74801.46388888889,69963.1413,131206.67,72746.33
2025-02-27,80796.71,2883.2,87.16,2025,2,1,27,Thursday,9,-1.0600112610047563,79407.02600000001,74891.32977777779,70049.5184,131206.67,72746.33
2025-02-28,79646.74,2836.8,87.33,2025,2,1,28,Friday,9,-1.4232881512130868,79546.367,74961.46277777778,70134.08595,131206.67,72746.33
2025-03-03,81273.31,2890.2,87.46,2025,3,1,3,Monday,10,2.0422304792386825,79711.56133333333,75046.70133333333,70224.53655,131206.67,72746.33
2025-03-04,81693.12,2909.6,87.33,2025,3,1,4,Tuesday,10,0.5165410391184899,79887.54433333334,75130.22066666668,70312.2758,131206.67,72746.33
2025-03-05,81747.63,2915.3,87.22,2025,3,1,5,Wednesday,10,0.06672532521712071,80067.07566666667,75223.1938888889,70401.91140000001,131206.67,72746.33
2025-03-06,81476.79,2916.6,86.89,2025,3,1,6,Thursday,10,-0.3313123573123855,80218.79566666667,75307.16044444445,70485.62345,131206.67,72746.33
2025-03-07,81368.02,2904.7,87.13,2025,3,1,7,Friday,10,-0.1334981410043179,80370.443,75387.97744444445,70566.54389999999,131206.67,72746.33
2025-03-10,80933.13,2891.0,87.07,2025,3,1,10,Monday,11,-0.5344728801315313,80495.402,75463.16366666666,70646.86675,131206.67,72746.33
2025-03-11,81809.66,2912.9,87.36,2025,3,1,11,Tuesday,11,1.083029903823074,80693.40699999999,75540.4201111111,70735.91810000001,131206.67,72746.33
2025-03-12,82399.03,2939.1,87.2,2025,3,1,12,Wednesday,11,0.7204161464550607,80876.11999999998,75618.32066666667,70835.36215,131206.67,72746.33
2025-03-13,83801.04,2984.3,87.34,2025,3,1,13,Thursday,11,1.7014884762599713,81099.987,75726.88066666666,70942.0785,131206.67,72746.33
2025-03-14,83684.54,2994.5,86.92,2025,3,1,14,Friday,11,-0.13901975440877568,81268.26166666667,75834.03266666667,71045.70585,131206.67,72746.33
2025-03-17,83854.55,3000.0,86.94,2025,3,1,17,Monday,12,0.20315580392746835,81451.75966666666,75943.41322222223,71151.94605,131206.67,72746.33
2025-03-18,84813.6,3035.1,86.92,2025,3,1,18,Tuesday,12,1.1437065728693296,81650.17899999999,76062.00255555555,71262.03450000001,131206.67,72746.33
2025-03-19,84503.8,3035.9,86.58,2025,3,1,19,Wednesday,12,-0.36527160738372144,81808.369,76199.34955555556,71373.42115000001,131206.67,72746.33
2025-03-20,84384.32,3040.0,86.34,2025,3,1,20,Thursday,12,-0.14139009133317115,81939.77933333332,76324.81366666665,71480.54595,131206.67,72746.33
2025-03-21,83778.23,3018.2,86.34,2025,3,1,21,Friday,12,-0.7182495515754672,82059.30966666667,76446.294,71588.80695,131206.67,72746.33
2025-03-24,83298.48,3013.1,85.99,2025,3,1,24,Monday,13,-0.5726427975382142,82144.46066666667,76584.70933333333,71688.8205,131206.67,72746.33
2025-03-25,83149.29,3023.7,85.53,2025,3,1,25,Tuesday,13,-0.1791029080002393,82182.86966666667,76724.71677777778,71786.85750000001,131206.67,72746.33
2025-03-26,83128.92,3020.9,85.59,2025,3,1,26,Wednesday,13,-0.02449810455386059,82223.006,76870.29755555555,71893.1765,131206.67,72746.33
2025-03-27,84707.23,3060.2,86.1,2025,3,1,27,Thursday,13,1.898629261633622,82340.199,77036.95977777778,72006.84939999999,131206.67,72746.33
2025-03-28,85037.8,3086.5,85.69,2025,3,1,28,Friday,13,0.39025004123025564,82450.71900000001,77207.58333333333,72122.19385,131206.67,72746.33
2025-03-31,85881.2,3122.8,85.54,2025,3,1,31,Monday,14,0.991794237386201,82632.43999999999,77373.99411111111,72237.67675,131206.67,72746.33
2025-04-01,85703.04,3118.9,85.47,2025,4,2,1,Tuesday,14,-0.20744936027908834,82760.431,77534.18744444444,72357.31095000001,131206.67,72746.33
2025-04-02,86423.44,3139.9,85.61,2025,4,2,2,Wednesday,14,0.8405769503625704,82922.77799999999,77696.03211111111,72476.4032,131206.67,72746.33
2025-04-03,85283.57,3097.0,85.65,2025,4,2,3,Thursday,14,-1.3189361589864945,83028.40066666667,77838.14422222221,72592.23675,131206.67,72746.33
2025-04-04,82586.23,3012.0,85.28,2025,4,2,4,Friday,14,-3.1627897378123437,83059.61933333334,77937.87311111111,72692.32220000001,131206.67,72746.33
2025-04-07,81155.7,2951.3,85.53,2025,4,2,7,Monday,15,-1.7321652774318408,83031.14033333333,78050.29533333333,72782.45645,131206.67,72746.33
2025-04-08,82100.9,2968.4,86.03,2025,4,2,8,Tuesday,15,1.1646748164330978,83069.41200000001,78172.71155555555,72881.65395,131206.67,72746.33
2025-04-09,84938.83,3056.5,86.44,2025,4,2,9,Wednesday,15,3.456636894358045,83178.62833333333,78321.11466666668,72993.3598,131206.67,72746.33
2025-04-10,87452.4,3155.2,86.21,2025,4,2,10,Thursday,15,2.9592708070031115,83400.48466666667,78491.03666666668,73119.81375,131206.67,72746.33
2025-04-11,89362.37,3222.2,86.26,2025,4,2,11,Friday,15,2.1840109591046097,83724.33899999999,78688.04566666666,73258.32135,131206.67,72746.33
2025-04-14,88810.37,3204.8,86.19,2025,4,2,14,Monday,16,-0.6177096690698769,83975.57433333334,78874.25955555555,73390.05685000001,131206.67,72746.33
2025-04-15,89042.2,3218.7,86.04,2025,4,2,15,Tuesday,16,0.26103933583432326,84220.54366666666,79060.80666666666,73523.00615,131206.67,72746.33
2025-04-16,91686.93,3326.6,85.73,2025,4,2,16,Wednesday,16,2.9701984003090542,84551.85366666666,79284.74366666666,73669.5045,131206.67,72746.33
2025-04-17,91080.6,3308.7,85.62,2025,4,2,17,Thursday,16,-0.661304724675571,84871.98066666667,79498.53122222223,73813.3121,131206.67,72746.33
2025-04-21,93764.54,3406.2,85.62,2025,4,2,21,Monday,17,2.946774615011316,85285.198,79734.35366666666,73965.45985,131206.67,72746.33
2025-04-22,93111.19,3400.8,85.16,2025,4,2,22,Tuesday,17,-0.6967985978494573,85691.13333333333,79951.27922222222,74110.43455,131206.67,72746.33
2025-04-23,89779.9,3276.3,85.23,2025,4,2,23,Wednesday,17,-3.577754725291349,85956.80799999999,80119.95755555555,74243.3029,131206.67,72746.33
2025-04-24,91592.8,3332.0,85.5,2025,4,2,24,Thursday,17,2.0192715741496725,86263.267,80322.97933333334,74384.63325,131206.67,72746.33
2025-04-25,89973.33,3282.4,85.26,2025,4,2,25,Friday,17,-1.768119328156803,86469.01000000001,80517.72566666667,74516.10795,131206.67,72746.33
2025-04-28,91483.33,3332.5,85.38,2025,4,2,28,Monday,18,1.678275106634386,86728.96966666666,80730.99622222222,74649.37685,131206.67,72746.33
2025-04-29,90867.59,3318.8,85.16,2025,4,2,29,Tuesday,18,-0.6730625131376455,86962.73766666667,80938.45666666667,74779.61355,131206.67,72746.33
2025-04-30,90500.91,3305.0,85.17,2025,4,2,30,Wednesday,18,-0.40353221649214177,87152.31466666666,81144.25722222222,74906.81495,131206.67,72746.33
2025-05-01,87239.42,3210.0,84.53,2025,5,2,1,Thursday,18,-3.603820116283918,87243.50200000001,81324.94122222222,75012.13915,131206.67,72746.33
2025-05-02,88006.58,3231.9,84.7,2025,5,2,2,Friday,18,0.879373109083037,87364.24399999999,81501.97488888889,75122.5492,131206.67,72746.33
2025-05-05,89987.28,3311.3,84.53,2025,5,2,5,Monday,19,2.250627169013941,87571.21233333334,81709.13311111112,75243.0981,131206.67,72746.33
2025-05-06,92372.51,3411.4,84.22,2025,5,2,6,Tuesday,19,2.6506301779540387,87873.68,81939.01688888889,75382.74325,131206.67,72746.33
2025-05-07,92182.46,3381.4,84.79,2025,5,2,7,Wednesday,19,-0.20574302895958185,88174.78566666666,82158.10922222222,75521.6936,131206.67,72746.33
2025-05-08,89896.12,3296.6,84.82,2025,5,2,8,Thursday,19,-2.4802332244116876,88400.359,82359.81411111112,75647.7443,131206.67,72746.33
2025-05-09,92310.69,3335.4,86.08,2025,5,2,9,Friday,19,2.6859557453647653,88653.80766666666,82590.56377777777,75784.55995,131206.67,72746.33
2025-05-12,88419.22,3220.0,85.41,2025,5,2,12,Monday,20,-4.215622264333629,88766.52166666667,82767.26633333335,75910.04355,131206.67,72746.33
2025-05-13,88515.55,3240.3,84.97,2025,5,2,13,Tuesday,20,0.10894690091136638,88854.33333333333,82935.946,76032.2466,131206.67,72746.33
2025-05-14,87003.34,3181.4,85.06,2025,5,2,14,Wednesday,20,-1.708411685856337,88897.67666666668,83091.91011111111,76147.2895,131206.67,72746.33
2025-05-15,88520.56,3220.7,85.49,2025,5,2,15,Thursday,20,1.743864086137381,88967.58066666666,83267.17933333333,76266.10245,131206.67,72746.33
2025-05-16,87413.21,3182.0,85.44,2025,5,2,16,Friday,20,-1.2509523211330698,89038.56866666667,83425.28144444445,76376.52895,131206.67,72746.33
2025-05-19,88759.11,3228.9,85.5,2025,5,2,19,Monday,21,1.5396986336504437,89244.33133333334,83594.75311111112,76492.6237,131206.67,72746.33
2025-05-20,90036.85,3280.3,85.37,2025,5,2,20,Tuesday,21,1.439559274535318,89540.36966666668,83771.53766666667,76616.25695000001,131206.67,72746.33
2025-05-21,91007.32,3309.3,85.54,2025,5,2,21,Wednesday,21,1.0778586767529186,89837.25033333333,83951.40422222222,76748.0067,131206.67,72746.33
2025-05-22,90607.77,3292.3,85.6,2025,5,2,22,Thursday,21,-0.4390306186359494,90026.21500000001,84135.01433333334,76878.42809999999,131206.67,72746.33
2025-05-23,92975.12,3363.6,85.97,2025,5,2,23,Friday,21,2.612745021756946,90210.30566666667,84339.27211111112,77020.7574,131206.67,72746.33
2025-05-27,90325.99,3299.1,85.16,2025,5,2,27,Tuesday,22,-2.8492891431600054,90242.42633333334,84504.37744444444,77145.53465,131206.67,72746.33
2025-05-28,90389.62,3293.6,85.36,2025,5,2,28,Wednesday,22,0.07044484095883874,90295.068,84660.73455555555,77269.1119,131206.67,72746.33
2025-05-29,91061.64,3317.1,85.39,2025,5,2,29,Thursday,22,0.743470323251727,90362.38266666667,84823.49022222223,77392.1135,131206.67,72746.33
2025-05-30,90261.47,3288.9,85.36,2025,5,2,30,Friday,22,-0.8787124853011585,90314.86733333333,84977.93222222223,77510.77105,131206.67,72746.33
2025-06-02,92680.31,3370.6,85.52,2025,6,2,2,Monday,23,2.6798145432375575,90368.191,85152.9891111111,77645.23575,131206.67,72746.33
2025-06-03,91946.39,3350.2,85.36,2025,6,2,3,Tuesday,23,-0.7918834108345152,90307.586,85321.07566666667,77773.83055000001,131206.67,72746.33
2025-06-04,92960.16,3373.5,85.71,2025,6,2,4,Wednesday,23,1.1025663976584665,90302.55166666668,85496.36233333334,77901.44545,131206.67,72746.33
2025-06-05,92542.38,3350.7,85.9,2025,6,2,5,Thursday,23,-0.4494183314658673,90394.63433333334,85681.61644444444,78026.7749,131206.67,72746.33
2025-06-06,91740.54,3322.7,85.88,2025,6,2,6,Friday,23,-0.866457076206606,90399.559,85846.31533333333,78146.8592,131206.67,72746.33
2025-06-09,91901.3,3332.1,85.79,2025,6,2,9,Monday,24,0.17523332650974943,90463.82466666665,86010.94055555556,78268.53835,131206.67,72746.33
2025-06-10,91561.1,3320.9,85.76,2025,6,2,10,Tuesday,24,-0.3701797471852952,90466.417,86154.54944444445,78392.0544,131206.67,72746.33
2025-06-11,91461.94,3321.3,85.65,2025,6,2,11,Wednesday,24,-0.1082992668283822,90486.22866666666,86300.242,78510.88680000001,131206.67,72746.33
2025-06-12,92904.29,3380.9,85.47,2025,6,2,12,Thursday,24,1.5769947586941502,90566.34133333334,86456.27833333334,78636.1892,131206.67,72746.33
2025-06-13,94527.64,3431.2,85.69,2025,6,2,13,Friday,24,1.747335887287882,90809.28199999999,86620.38433333334,78769.5547,131206.67,72746.33
2025-06-16,94181.29,3396.4,86.25,2025,6,2,16,Monday,25,-0.3664007691295379,91015.10566666668,86773.043,78903.05875,131206.67,72746.33
2025-06-17,93751.67,3386.6,86.1,2025,6,2,17,Tuesday,25,-0.4561627898704623,91140.58533333334,86923.70244444444,79031.0017,131206.67,72746.33
2025-06-18,94121.98,3389.8,86.36,2025,6,2,18,Wednesday,25,0.39499029723950585,91198.90100000001,87072.34722222222,79165.28675,131206.67,72746.33
2025-06-20,93758.87,3368.1,86.58,2025,6,2,20,Friday,25,-0.3857866143487376,91251.44800000002,87203.03444444445,79298.15335,131206.67,72746.33
2025-06-23,94022.3,3377.7,86.58,2025,6,2,23,Monday,26,0.2809654169253717,91388.98733333334,87337.45077777778,79431.7727,131206.67,72746.33
2025-06-24,91973.36,3317.4,86.23,2025,6,2,24,Tuesday,26,-2.1792064223062013,91377.743,87457.24988888888,79552.5882,131206.67,72746.33
2025-06-25,91891.22,3327.1,85.9,2025,6,2,25,Wednesday,26,-0.08930846932198033,91493.47633333334,87570.239,79675.4052,131206.67,72746.33
2025-06-26,92176.55,3333.5,86.01,2025,6,2,26,Thursday,26,0.3105084468352892,91615.50966666666,87700.761,79798.5323,131206.67,72746.33
2025-06-27,90165.44,3273.7,85.67,2025,6,2,27,Friday,26,-2.181802204573724,91720.91299999999,87793.00688888888,79910.19309999999,131206.67,72746.33
2025-06-30,90511.98,3294.4,85.46,2025,6,2,30,Monday,27,0.3843379458914553,91787.29366666666,87892.55077777778,80023.6092,131206.67,72746.33
2025-07-01,91951.67,3336.7,85.71,2025,7,3,1,Tuesday,27,1.5906071218417805,91938.57566666667,88001.84833333333,80138.90165,131206.67,72746.33
2025-07-02,92186.44,3348.0,85.64,2025,7,3,2,Wednesday,27,0.2553189082917129,92052.82,88118.92355555555,80251.5436,131206.67,72746.33
2025-07-03,91789.82,3331.6,85.69,2025,7,3,3,Thursday,27,-0.4302368114008859,92111.25233333332,88227.58744444445,80362.5313,131206.67,72746.33
2025-07-04,91412.83,3332.5,85.32,2025,7,3,4,Friday,27,-0.410710032986239,92124.76933333333,88343.81055555555,80473.8084,131206.67,72746.33
2025-07-07,91594.44,3332.2,85.5,2025,7,3,7,Monday,28,0.19867014291101714,92157.65833333334,88454.16722222223,80585.5992,131206.67,72746.33
2025-07-08,91322.47,3307.0,85.89,2025,7,3,8,Tuesday,28,-0.2969285035205216,92102.57,88571.1201111111,80694.02865000001,131206.67,72746.33
2025-07-09,91252.95,3311.6,85.71,2025,7,3,9,Wednesday,28,-0.0761258428511713,92133.46866666667,88700.07800000001,80798.1431,131206.67,72746.33
2025-07-10,91413.95,3317.4,85.71,2025,7,3,10,Thursday,28,0.1764326523142623,92167.613,88812.75177777778,80902.71415,131206.67,72746.33
2025-07-11,92505.99,3356.0,85.73,2025,7,3,11,Friday,28,1.1946097942381995,92215.75799999999,88932.89477777776,81009.12145,131206.67,72746.33
2025-07-14,92475.15,3351.5,85.82,2025,7,3,14,Monday,29,-0.033338381655079186,92289.54733333334,89052.08944444444,81114.2658,131206.67,72746.33
2025-07-15,92033.88,3329.8,85.97,2025,7,3,15,Tuesday,29,-0.4771768415622879,92267.99966666667,89169.39044444443,81215.52385,131206.67,72746.33
2025-07-16,92687.92,3352.5,85.99,2025,7,3,16,Wednesday,29,0.710651338398427,92292.71733333333,89295.1671111111,81323.5232,131206.67,72746.33
2025-07-17,92229.22,3340.1,85.89,2025,7,3,17,Thursday,29,-0.49488649653589567,92268.35266666666,89420.67922222221,81429.91050000001,131206.67,72746.33
2025-07-18,92759.31,3353.0,86.05,2025,7,3,18,Friday,29,0.5747527735787017,92275.58366666666,89542.342,81534.2739,131206.67,72746.33
2025-07-21,94223.77,3401.9,86.15,2025,7,3,21,Monday,30,1.5787741413773038,92358.358,89673.72799999999,81648.49105000001,131206.67,72746.33
2025-07-22,95308.52,3439.2,86.2,2025,7,3,22,Tuesday,30,1.1512487772459057,92471.932,89801.58888888889,81766.58075000001,131206.67,72746.33
2025-07-23,94219.65,3394.1,86.34,2025,7,3,23,Wednesday,30,-1.1424686901024272,92560.55033333333,89918.64566666666,81880.3686,131206.67,72746.33
2025-07-24,93638.98,3371.0,86.4,2025,7,3,24,Thursday,30,-0.6162939471755613,92633.11833333333,90027.36155555556,81991.3099,131206.67,72746.33
2025-07-25,92645.08,3334.0,86.43,2025,7,3,25,Friday,30,-1.0614169440974153,92624.47799999999,90114.37800000001,82101.5748,131206.67,72746.33
2025-07-28,92033.81,3309.1,86.51,2025,7,3,28,Monday,31,-0.6597975845020643,92541.35033333332,90198.04477777777,82210.20555,131206.67,72746.33
2025-07-29,92721.62,3323.4,86.78,2025,7,3,29,Tuesday,31,0.7473449159607792,92492.69466666666,90290.68144444445,82320.18955,131206.67,72746.33
2025-07-30,92254.22,3295.8,87.06,2025,7,3,30,Wednesday,31,-0.5040895532239298,92442.77966666667,90384.85911111112,82422.82755,131206.67,72746.33
2025-07-31,92871.13,3293.2,87.71,2025,7,3,31,Thursday,31,0.6687065372185774,92401.08466666666,90491.22188888889,82528.92640000001,131206.67,72746.33
2025-08-01,94165.69,3347.7,87.49,2025,8,3,1,Friday,31,1.3939315694769805,92414.64533333333,90613.62633333333,82640.17045,131206.67,72746.33
2025-08-04,94651.9,3374.4,87.25,2025,8,3,4,Monday,32,0.51633455879736,92435.632,90741.65944444445,82752.11005,131206.67,72746.33
2025-08-05,95566.85,3381.9,87.89,2025,8,3,5,Tuesday,32,0.9666472622314126,92555.41500000001,90862.32188888888,82866.4004,131206.67,72746.33
2025-08-06,95328.2,3380.0,87.72,2025,8,3,6,Wednesday,32,-0.24972048361958654,92669.98099999999,90976.65966666667,82976.36755,131206.67,72746.33
2025-08-07,95943.81,3400.3,87.76,2025,8,3,7,Thursday,32,0.6457795279885659,92795.55633333333,91088.46644444444,83088.07740000001,131206.67,72746.33
2025-08-08,96674.5,3439.1,87.43,2025,8,3,8,Friday,32,0.7615811796508831,93012.525,91210.37155555555,83200.568,131206.67,72746.33
2025-08-11,94316.4,3353.1,87.49,2025,8,3,11,Monday,33,-2.439216132485822,93139.339,91298.07111111112,83305.2498,131206.67,72746.33
2025-08-12,94387.97,3348.9,87.66,2025,8,3,12,Tuesday,33,0.07588287932958071,93220.54899999998,91399.2311111111,83407.59065,131206.67,72746.33
2025-08-13,94589.78,3358.7,87.6,2025,8,3,13,Wednesday,33,0.2138090267223669,93300.66033333333,91532.60388888889,83510.0671,131206.67,72746.33
2025-08-14,93771.83,3335.2,87.45,2025,8,3,14,Thursday,33,-0.8647340124905645,93366.72733333333,91672.78311111112,83608.0944,131206.67,72746.33
2025-08-15,94053.68,3336.0,87.69,2025,8,3,15,Friday,33,0.30057001127097305,93454.75566666666,91805.59177777778,83704.0799,131206.67,72746.33
2025-08-18,93740.7,3331.7,87.51,2025,8,3,18,Monday,34,-0.332767415373858,93526.29766666667,91903.39033333333,83795.8435,131206.67,72746.33
2025-08-19,92993.9,3313.4,87.3,2025,8,3,19,Tuesday,34,-0.7966656959037088,93582.012,91964.96255555555,83890.65980000001,131206.67,72746.33
2025-08-20,93603.7,3343.4,87.08,2025,8,3,20,Wednesday,34,0.6557419357613892,93660.37033333333,92012.08844444444,83988.474,131206.67,72746.33
2025-08-21,93356.39,3336.9,87.02,2025,8,3,21,Thursday,34,-0.2642096412855399,93725.11833333333,92062.59977777778,84085.20445,131206.67,72746.33
2025-08-22,94704.09,3374.4,87.29,2025,8,3,22,Friday,34,1.4436076630640837,93798.38833333334,92125.50966666666,84188.0221,131206.67,72746.33
2025-08-25,94727.06,3373.8,87.33,2025,8,3,25,Monday,35,0.024254496294728867,93873.452,92159.28888888888,84300.94455,131206.67,72746.33
2025-08-26,95446.01,3388.6,87.61,2025,8,3,26,Tuesday,35,0.7589700345392192,93987.18966666666,92207.79344444444,84412.71185,131206.67,72746.33
2025-08-27,95888.04,3404.6,87.6,2025,8,3,27,Wednesday,35,0.46312045940946067,94093.86033333333,92231.38788888889,84527.92705,131206.67,72746.33
2025-08-28,96718.54,3431.8,87.66,2025,8,3,28,Thursday,35,0.866114272436902,94243.50433333335,92271.46955555557,84657.31425000001,131206.67,72746.33
2025-08-29,97824.13,3473.7,87.59,2025,8,3,29,Friday,35,1.1431003817882424,94412.33166666668,92360.84988888889,84793.6918,131206.67,72746.33
2025-09-02,100423.48,3549.4,88.0,2025,9,3,2,Tuesday,36,2.6571664884727175,94618.98866666667,92458.96855555555,84945.67594999999,131206.67,72746.33
2025-09-03,101659.13,3593.2,88.0,2025,9,3,3,Wednesday,36,1.2304393355020204,94830.67566666666,92588.81077777778,85105.43344999998,131206.67,72746.33
2025-09-04,100969.57,3565.8,88.07,2025,9,3,4,Thursday,36,-0.6783060213086611,95055.67300000001,92694.21344444444,85261.87289999999,131206.67,72746.33
2025-09-05,102451.04,3613.2,88.19,2025,9,3,5,Friday,36,1.467244041942517,95349.40833333331,92822.91844444444,85419.60695,131206.67,72746.33
2025-09-08,103149.35,3638.1,88.19,2025,9,3,8,Monday,37,0.6816036225693933,95699.55066666666,92963.45666666667,85578.92549999998,131206.67,72746.33
2025-09-09,103055.72,3643.3,87.98,2025,9,3,9,Tuesday,37,-0.09077129424470698,96066.94766666667,93139.19333333334,85734.91700000002,131206.67,72746.33
2025-09-10,103342.78,3643.6,88.22,2025,9,3,10,Wednesday,37,0.2785483425859381,96420.98633333333,93309.59555555556,85889.1635,131206.67,72746.33
2025-09-11,102959.92,3636.9,88.05,2025,9,3,11,Thursday,37,-0.37047580875994024,96777.84299999998,93453.736,86035.90995000002,131206.67,72746.33
2025-09-12,103565.12,3649.4,88.27,2025,9,3,12,Friday,37,0.5878015445233364,97134.30933333332,93578.09833333333,86198.54704999998,131206.67,72746.33
2025-09-15,104507.42,3682.2,88.28,2025,9,3,15,Monday,38,0.9098623165791686,97479.03366666666,93715.04233333335,86365.66695,131206.67,72746.33
2025-09-16,104515.17,3688.9,88.12,2025,9,3,16,Tuesday,38,0.007415741389471542,97807.80933333332,93877.47622222222,86530.33005,131206.67,72746.33
2025-09-17,104031.22,3681.8,87.88,2025,9,3,17,Wednesday,38,-0.4630428290936073,98089.955,94007.70433333334,86689.68904999999,131206.67,72746.33
2025-09-18,102985.26,3643.7,87.91,2025,9,3,18,Thursday,38,-1.0054289471948974,98345.19033333333,94169.54922222222,86846.45754999999,131206.67,72746.33
2025-09-19,104120.64,3671.5,88.21,2025,9,3,19,Friday,38,1.102468450339411,98617.75133333333,94342.9391111111,87006.80514999999,131206.67,72746.33
2025-09-22,105953.56,3740.7,88.1,2025,9,3,22,Monday,39,1.7603810349225757,98927.05333333333,94553.49711111111,87175.30815000001,131206.67,72746.33
2025-09-23,107333.13,3780.6,88.3,2025,9,3,23,Tuesday,39,1.3020515780687303,99360.94433333332,94762.52566666665,87354.3108,131206.67,72746.33
2025-09-24,106560.46,3732.1,88.81,2025,9,3,24,Wednesday,39,-0.7198802457358711,99766.69399999999,94975.2728888889,87527.91450000001,131206.67,72746.33
2025-09-25,106662.19,3736.9,88.78,2025,9,3,25,Thursday,39,0.09546693022908226,100169.10766666666,95174.19599999998,87698.52285000001,131206.67,72746.33
2025-09-26,107751.57,3775.3,88.77,2025,9,3,26,Friday,39,1.0213366142210356,100635.099,95371.02622222222,87869.34125,131206.67,72746.33
2025-09-29,108934.75,3820.9,88.68,2025,9,3,29,Monday,40,1.0980628866938957,101131.13466666666,95570.21988888888,88041.02075,131206.67,72746.33
2025-09-30,109536.3,3840.8,88.7,2025,9,3,30,Tuesday,40,0.5522113008016305,101657.65466666665,95780.53688888889,88222.09805,131206.67,72746.33
2025-10-01,110467.12,3867.5,88.84,2025,10,4,1,Wednesday,40,0.8497822183148429,102240.09533333333,95974.89244444444,88412.20285,131206.67,72746.33
2025-10-02,109478.39,3839.7,88.68,2025,10,4,2,Thursday,40,-0.8950446069382445,102769.25166666668,96187.6968888889,88598.1499,131206.67,72746.33
2025-10-03,110696.66,3880.8,88.72,2025,10,4,3,Friday,40,1.1127949543284332,103347.26066666665,96413.33066666666,88790.65245000001,131206.67,72746.33
2025-10-06,112646.66,3948.5,88.74,2025,10,4,6,Monday,41,1.7615707646463807,103945.34633333333,96653.16422222223,88993.99145000002,131206.67,72746.33
2025-10-07,113430.43,3976.6,88.72,2025,10,4,7,Tuesday,41,0.6957773981048243,104568.792,96910.59711111111,89206.25430000002,131206.67,72746.33
2025-10-08,115360.96,4043.3,88.74,2025,10,4,8,Wednesday,41,1.7019507022939306,105232.62366666667,97162.60433333332,89422.69135,131206.67,72746.33
2025-10-09,112637.31,3946.3,88.78,2025,10,4,9,Thursday,41,-2.360980699189752,105790.93266666666,97392.50344444445,89629.16270000002,131206.67,72746.33
2025-10-10,113594.92,3975.9,88.87,2025,10,4,10,Friday,41,0.8501712265678307,106353.47866666666,97621.77855555556,89838.72244999999,131206.67,72746.33
2025-10-13,117243.48,4108.6,88.76,2025,10,4,13,Monday,42,3.21190419430728,107000.79033333334,97896.23522222223,90062.6191,131206.67,72746.33
2025-10-14,117979.73,4138.7,88.67,2025,10,4,14,Tuesday,42,0.6279666894909663,107585.99866666667,98187.7817777778,90293.80435,131206.67,72746.33
2025-10-15,119226.33,4176.9,88.78,2025,10,4,15,Wednesday,42,1.0566221841667334,108171.572,98491.39322222224,90532.21989999998,131206.67,72746.33
2025-10-16,120836.0,4280.2,87.81,2025,10,4,16,Thursday,42,1.350096073577034,108833.78633333332,98816.6698888889,90773.81994999999,131206.67,72746.33
2025-10-17,118530.78,4189.9,87.99,2025,10,4,17,Friday,42,-1.9077261743189133,109369.77766666668,99117.43477777779,90999.80195000001,131206.67,72746.33
2025-10-20,122691.39,4336.4,88.0,2025,10,4,20,Monday,43,3.5101515403846983,110021.179,99448.40255555556,91248.42605000001,131206.67,72746.33
2025-10-21,115494.1,4087.7,87.88,2025,10,4,21,Tuesday,43,-5.866173657336504,110435.79166666667,99681.36322222222,91462.1649,131206.67,72746.33
2025-10-22,114428.82,4044.4,88.0,2025,10,4,22,Wednesday,43,-0.9223674629266765,110805.32633333333,99906.33577777779,91668.3889,131206.67,72746.33
2025-10-23,116376.81,4125.5,87.74,2025,10,4,23,Thursday,43,1.7023595978705286,111252.55600000001,100157.72622222222,91882.73965,131206.67,72746.33
2025-10-24,116227.76,4118.4,87.78,2025,10,4,24,Friday,43,-0.12807534422021316,111674.64400000001,100403.346,92093.24725,131206.67,72746.33
2025-10-27,113004.28,4001.9,87.83,2025,10,4,27,Monday,44,-2.7734166089065093,111957.87266666668,100617.1838888889,92284.17199999999,131206.67,72746.33
2025-10-28,112497.46,3966.2,88.22,2025,10,4,28,Tuesday,44,-0.44849628704327626,112223.94900000001,100822.46344444444,92476.245,131206.67,72746.33
2025-10-29,112998.19,3983.7,88.23,2025,10,4,29,Wednesday,44,0.44510338277858885,112522.848,101056.07266666667,92668.27635000001,131206.67,72746.33
2025-10-30,113651.92,4001.3,88.35,2025,10,4,30,Thursday,44,0.5785313906355505,112878.40333333334,101297.85822222222,92859.2034,131206.67,72746.33
2025-10-31,113479.29,3982.2,88.63,2025,10,4,31,Friday,44,-0.15189360637286597,113190.35833333334,101534.55533333334,93045.01245,131206.67,72746.33
2025-11-03,114176.29,4000.3,88.78,2025,11,4,3,Monday,45,0.6142089891468361,113464.44933333334,101801.34255555556,93233.82574999999,131206.67,72746.33
2025-11-04,112608.98,3947.7,88.72,2025,11,4,4,Tuesday,45,-1.3727105688930652,113640.311,102046.86477777778,93415.06219999999,131206.67,72746.33
2025-11-05,113549.92,3980.3,88.73,2025,11,4,5,Wednesday,45,0.835581673859398,113873.293,102286.84533333332,93598.18585000001,131206.67,72746.33
2025-11-06,113314.45,3979.9,88.56,2025,11,4,6,Thursday,45,-0.20737134821406933,114095.03499999999,102521.601,93780.6651,131206.67,72746.33
2025-11-07,114018.93,3999.4,88.67,2025,11,4,7,Friday,45,0.621703586788791,114303.947,102768.5911111111,93964.83795,131206.67,72746.33
2025-11-10,117203.51,4111.8,88.66,2025,11,4,10,Monday,46,2.7930274385139287,114579.57233333333,103055.1542222222,94171.50795,131206.67,72746.33
2025-11-11,117125.82,4106.8,88.71,2025,11,4,11,Tuesday,46,-0.06628641070560715,114832.55633333333,103338.83622222222,94372.54884999999,131206.67,72746.33
2025-11-12,119584.14,4204.4,88.47,2025,11,4,12,Wednesday,46,2.0988711114253045,115136.457,103652.85477777777,94585.0444,131206.67,72746.33
2025-11-13,119258.03,4186.9,88.59,2025,11,4,13,Thursday,46,-0.27270338692070295,115462.445,103964.02233333333,94788.15305,131206.67,72746.33
2025-11-14,116721.5,4087.6,88.82,2025,11,4,14,Friday,46,-2.1269259604573376,115663.27300000002,104245.21733333333,94980.0125,131206.67,72746.33
2025-11-17,115994.98,4068.3,88.68,2025,11,4,17,Monday,47,-0.6224388822967497,115774.88366666668,104506.20611111113,95165.6823,131206.67,72746.33
2025-11-18,115735.2,4061.3,88.64,2025,11,4,18,Tuesday,47,-0.22395796783619693,115851.70933333333,104764.6511111111,95345.56779999999,131206.67,72746.33
2025-11-19,116098.85,4077.7,88.56,2025,11,4,19,Wednesday,47,0.31420864179609875,115876.30566666667,105032.03966666665,95523.85200000001,131206.67,72746.33
2025-11-20,115404.48,4056.5,88.49,2025,11,4,20,Thursday,47,-0.5980851662182762,115968.54466666667,105284.44588888888,95699.9128,131206.67,72746.33
2025-11-21,116247.85,4076.7,88.69,2025,11,4,21,Friday,47,0.7307948530247854,116056.97566666667,105551.31955555556,95877.43229999999,131206.67,72746.33
2025-11-24,117920.29,4091.9,89.63,2025,11,4,24,Monday,48,1.4386846724476987,116079.53600000001,105830.886,96057.04865,131206.67,72746.33
2025-11-25,118636.35,4139.2,89.15,2025,11,4,25,Tuesday,48,0.6072407047167383,116101.42333333334,106102.1368888889,96240.60625,131206.67,72746.33
2025-11-26,119385.3,4165.2,89.15,2025,11,4,26,Wednesday,48,0.6312989231378019,116106.72233333332,106369.65666666668,96431.57555,131206.67,72746.33
2025-11-28,121197.78,4218.3,89.36,2025,11,4,28,Friday,48,1.5181768609703106,116118.78166666666,106669.41366666667,96628.95345,131206.67,72746.33
2025-12-01,121780.97,4239.3,89.35,2025,12,4,1,Monday,49,0.4811886818388844,116227.12133333334,106982.10244444445,96835.71045,131206.67,72746.33
2025-12-02,120620.68,4186.6,89.61,2025,12,4,2,Tuesday,49,-0.9527679078266571,116158.09766666667,107292.94244444444,97029.4973,131206.67,72746.33
2025-12-03,121397.68,4199.3,89.92,2025,12,4,3,Wednesday,49,0.6441681476178074,116354.88366666666,107619.20766666665,97228.72055,131206.67,72746.33
2025-12-04,122102.05,4211.8,90.17,2025,12,4,4,Thursday,49,0.5802170189743494,116610.65800000001,107945.6568888889,97428.65635,131206.67,72746.33
2025-12-05,121681.41,4212.9,89.84,2025,12,4,5,Friday,49,-0.3444987205374561,116787.47799999999,108272.62566666664,97628.81505,131206.67,72746.33
2025-12-08,121075.9,4187.2,89.94,2025,12,4,8,Monday,50,-0.4976191515203565,116949.08266666667,108586.012,97824.1442,131206.67,72746.33
2025-12-09,121899.43,4206.7,90.13,2025,12,4,9,Tuesday,50,0.6801766495231565,117245.58766666666,108894.16466666665,98028.87759999999,131206.67,72746.33
2025-12-10,121313.44,4196.4,89.92,2025,12,4,10,Wednesday,50,-0.480715947564303,117539.45366666667,109190.40400000001,98227.1331,131206.67,72746.33
2025-12-11,123718.52,4285.5,89.79,2025,12,4,11,Thursday,50,1.9825338396141534,117896.798,109503.20033333333,98441.74215,131206.67,72746.33
2025-12-12,124775.97,4300.1,90.25,2025,12,4,12,Friday,50,0.8547224780897755,118267.59966666668,109830.39777777779,98667.38829999998,131206.67,72746.33
2025-12-15,125416.11,4306.7,90.58,2025,12,4,15,Monday,51,0.5130314755317,118665.49366666666,110157.86777777778,98888.1023,131206.67,72746.33
2025-12-16,125628.68,4304.5,90.78,2025,12,4,16,Tuesday,51,0.16949178219607397,119047.24,110479.58088888889,99107.7801,131206.67,72746.33
2025-12-17,127124.06,4347.5,90.95,2025,12,4,17,Wednesday,51,1.190317370205607,119531.07600000002,110844.11044444444,99334.66225,131206.67,72746.33
2025-12-18,126143.44,4339.5,90.41,2025,12,4,18,Thursday,51,-0.7713882014152129,119950.86000000002,111196.94900000001,99557.9955,131206.67,72746.33
2025-12-19,126558.63,4361.4,90.26,2025,12,4,19,Friday,51,0.32914117452322866,120392.33266666667,111552.15844444445,99783.94855,131206.67,72746.33
2025-12-22,127992.94,4444.6,89.57,2025,12,4,22,Monday,52,1.1333166296126906,120858.13299999999,111932.39300000001,100019.2476,131206.67,72746.33
2025-12-23,129141.84,4482.8,89.6,2025,12,4,23,Tuesday,52,0.897627634774234,121256.07733333333,112322.26144444443,100255.90850000002,131206.67,72746.33
2025-12-24,128940.18,4480.6,89.51,2025,12,4,24,Wednesday,52,-0.15615388475184178,121649.88933333334,112713.36677777777,100488.61425000001,131206.67,72746.33
2025-12-26,131206.67,4529.1,90.11,2025,12,4,26,Friday,52,1.7577841135323569,122037.307,113137.9531111111,100725.6424,131206.67,72746.33
2025-12-29,124912.22,4325.1,89.83,2025,12,4,29,Monday,1,-4.797355195433283,122225.78,113485.82555555557,100931.78080000001,131206.67,72746.33
2025-12-30,126311.19,4370.1,89.9,2025,12,4,30,Tuesday,1,1.1199624824536736,122545.43633333333,113851.98999999999,101144.064,131206.67,72746.33
2025-12-31,124843.36,4325.6,89.77,2025,12,4,31,Wednesday,1,-1.1620743973673298,122840.38233333333,114186.87077777777,101344.2128,131206.67,72746.33
2026-01-02,124787.12,4314.4,89.96,2026,1,1,2,Friday,1,-0.04504845111507061,123142.113,114520.87144444443,101545.62939999999,157380.94,124787.12
2026-01-05,128394.57,4436.9,90.01,2026,1,1,5,Monday,2,2.89088328987801,123551.97033333333,114886.96655555555,101765.68065,157380.94,124787.12
2026-01-06,130031.15,4482.2,90.23,2026,1,1,6,Tuesday,2,1.2746489201217681,124039.526,115266.33444444444,101996.94524999999,157380.94,124787.12
2026-01-07,128980.99,4449.3,90.17,2026,1,1,7,Wednesday,2,-0.807621865991337,124463.96399999999,115624.8061111111,102225.3578,157380.94,124787.12
2026-01-08,128560.98,4449.7,89.86,2026,1,1,8,Thursday,2,-0.32563713458859667,124818.65366666667,115966.32666666668,102452.41625,157380.94,124787.12
2026-01-09,129793.18,4490.3,89.91,2026,1,1,9,Friday,2,0.9584556682750822,125190.548,116292.65666666666,102685.73755,157380.94,124787.12
2026-01-12,133577.76,4604.3,90.24,2026,1,1,12,Monday,3,2.9158542844855306,125663.62999999999,116647.3081111111,102930.09019999999,157380.94,124787.12
2026-01-13,132987.28,4589.2,90.13,2026,1,1,13,Tuesday,3,-0.44204963460984237,126056.61333333334,117003.06044444446,103169.8376,157380.94,124787.12
2026-01-14,134271.05,4626.3,90.27,2026,1,1,14,Wednesday,3,0.9653329250737253,126472.94933333334,117356.6161111111,103411.78685,157380.94,124787.12
2026-01-15,133847.53,4616.3,90.18,2026,1,1,15,Thursday,3,-0.31542167876097427,126913.84433333333,117697.70700000001,103652.50930000002,157380.94,124787.12
2026-01-16,133301.77,4588.4,90.36,2026,1,1,16,Friday,3,-0.40774753183716594,127310.64733333333,118033.77422222222,103886.90095000001,157380.94,124787.12
2026-01-20,139106.24,4759.6,90.9,2026,1,1,20,Tuesday,4,4.354383291384645,127877.45366666667,118431.14600000001,104156.0143,157380.94,124787.12
2026-01-21,141548.66,4831.8,91.12,2026,1,1,21,Wednesday,4,1.7557947076996872,128539.69533333335,118859.9097777778,104450.82645,157380.94,124787.12
2026-01-22,144464.88,4908.8,91.54,2026,1,1,22,Thursday,4,2.060224377963027,129319.32800000001,119314.35155555554,104767.37234999999,157380.94,124787.12
2026-01-23,146482.68,4976.2,91.56,2026,1,1,23,Friday,4,1.3967408549399707,130138.76966666666,119780.74333333332,105089.28125,157380.94,124787.12
2026-01-26,149435.8,5079.7,91.5,2026,1,1,26,Monday,5,2.0160199144362956,131076.18166666667,120279.86144444444,105411.7661,157380.94,124787.12
2026-01-27,149788.08,5079.9,91.71,2026,1,1,27,Tuesday,5,0.2357400301667978,131945.16700000002,120788.27100000001,105723.44450000001,157380.94,124787.12
2026-01-28,156020.47,5301.6,91.53,2026,1,1,28,Wednesday,5,4.160805052044214,132986.65033333332,121377.55111111113,106056.735,157380.94,124787.12
2026-01-29,157380.94,5318.4,92.04,2026,1,1,29,Thursday,5,0.8719817341916736,134052.14466666666,121969.33222222222,106399.58785,157380.94,124787.12
2026-01-30,139100.32,4713.9,91.78,2026,1,1,30,Friday,5,-11.61552345538157,134501.19933333332,122337.62955555556,106649.87845,157380.94,124787.12
2026-02-02,136262.2,4622.5,91.69,2026,2,1,2,Monday,6,-2.0403403816756094,134805.80399999997,122659.06366666667,106872.75480000001,157380.94,124787.12
2026-02-03,142278.96,4903.7,90.25,2026,2,1,3,Tuesday,6,4.4155752659211345,135343.65466666667,123055.9358888889,107128.7466,157380.94,124787.12
2026-02-04,143043.97,4920.4,90.42,2026,2,1,4,Wednesday,6,0.5376831542766469,135893.166,123460.17788888888,107375.14375,157380.94,124787.12
2026-02-05,140863.14,4861.4,90.12,2026,2,1,5,Thursday,6,-1.5245871601578087,136322.17266666668,123828.08422222223,107613.9035,157380.94,124787.12
2026-02-06,143767.31,4951.2,90.31,2026,2,1,6,Friday,6,2.0616961967481195,136809.68833333335,124215.11266666667,107883.84055,157380.94,124787.12
2026-02-09,147105.92,5050.9,90.59,2026,2,1,9,Monday,7,2.3222316672684595,137415.21300000002,124632.55288888888,108161.40615,157380.94,124787.12
2026-02-10,146111.89,5003.8,90.82,2026,2,1,10,Tuesday,7,-0.6757239953361527,137912.05366666667,125028.60588888888,108442.09895,157380.94,124787.12
2026-02-11,147708.65,5071.6,90.59,2026,2,1,11,Wednesday,7,1.0928337180498904,138671.93466666667,125453.38655555554,108723.22555,157380.94,124787.12
2026-02-12,143635.09,4923.7,90.74,2026,2,1,12,Thursday,7,-2.7578344260813403,139249.398,125819.3691111111,108987.06305,157380.94,124787.12
2026-02-13,146225.64,5022.0,90.56,2026,2,1,13,Friday,7,1.803563460711466,139962.14066666664,126192.46888888888,109265.6867,157380.94,124787.12
2026-02-17,142519.1,4882.9,90.78,2026,2,1,17,Tuesday,8,-2.5348085328947834,140553.20666666667,126515.67633333332,109542.0851,157380.94,124787.12
2026-02-18,145291.54,4986.5,90.63,2026,2,1,18,Wednesday,8,1.9453111898685815,141116.43899999998,126848.23833333334,109828.5099,157380.94,124787.12
2026-02-19,145250.34,4975.9,90.79,2026,2,1,19,Thursday,8,-0.028356778378157976,141623.74533333335,127210.60533333334,110104.82520000002,157380.94,124787.12
2026-02-20,148087.58,5059.3,91.04,2026,2,1,20,Friday,8,1.9533448252169183,142260.63166666668,127593.85711111112,110383.40054999999,157380.94,124787.12
2026-02-23,151817.24,5204.7,90.73,2026,2,1,23,Monday,9,2.518550171459344,143035.84033333333,127978.01000000001,110681.57444999999,157380.94,124787.12
2026-02-24,150877.37,5155.8,91.02,2026,2,1,24,Tuesday,9,-0.6190798884237347,143738.64666666664,128343.53933333332,110986.4807,157380.94,124787.12
2026-02-25,152187.2,5206.4,90.92,2026,2,1,25,Wednesday,9,0.8681421209820961,144358.96133333334,128709.7712222222,111285.86325,157380.94,124787.12
2026-02-26,151368.12,5176.5,90.95,2026,2,1,26,Thursday,9,-0.5382055783929363,144971.656,129049.01699999999,111600.60775000001,157380.94,124787.12
2026-02-27,153042.01,5230.5,91.01,2026,2,1,27,Friday,9,1.1058405164839247,145597.35466666665,129432.47511111111,111923.24005000001,157380.94,124787.12
2026-03-02,155034.58,5294.4,91.08,2026,3,1,2,Monday,10,1.3019758431034534,146303.58966666664,129791.84388888888,112263.39625,157380.94,124787.12
2026-03-03,150353.14,5107.4,91.56,2026,3,1,3,Tuesday,10,-3.019610205671519,146871.96866666668,130179.16655555555,112572.55914999999,157380.94,124787.12
2026-03-04,151462.84,5120.2,92.01,2026,3,1,4,Wednesday,10,0.7380624042836681,147283.85533333334,130590.65566666666,112892.8073,157380.94,124787.12
2026-03-05,150025.12,5065.3,92.12,2026,3,1,5,Thursday,10,-0.9492229249101647,147566.404,130964.52577777779,113199.13735000002,157380.94,124787.12
2026-03-06,151862.2,5146.1,91.79,2026,3,1,6,Friday,10,1.2245149345656348,147812.98133333333,131360.464,113508.2641,157380.94,124787.12
2026-03-09,150495.34,5091.5,91.94,2026,3,1,9,Monday,11,-0.9000659808695133,147946.7366666667,131777.03133333335,113805.7042,157380.94,124787.12
2026-03-10,154564.29,5240.0,91.75,2026,3,1,10,Tuesday,11,2.703704978506316,148117.68633333335,132244.44055555557,114125.4868,157380.94,124787.12
